id,url,description,title,overview,items,amenities
1744850266390311061,https://fr.airbnb.com/rooms/1744850266390311061,"Juste sur le boulevard. À deux minutes de la mosquée Hassan-II. À cinq minutes de l'océan Atlantique. Ce tout nouveau studio vous plonge dans la vie quotidienne d'un véritable quartier marocain : marchés, cafés, boulangeries et l'appel à la prière comme réveil matinal. Cuisine entièrement équipée, lave-linge, cabine de douche, télévision connectée et connexion Wi-Fi rapide. Le Casablanca authentique. Le confort véritable.",Studio cosy | Hassan-II et océan | Casablanca,"Logement entier : appartement - Casablanca, Maroc","['3 voyageurs', '1 chambre', '2 lits', '1\xa0salle de bain']","[{'Salle de bain': ['Produits de nettoyage', 'Shampoing', 'Savon pour le corps', 'Eau chaude', 'Gel douche']}, {'Chambre et linge': ['Lave-linge', 'Produits de base', 'Oreillers et couvertures supplémentaires', 'Stores ou rideaux occultants', 'Espace de rangement pour les vêtements']}, {'Divertissement': ['Télévision']}, {'Sécurité à la maison': ['Détecteur de fumée', 'Détecteur de monoxyde de carbone', 'Extincteur', 'Trousse de premiers secours']}, {'Internet et bureau': ['Wifi', 'Espace de travail dédié']}, {'Cuisine et salle à manger': ['Cuisine', 'Réfrigérateur', 'Four à micro-ondes', 'Tout le nécessaire pour cuisiner', 'Vaisselle et couverts', 'Congélateur', 'Cuisinière électrique Other', 'Plaques de cuisson', 'Table à manger']}, {""Caractéristiques de l'emplacement"": [""Au bord de l'eau"", 'Accès à la plage', 'Entrée privée', 'Laverie automatique à proximité']}, {'Parking et installations': ['Stationnement gratuit sur place', 'Stationnement gratuit dans la rue', 'Ascenseur', 'Stationnement payant sur place']}, {'Services': ['Dépôt de bagages autorisé', 'Séjours longue durée autorisés', 'Service de ménage\xa0: disponible moyennant un supplément']}]"
id,url,title,description,overview,items,amenities
1395077518086072695,https://fr.airbnb.com/rooms/1395077518086072695,Studio raffiné avec vue sur mer,"Évasion Océane – Studio Spacieux & Élégant avec Vue Mer 🌊<br />Ce grand studio lumineux offre une vue panoramique sur l’océan et le jardin depuis son balcon privé<br />Conçu pour le confort et la détente : literie haut de gamme, fibre optique ultra-rapide, Smart TV Netflix et déco raffinée<br />Savourez votre café au soleil avec la brise marine, puis admirez le coucher du soleil sur la mer.<br />À deux pas des restaurants, cafés, et de la corniche de Dar Bouazza<br />Réservez dès maintenant pour une parenthèse paisible","Logement entier : appartement - Tamaris, Maroc","['4 voyageurs', '1 chambre', '2 lits', '1\xa0salle de bain']","[{'Vues panoramiques': [""Vue sur l'océan"", 'Vue sur la mer', 'Vue sur le jardin', 'Vue sur la plage']}, {'Salle de bain': ['Eau chaude']}, {'Chambre et linge': ['Lave-linge', 'Sèche-linge (Gratuit) dans le logement', 'Produits de base', 'Cintres', 'Linge de lit', 'Étendoir à linge', 'Espace de rangement pour les vêtements\xa0: placard']}, {'Divertissement': ['TV HD avec Netflix', 'Console de jeu']}, {'Chauffage et climatisation': ['Climatisation', 'Chauffage']}, {'Internet et bureau': ['Wifi', 'Espace de travail dédié']}, {'Cuisine et salle à manger': ['Cuisine', 'Tout le nécessaire pour cuisiner', 'Vaisselle et couverts']}, {""Caractéristiques de l'emplacement"": [""Au bord de l'eau"", 'Accès à la plage']}, {'Extérieur': ['Privé\xa0: patio ou balcon']}, {'Parking et installations': ['Stationnement gratuit sur place', 'Stationnement gratuit dans la rue']}, {'Services': ['Animaux acceptés', 'Séjours longue durée autorisés', 'Arrivée autonome', 'Serrure connectée', 'Ménage disponible pendant le séjour']}]"
id,url,title,description,overview,items,amenities
1658884635357288084,https://fr.airbnb.com/rooms/1658884635357288084,Le Raffiné,"Charmant studio au cœur de la ville<br /><br />Bienvenue dans ce studio moderne et lumineux, idéalement situé pour découvrir tout ce que la ville a à offrir. Parfait pour les voyageurs en solo, les couples ou les professionnels en déplacement, ce studio combine confort et fonctionnalité dans un espace bien agencé.","Logement entier : appartement - Casablanca, Maroc","['2 voyageurs', '1 chambre', '1 lit', '1\xa0salle de bain']","[{'Salle de bain': ['Produits de nettoyage', 'Shampoing', 'Savon pour le corps', 'Eau chaude', 'Gel douche']}, {'Chambre et linge': ['Lave-linge', 'Produits de base', 'Linge de lit', 'Espace de rangement pour les vêtements']}, {'Divertissement': ['Télévision', 'Appareils de fitness', 'Livres et de quoi lire']}, {'Chauffage et climatisation': ['Climatisation', 'Chauffage central']}, {'Internet et bureau': ['Wifi', 'Espace de travail dédié']}, {'Cuisine et salle à manger': ['Cuisine', 'Réfrigérateur', 'Four à micro-ondes', 'Tout le nécessaire pour cuisiner', 'Vaisselle et couverts', 'Congélateur', 'Cuisinière électrique Other', 'Four', 'Bouilloire électrique']}, {""Caractéristiques de l'emplacement"": ['Laverie automatique à proximité']}, {'Parking et installations': ['Stationnement gratuit sur place', 'Stationnement gratuit dans la rue', 'Salle de sport']}, {'Services': ['Séjours longue durée autorisés', 'Arrivée autonome', 'Boîte à clé sécurisée']}]"
id,url,description,title,overview,items,amenities
1607483813629119053,https://fr.airbnb.com/rooms/1607483813629119053,"Offrez-vous un séjour d’exception dans ce studio de standing chic et paisible, situé dans une résidence moderne et sécurisée près du parc de l’Hermitage.<br />Lumineux, sans vis-à-vis et au design cocooning, il dispose d'une place de parking privative. <br />À deux pas du tram, commerces et restaurants. Un emplacement pratique pour découvrir la ville, pour un séjours business ou simplement détente.",Studio cocooning avec parking privatif,"Logement entier : appartement - Casablanca, Maroc","['3 voyageurs', '1 chambre', '2 lits', '1\xa0salle de bain']","[{'Salle de bain': ['Sèche-cheveux', 'Bidet', 'Eau chaude', 'Gel douche']}, {'Chambre et linge': ['Lave-linge', 'Cintres', 'Linge de lit', 'Oreillers et couvertures supplémentaires', 'Fer à repasser', 'Espace de rangement pour les vêtements']}, {'Divertissement': ['Télévision']}, {'Chauffage et climatisation': ['Climatisation', 'Chauffage central']}, {'Sécurité à la maison': ['Caméras de surveillance extérieures présentes sur place']}, {'Internet et bureau': ['Wifi']}, {'Cuisine et salle à manger': ['Cuisine', 'Congélateur', 'Four', 'Bouilloire électrique', 'Cafetière\xa0: Nespresso', 'Verres à vin', 'Blender', 'Table à manger']}, {'Extérieur': ['Privé\xa0: patio ou balcon']}, {'Parking et installations': ['Stationnement gratuit sur place', 'Stationnement gratuit dans la rue', 'Ascenseur']}, {'Services': ['Séjours longue durée autorisés', 'Arrivée autonome', 'Serrure connectée']}]"
id,url,title,description,overview,items,amenities
1687110965467757701,https://fr.airbnb.com/rooms/1687110965467757701,Résidence de luxe • Appartement lumineux avec balcon,"Séjournez dans un appartement moderne et élégant conçu pour le confort et la détente ✨ Profitez d'un espace de vie lumineux, d'un balcon privé, d'une connexion Wi-Fi rapide, de la climatisation, d'une arrivée autonome intelligente, d'une cuisine entièrement équipée, d'une machine à café et d'un parking sécurisé. Situé dans une belle résidence moderne à proximité des cafés, des restaurants et des attractions de la ville : parfait pour les couples, les voyageurs d'affaires et les longs séjours.","Logement entier : appartement - Casablanca, Maroc","['3 voyageurs', '1 chambre', '1 lit', '1\xa0salle de bain']","[{'Salle de bain': ['Produits de nettoyage', 'Shampoing', 'Savon pour le corps', 'Eau chaude', 'Gel douche']}, {'Chambre et linge': ['Lave-linge', 'Produits de base', 'Linge de lit', 'Oreillers et couvertures supplémentaires', 'Fer à repasser', 'Étendoir à linge', 'Espace de rangement pour les vêtements\xa0: placard']}, {'Divertissement': ['Télévision']}, {'Chauffage et climatisation': ['Climatisation']}, {'Sécurité à la maison': ['Trousse de premiers secours']}, {'Internet et bureau': ['Wifi', 'Espace de travail dédié']}, {'Cuisine et salle à manger': ['Cuisine', 'Réfrigérateur', 'Four à micro-ondes', 'Tout le nécessaire pour cuisiner', 'Vaisselle et couverts', 'Congélateur', 'Cuisinière électrique', 'Four simple en acier inoxydable', 'Cafetière\xa0: Nespresso', 'Table à manger']}, {""Caractéristiques de l'emplacement"": ['Entrée privée']}, {'Extérieur': ['Privé\xa0: patio ou balcon']}, {'Parking et installations': ['Stationnement gratuit sur place']}, {'Services': ['Séjours longue durée autorisés', 'Arrivée autonome', 'Serrure numérique', 'Service de ménage disponible tous les jours\xa0: disponible moyennant un supplément']}]"
id,url,title,description,overview,items,amenities
1742183693245795382,https://fr.airbnb.com/rooms/1742183693245795382,Studio Cosy Gauthier au Pied des Twins Center,"✨ Situé dans le prestigieux quartier Gauthier, ce superbe appartement moderne, calme et lumineux vous offre tout le confort nécessaire. Il comprend une chambre avec un matelas neuf, un salon chaleureux, une cuisine entièrement équipée et une grande salle de bain moderne <br />Profitez d’un emplacement exceptionnel, à deux pas des Twin Center, des meilleurs restaurants, cafés et commerces 🏬 <br />🚗 Parking souterrain sécurisé. <br />💼 Idéal pour les séjours d’affaires et de loisirs. <br />💎 Emplacement Premium.","Logement entier : appartement - Casablanca, Maroc","['4 voyageurs', '1 chambre', '1 lit', '1\xa0salle de bain']","[{'Salle de bain': ['Sèche-cheveux', 'Produits de nettoyage', 'Eau chaude']}, {'Chambre et linge': ['Lave-linge', 'Cintres', 'Linge de lit', 'Oreillers et couvertures supplémentaires', 'Stores ou rideaux occultants', 'Fer à repasser', 'Étendoir à linge', 'Espace de rangement pour les vêtements']}, {'Divertissement': ['Télévision']}, {'Famille': ['Lit parapluie']}, {'Chauffage et climatisation': ['Climatisation', 'Chauffage']}, {'Sécurité à la maison': ['Extincteur', 'Trousse de premiers secours']}, {'Internet et bureau': ['Wifi', 'Espace de travail dédié']}, {'Cuisine et salle à manger': ['Cuisine', 'Réfrigérateur', 'Four à micro-ondes', 'Vaisselle et couverts', 'Congélateur', 'Cuisinière', 'Four', 'Bouilloire électrique', 'Cafetière', 'Grille-pain', 'Plaques de cuisson', 'Blender', 'Table à manger', 'Café']}, {""Caractéristiques de l'emplacement"": ['Entrée privée', 'Laverie automatique à proximité']}, {'Extérieur': ['Patio ou balcon']}, {'Parking et installations': ['Stationnement gratuit sur place', 'Ascenseur']}, {'Services': ['Animaux acceptés', 'Dépôt de bagages autorisé', 'Logement fumeur', 'Séjours longue durée autorisés', 'Arrivée autonome', 'Boîte à clé sécurisée', 'Service de ménage disponible de 12:00 à 14:00, tous les jours\xa0: disponible moyennant un supplément']}]"
id,url,title,description,overview,items,amenities
1741257127829890999,https://fr.airbnb.com/rooms/1741257127829890999,Moderne et confortable | Séjour premium • Les Princesses,"✨ Bienvenue chez Modern & Cosy Condos. Découvrez ce spacieux appartement d'une chambre, meublé avec goût, situé au 5ᵉ étage d'une résidence neuve et sécurisée aux Princesses. Profitez d'un balcon traversant, d'un lit Queen Size, de deux Smart TV avec Netflix & IPTV, du Wi-Fi fibre, d'une cuisine entièrement équipée avec lave-vaisselle, d'une place de parking et de toutes les commodités à proximité. Idéal pour jusqu'à 3 voyageurs.","Logement entier : appartement - Casablanca, Maroc","['3 voyageurs', '1 chambre', '1 lit', '1\xa0salle de bain']","[{'Salle de bain': ['Sèche-cheveux', 'Produits de nettoyage', 'Eau chaude', 'Gel douche']}, {'Chambre et linge': ['Lave-linge', 'Cintres', 'Linge de lit', 'Oreillers et couvertures supplémentaires', 'Stores ou rideaux occultants', 'Fer à repasser', 'Étendoir à linge', 'Espace de rangement pour les vêtements\xa0: placard']}, {'Divertissement': ['TV HD 55\xa0pouces avec Netflix']}, {'Famille': ['Lit parapluie\xa0: disponible sur demande', 'Grilles de fenêtre']}, {'Chauffage et climatisation': ['Climatisation', 'Chauffage']}, {'Internet et bureau': ['Wifi rapide (60\xa0Mbit/s)', 'Espace de travail dédié']}, {'Cuisine et salle à manger': ['Cuisine', 'Réfrigérateur', 'Tout le nécessaire pour cuisiner', 'Vaisselle et couverts', 'Congélateur', 'Lave-vaisselle', 'Cuisinière', 'Four', 'Bouilloire électrique', 'Cafetière\xa0: Nespresso', 'Verres à vin', 'Grille-pain', 'Blender', 'Table à manger', 'Café']}, {'Extérieur': [""Mobilier d'extérieur""]}, {'Parking et installations': ['Stationnement gratuit sur place', 'Ascenseur']}, {'Services': ['Séjours longue durée autorisés', 'Arrivée autonome', 'Serrure numérique', 'Service de ménage\xa0: disponible moyennant un supplément']}]"
id,url,description,title,overview,items,amenities
1753780890354006209,https://fr.airbnb.com/rooms/1753780890354006209,"À la Recherche d'un Appartement avec le confort d'un Hôtel Étoilé à un Prix Abordable   ?<br /><br />Si Oui, Réservez dès Maintenant  !<br /><br />Confort, charme et Emplacement Exceptionnels<br /><br />Cet appartement est idéalement situé sur Bd Abdelmoumen, en face de la station de Tramway et à  3 minutes de la gare de train Oasis. <br /><br />Parfait pour vos vacances ou vos voyages d'affaires, Blanca Parc vous permet de découvrir la ville et ses environs avec facilité.",Blanca Parc Signature C208,"Logement entier : appartement - Casablanca, Maroc","['3 voyageurs', '1 chambre', '1 lit', '1\xa0salle de bain']","[{'Salle de bain': ['Sèche-cheveux', 'Produits de nettoyage', 'Shampoing', 'Eau chaude']}, {'Chambre et linge': ['Lave-linge', 'Produits de base', 'Cintres', 'Linge de lit', 'Stores ou rideaux occultants', 'Fer à repasser', 'Étendoir à linge', 'Espace de rangement pour les vêtements\xa0: placard']}, {'Divertissement': ['Télévision']}, {'Famille': ['Lit pour bébé\xa0: disponible sur demande']}, {'Chauffage et climatisation': ['Climatisation', 'Chauffage central']}, {'Sécurité à la maison': ['Caméras de surveillance extérieures présentes sur place', 'Détecteur de fumée', 'Détecteur de monoxyde de carbone', 'Extincteur']}, {'Internet et bureau': ['Wifi']}, {'Cuisine et salle à manger': ['Cuisine', 'Réfrigérateur', 'Four à micro-ondes', 'Tout le nécessaire pour cuisiner', 'Vaisselle et couverts', 'Congélateur', 'Cuisinière électrique Other', 'Four', 'Bouilloire électrique', 'Cafetière\xa0: Nespresso', 'Blender', 'Table à manger', 'Café']}, {'Parking et installations': ['Stationnement gratuit sur place', 'Stationnement gratuit dans la rue', 'Ascenseur', 'Logement de plain-pied', 'Résidence protégée', 'Compost', 'Recyclage']}, {'Services': ['Séjours longue durée autorisés', 'Arrivée autonome', 'Serrure numérique', 'Service de ménage disponible tous les jours\xa0: disponible moyennant un supplément']}]"
id,url,description,title,overview,items,amenities
1582054884895365217,https://fr.airbnb.com/rooms/1582054884895365217,"Magnifique Studio ultra moderne, soigneusement décoré digne des hôtels étoilés les plus raffinés, avec PARKING PRIVÉ et ARRIVEE AUTONOME. Situé au PRESTIGIEUX quartier de MAARIF, au CŒUR de Casablanca.<br /><br />Bienvenue dans ce superbe studio ultra moderne, idéalement situé au cœur de la ville de Casablanca, à seulement 100m du tramway et proche de toutes les commodités et des principales gares de la ville.","Luxueux Studio, fabuleuse terrasse, Parking privé","Logement entier : appartement - Casablanca, Maroc","['3 voyageurs', '1 chambre', '2 lits', '1\xa0salle de bain']","[{'Salle de bain': ['Sèche-cheveux', 'Bidet', 'Eau chaude', 'Gel douche']}, {'Chambre et linge': ['Lave-linge', 'Produits de base', 'Cintres', 'Linge de lit', 'Oreillers et couvertures supplémentaires', 'Stores ou rideaux occultants', 'Fer à repasser', 'Espace de rangement pour les vêtements\xa0: placard, armoire et commode']}, {'Divertissement': ['Connexion Ethernet', 'Télévision']}, {'Famille': ['Table à langer\xa0: toujours dans le logement', 'Grilles de fenêtre']}, {'Chauffage et climatisation': ['Climatisation', 'Chauffage']}, {'Internet et bureau': ['Wifi', 'Espace de travail dédié']}, {'Cuisine et salle à manger': ['Cuisine', 'Réfrigérateur', 'Tout le nécessaire pour cuisiner', 'Vaisselle et couverts', 'Congélateur', 'Cuisinière', 'Four', 'Bouilloire électrique', 'Cafetière', 'Plaques de cuisson', 'Blender', 'Table à manger']}, {'Parking et installations': ['Stationnement gratuit sur place', 'Stationnement gratuit dans la rue', 'Ascenseur']}, {'Services': ['Animaux acceptés', 'Dépôt de bagages autorisé', 'Logement fumeur', 'Séjours longue durée autorisés', 'Arrivée autonome', 'Serrure connectée']}]"
id,url,title,description,overview,items,amenities
1723803429489804684,https://fr.airbnb.com/rooms/1723803429489804684,"Villa de rêve avec piscine privée, sans vis-à-vis","Offrez-vous un séjour exceptionnel dans cette élégante villa située dans un quartier calme et<br />Quartier sécurisé, à seulement 8 minutes de la plage et à proximité de toutes les commodités.<br />Profitez d'un jardin avec piscine privée, d'un double salon lumineux, d'une salle à manger, d'une cuisine équipée et de toilettes invités. À l'étage, 3 chambres confortables, dont une superbe suite parentale avec dressing, 2 salles de bain complètes et un balcon <br />Les fêtes et les invités sont interdits.","Logement entier : villa - Tamaris, Maroc","['8 voyageurs', '3 chambres', '6 lits', '2,5\xa0salles de bain']","[{'Salle de bain': ['Douche extérieure', 'Eau chaude']}, {'Chambre et linge': ['Lave-linge', 'Stores ou rideaux occultants', 'Espace de rangement pour les vêtements\xa0: placard']}, {'Divertissement': ['Télévision']}, {'Chauffage et climatisation': ['Climatiseur de fenêtre']}, {'Sécurité à la maison': ['Caméras de surveillance extérieures présentes sur place']}, {'Internet et bureau': ['Wifi']}, {'Cuisine et salle à manger': ['Cuisine', 'Réfrigérateur', 'Four à micro-ondes', 'Mini réfrigérateur', 'Congélateur', 'Lave-vaisselle', 'Cuisinière à gaz', 'Four Simple', 'Cafetière\xa0: Nespresso', 'Blender', 'Compacteur de déchets', 'Table à manger']}, {""Caractéristiques de l'emplacement"": ['Entrée privée']}, {'Extérieur': ['Jardin - Clôture intégrale', 'Brasero', 'Espace repas en plein air']}, {'Parking et installations': ['Allée de stationnement gratuite sur place\xa0: 2\xa0places', 'Piscine']}]"
id,url,description,title,overview,items,amenities
1706630900269379735,https://fr.airbnb.com/rooms/1706630900269379735,"rofitez d’un séjour confortable au cœur de Casablanca dans cette chambre de luxe élégante, située au sein de l’Hôtel Mauritania. Idéale pour les voyageurs d’affaires, les couples ou les courts séjours, une salle de bain privée, une connexion Wi-Fi gratuite et un espace calme pour se détendre.<br />Vous profiterez également d’un petit-déjeuner inclus, d’un parking privé gratuit, d’un service d’étage et d’une réception ouverte 24h/24 pour un séjour simple, pratique et agréable.",Chambre de luxe avec lit king size / petit déjeuner inclus,"Chambre · Casablanca, Maroc","['1 lit king size', 'Salle de bain privée attenante']","[{'Salle de bain': ['Sèche-cheveux', 'Produits de nettoyage', 'Shampoing', 'Après-shampoing', 'Savon pour le corps', 'Eau chaude', 'Gel douche']}, {'Chambre et linge': ['Produits de base', 'Cintres', 'Linge de lit', 'Oreillers et couvertures supplémentaires', 'Stores ou rideaux occultants', 'Fer à repasser', 'Étendoir à linge', 'Coffre-fort', 'Espace de rangement pour les vêtements\xa0: placard']}, {'Divertissement': ['Connexion Ethernet', 'Télévision', 'Pièce à thème']}, {'Famille': ['Table à langer', 'Grilles de fenêtre']}, {'Chauffage et climatisation': ['Climatisation centrale', 'Chauffage central']}, {'Vie privée et sécurité': ['Serrure ou verrou sur la porte de la chambre', 'Détecteur de fumée', 'Détecteur de monoxyde de carbone', 'Extincteur', 'Trousse de premiers secours']}, {'Internet et bureau': ['Wifi', 'Espace de travail dédié']}, {'Cuisine et salle à manger': ['Mini réfrigérateur', 'Bouilloire électrique', 'Cafetière\xa0: Nespresso', 'Verres à vin', 'Café']}, {""Caractéristiques de l'emplacement"": ['Entrée privée', 'Laverie automatique à proximité']}, {'Extérieur': ['Espace repas en plein air']}, {'Parking et installations': ['Stationnement gratuit sur place', 'Ascenseur', 'Portier']}, {'Services': ['Dépôt de bagages autorisé', 'Petit-déjeuner', 'Ménage disponible pendant le séjour']}]"
id,url,description,title,overview,items,amenities
1476134610167368500,https://fr.airbnb.com/rooms/1476134610167368500,"Plongez dans une ambiance chaleureuse aux tons orange et bohèmes inspirés de Marrakech. Ce studio lumineux et joliment décoré offre tout le confort dont vous avez besoin : cuisine équipée, espace repas, coin nuit cosy et salle de bain moderne. Idéalement situé en centre-ville, vous serez à quelques pas des restaurants, cafés, commerces et principaux lieux touristiques. Ici, tout est pensé pour que votre séjour soit à la fois pratique et dépaysant.",Charme Oriental Bohème Central maarif,"Logement entier : appartement - Casablanca, Maroc","['4 voyageurs', '1 chambre', '3 lits', '1\xa0salle de bain']","[{'Salle de bain': ['Sèche-cheveux', 'Produits de nettoyage', 'Shampoing l’oreal', 'Savon pour le corps marseillais', 'Eau chaude', 'Gel douche']}, {'Chambre et linge': ['Lave-linge', 'Cintres', 'Linge de lit', 'Oreillers et couvertures supplémentaires', 'Fer à repasser', 'Espace de rangement pour les vêtements']}, {'Divertissement': ['Télévision']}, {'Chauffage et climatisation': ['Climatisation']}, {'Sécurité à la maison': ['Caméras de surveillance extérieures présentes sur place']}, {'Internet et bureau': ['Wifi']}, {'Cuisine et salle à manger': ['Cuisine', 'Tout le nécessaire pour cuisiner', 'Vaisselle et couverts', 'Congélateur', 'Cuisinière électrique Other', 'Four Bosh', 'Bouilloire électrique', 'Cafetière\xa0: Nespresso', 'Verres à vin', 'Grille-pain', 'Table à manger']}, {'Parking et installations': ['Ascenseur', 'Stationnement payant dans la rue']}, {'Services': ['Logement fumeur']}]"
id,url,title,description,overview,items,amenities
1088484911738067391,https://fr.airbnb.com/rooms/1088484911738067391,Studio Cosy neuf à louer  !,"Simplifiez-vous la vie dans ce logement paisible et central. Détendez vous dans cet appartement cosy au coeur de Casablanca. Emplacement stratégique, proches de toutes commodités vous profiterez d’un séjour tout en étant au coeur de la ville.                                                                             Il comporte un lit pour 2 personnes, cuisine équipée, salle de bains et parking gratuit.","Logement entier : appartement - Casablanca, Maroc","['2 voyageurs', '1 chambre', '1 lit', '1\xa0salle de bain']","[{'Salle de bain': ['Eau chaude']}, {'Chambre et linge': ['Lave-linge']}, {'Divertissement': ['Télévision']}, {'Chauffage et climatisation': ['Climatisation']}, {'Internet et bureau': ['Wifi']}, {'Cuisine et salle à manger': ['Cuisine', 'Réfrigérateur']}, {'Parking et installations': ['Stationnement gratuit sur place']}, {'Services': ['Logement fumeur', 'Arrivée autonome', 'Serrure numérique']}]"
id,url,description,title,overview,items,amenities
779612364428099604,https://fr.airbnb.com/rooms/779612364428099604,"Votre appartement de rêve ! <br />Situé dans le centre de Casablanca (Val-Fleuri Maarif) dans un immeuble flambant neuf de très haut standing.<br />Calme et très bien situé, avec toutes les commodités à deux pas. Supermarché Carrefour, station de tramway, banques, restaurants, souk traditionnel, pharmacie… Vous avez tout.<br />Literie d'hôtel 5 étoiles, draps et serviettes blancs, nettoyage et désinfection professionnels, cuisine entièrement équipée… nous avons pris soin de tous les détails, nous voulons que vous passiez le meilleur séjour possible.",Appartement exclusif idéalement situé - parking gratuit,"Logement entier : appartement - Casablanca, Maroc","['3 voyageurs', '1 chambre', '2 lits', '1,5\xa0salles de bain']","[{'Vues panoramiques': ['Vue panoramique sur la ville']}, {'Salle de bain': ['Sèche-cheveux', 'Produits de nettoyage', 'Shampoing Carrefour ', 'Savon pour le corps Carrefour ', 'Eau chaude', 'Gel douche']}, {'Chambre et linge': ['Lave-linge (Gratuit) dans le logement', 'Produits de base', 'Cintres', 'Linge de lit', 'Oreillers et couvertures supplémentaires', 'Stores ou rideaux occultants', 'Fer à repasser', 'Étendoir à linge', 'Espace de rangement pour les vêtements']}, {'Divertissement': ['TV HD 42\xa0pouces avec télévision par câble haut de gamme']}, {'Famille': ['Lit pour bébé\xa0: disponible sur demande']}, {'Chauffage et climatisation': ['Climatisation centrale', 'Chauffage']}, {'Sécurité à la maison': ['Extincteur', 'Trousse de premiers secours']}, {'Internet et bureau': ['Vitesse du réseau wifi\xa0: 21\xa0Mbps']}, {'Cuisine et salle à manger': ['Cuisine', 'Réfrigérateur', 'Tout le nécessaire pour cuisiner', 'Vaisselle et couverts', 'Congélateur', 'Cuisinière à induction Zanussi ', 'Four Zanussi  en acier inoxydable', 'Bouilloire électrique', 'Cafetière', 'Verres à vin', 'Blender', 'Table à manger', 'Café']}, {'Parking et installations': ['Stationnement gratuit sur place', 'Stationnement gratuit dans la rue', 'Ascenseur']}, {'Services': ['Animaux acceptés', 'Dépôt de bagages autorisé', 'Séjours longue durée autorisés', 'Arrivée autonome', 'Boîte à clé sécurisée', 'Ménage disponible pendant le séjour']}]"
id,url,title,description,overview,items,amenities
1493655455776605817,https://fr.airbnb.com/rooms/1493655455776605817,Studio Épuré à Bourgogne à 2min de la mosquée H II,"Bienvenue dans votre escapade cosy et confortable au cœur du quartier Bourgogne à Casablanca, à quelques pas de l'avenue Zerktouni Maarif et de l'emblématique mosquée Mohamed VI ainsi que la corniche Ain diab. L'espace est soigneusement conçu avec une esthétique propre et moderne et dispose de tout ce dont vous avez besoin pour passer un bon séjour<br />Le logement","Logement entier : appartement - Casablanca, Maroc","['4 voyageurs', '1 chambre', '1 lit', '1\xa0salle de bain']","[{'Salle de bain': ['Sèche-cheveux', 'Produits de nettoyage', 'Shampoing', 'Après-shampoing', 'Savon pour le corps', 'Eau chaude', 'Gel douche']}, {'Chambre et linge': ['Lave-linge', 'Sèche-linge\xa0: dans le logement', 'Produits de base', 'Cintres', 'Linge de lit', 'Oreillers et couvertures supplémentaires', 'Stores ou rideaux occultants', 'Étendoir à linge', 'Espace de rangement pour les vêtements\xa0: placard et armoire']}, {'Divertissement': ['Connexion Ethernet', 'Télévision', 'Livres et de quoi lire']}, {'Chauffage et climatisation': ['Climatisation', 'Chauffage central']}, {'Sécurité à la maison': ['Caméras de surveillance extérieures présentes sur place']}, {'Internet et bureau': ['Wifi']}, {'Cuisine et salle à manger': ['Cuisine', 'Réfrigérateur', 'Tout le nécessaire pour cuisiner', 'Vaisselle et couverts', 'Mini réfrigérateur', 'Cuisinière électrique Other', 'Four', 'Bouilloire électrique', 'Cafetière\xa0: Nespresso', 'Verres à vin', 'Café']}, {""Caractéristiques de l'emplacement"": ['Entrée privée', 'Laverie automatique à proximité']}, {'Parking et installations': ['Stationnement gratuit sur place', 'Ascenseur', ""Stationnement payant à l'extérieur de la propriété""]}, {'Services': ['Dépôt de bagages autorisé', 'Séjours longue durée autorisés', 'Service de ménage\xa0: disponible moyennant un supplément']}]"
id,url,title,description,overview,items,amenities
1743873490773846202,https://fr.airbnb.com/rooms/1743873490773846202,Studio Maarif / Centre-ville / Arrivée autonome et climatisation,"Détendez-vous en famille dans cet hébergement paisible.<br /><br />Le numéro de carte d'identité de tous les voyageurs est obligatoire (nous notons simplement le numéro de la carte d'identité, nous ne conservons pas les cartes). Merci de votre compréhension 🙏","Logement entier : appartement - Casablanca, Maroc","['3 voyageurs', '1 chambre', '1 lit', '1\xa0salle de bain']","[{'Salle de bain': ['Sèche-cheveux', 'Produits de nettoyage', 'Shampoing', 'Eau chaude']}, {'Chambre et linge': ['Lave-linge', 'Produits de base', 'Cintres', 'Linge de lit', 'Oreillers et couvertures supplémentaires', 'Stores ou rideaux occultants', 'Fer à repasser', 'Étendoir à linge', 'Espace de rangement pour les vêtements']}, {'Divertissement': ['Connexion Ethernet', 'Télévision']}, {'Famille': ['Livres et jouets pour enfants', 'Grilles de fenêtre']}, {'Chauffage et climatisation': ['Climatisation', 'Chauffage']}, {'Sécurité à la maison': ['Caméras de surveillance extérieures présentes sur place', 'Extincteur', 'Trousse de premiers secours']}, {'Internet et bureau': ['Wifi']}, {'Cuisine et salle à manger': ['Cuisine', 'Réfrigérateur', 'Four à micro-ondes', 'Tout le nécessaire pour cuisiner', 'Vaisselle et couverts', 'Congélateur', 'Lave-vaisselle', 'Cuisinière', 'Four', 'Bouilloire électrique', 'Cafetière', 'Grille-pain', 'Compacteur de déchets', 'Table à manger']}, {'Extérieur': ['Patio ou balcon']}, {'Parking et installations': ['Stationnement gratuit sur place', 'Stationnement gratuit dans la rue', 'Ascenseur']}, {'Services': ['Séjours longue durée autorisés', 'Arrivée autonome', 'Serrure numérique']}]"
id,url,title,description,overview,items,amenities
1615151052979745025,https://fr.airbnb.com/rooms/1615151052979745025,Un séjour raffiné et confortable dans l'oasis de Casablanca,"Profitez d’un logement élégant et idéalement situé à Casablanca. Pensé pour offrir confort, calme et modernité, ce lieu vous accueille dans une atmosphère raffinée, parfaite aussi bien pour les séjours professionnels que pour les escapades urbaines. Chaque détail a été soigneusement conçu pour vous garantir une expérience agréable, dans un quartier central et paisible.","Logement entier : appartement - Casablanca, Maroc","['4 voyageurs', '1 chambre', '1 lit', '1\xa0salle de bain']","[{'Salle de bain': ['Shampoing', 'Eau chaude', 'Gel douche']}, {'Chambre et linge': ['Produits de base', 'Cintres', 'Linge de lit', 'Fer à repasser']}, {'Divertissement': ['Télévision']}, {'Chauffage et climatisation': ['Climatisation', 'Chauffage']}, {'Internet et bureau': ['Wifi']}, {'Cuisine et salle à manger': ['Cuisine']}, {'Services': ['Animaux acceptés']}]"
id,url,description,title,overview,items,amenities
1712999215678025447,https://fr.airbnb.com/rooms/1712999215678025447,Enjoy a stylish experience at this centrally-located place.,LB living 18 - une chambre avec balcon ,"Logement entier : appartement - Casablanca, Maroc","['2 voyageurs', '1 chambre', '1 lit', '1\xa0salle de bain']","[{'Salle de bain': ['Eau chaude']}, {'Chambre et linge': ['Lave-linge']}, {'Divertissement': ['Télévision']}, {'Chauffage et climatisation': ['Climatisation']}, {'Internet et bureau': ['Wifi']}, {'Cuisine et salle à manger': ['Cuisine']}, {'Parking et installations': ['Stationnement gratuit sur place']}, {'Services': ['Arrivée autonome', 'Serrure numérique']}]"
id,url,description,title,overview,items,amenities
1100073549668441262,https://fr.airbnb.com/rooms/1100073549668441262,"Offrez-vous une parenthèse de calme au cœur de Casablanca dans ce studio élégant et apaisant situé dans le quartier résidentiel prisé et sécurisé d’Oasis. Avec ses 43 mètres carrés intérieurs et sa grande terrasse privative de 29 mètres carrés, ce lieu offre un équilibre parfait entre confort moderne et sérénité. Idéal pour un séjour professionnel ou une escapade en couple, vous êtes à deux pas de la gare Oasis, de Casablanca Finance City et d’Anfa Park.",Studio B Living neuf - Oasis | Terrasse & Parking,"Logement entier : appartement - Casablanca, Maroc","['3 voyageurs', '1 chambre', '1 lit', '1\xa0salle de bain']","[{'Salle de bain': ['Sèche-cheveux', 'Produits de nettoyage', 'Shampoing', 'Après-shampoing', 'Eau chaude', 'Gel douche']}, {'Chambre et linge': ['Lave-linge', 'Sèche-linge (Gratuit) dans le bâtiment', 'Produits de base', 'Cintres', 'Linge de lit', 'Oreillers et couvertures supplémentaires', 'Fer à repasser', 'Étendoir à linge', 'Espace de rangement pour les vêtements\xa0: placard']}, {'Divertissement': ['Télévision', 'Appareils de fitness']}, {'Chauffage et climatisation': ['Climatisation', 'Chauffage central']}, {'Sécurité à la maison': ['Caméras de surveillance extérieures présentes sur place']}, {'Internet et bureau': ['Wifi']}, {'Cuisine et salle à manger': ['Cuisine', 'Réfrigérateur', 'Tout le nécessaire pour cuisiner', 'Vaisselle et couverts', 'Congélateur', 'Lave-vaisselle', 'Cuisinière électrique', 'Four en acier inoxydable', 'Bouilloire électrique', 'Cafetière\xa0: machine à expresso, Nespresso', 'Verres à vin', 'Compacteur de déchets', 'Table à manger', 'Café']}, {""Caractéristiques de l'emplacement"": ['Entrée privée', 'Laverie automatique à proximité']}, {'Parking et installations': ['Stationnement gratuit sur place', 'Stationnement gratuit dans la rue', 'Ascenseur', 'Salle de sport privée dans le bâtiment']}, {'Services': ['Logement fumeur', 'Séjours longue durée autorisés', 'Arrivée autonome', ""Personnel de l'immeuble"", 'Ménage disponible pendant le séjour']}]"
id,url,title,description,overview,items,amenities
1494037976383121202,https://fr.airbnb.com/rooms/1494037976383121202,Studio cosy à 2 min de la Corniche-Mosquée Hassan2,"Bienvenue dans votre escapade cosy et confortable au cœur du quartier Bourgogne à Casablanca, à quelques pas de l'avenue Zerktouni Maarif et de l'emblématique mosquée Mohamed VI ainsi que la corniche Ain diab. L'espace est soigneusement conçu avec une esthétique propre et moderne et dispose de tout ce dont vous avez besoin pour passer un bon séjour","Logement entier : appartement - Casablanca, Maroc","['4 voyageurs', '1 chambre', '1 lit', '1\xa0salle de bain']","[{'Salle de bain': ['Sèche-cheveux']}, {'Divertissement': ['Télévision']}, {'Chauffage et climatisation': ['Climatisation']}, {'Sécurité à la maison': ['Sonomètres présents sur place', 'Caméras de surveillance extérieures présentes sur place']}, {'Internet et bureau': ['Wifi']}, {'Cuisine et salle à manger': ['Cuisine']}, {'Parking et installations': ['Stationnement gratuit sur place']}]"
id,url,description,title,overview,items,amenities
1571976299224883188,https://fr.airbnb.com/rooms/1571976299224883188,"⭐ Studio moderne au cœur de Gauthier – Parfait pour 3 personnes<br /><br />Séjournez dans l'un des quartiers les plus centraux et les plus animés de Casablanca. Ce studio élégant offre un mélange parfait de confort, de fonctionnalité et d'emplacement, idéal pour les couples, les amis ou les voyageurs d'affaires.",Premium Gauthier• Séjour au centre-ville de Casablanca,"Logement entier : appartement - Casablanca, Maroc","['3 voyageurs', '1 chambre', '1 lit', '1\xa0salle de bain']","[{'Salle de bain': ['Sèche-cheveux', 'Produits de nettoyage', 'Shampoing', 'Savon pour le corps', 'Eau chaude', 'Gel douche']}, {'Chambre et linge': ['Lave-linge', 'Sèche-linge', 'Cintres', 'Linge de lit', 'Oreillers et couvertures supplémentaires', 'Stores ou rideaux occultants', 'Fer à repasser', 'Étendoir à linge', 'Espace de rangement pour les vêtements']}, {'Divertissement': ['Télévision', 'Livres et de quoi lire']}, {'Chauffage et climatisation': ['Climatisation', 'Ventilateur au plafond']}, {'Internet et bureau': ['Wifi', 'Espace de travail dédié']}, {'Cuisine et salle à manger': ['Cuisine', 'Réfrigérateur', 'Tout le nécessaire pour cuisiner', 'Vaisselle et couverts', 'Congélateur', 'Cuisinière', 'Four', 'Cafetière', 'Compacteur de déchets', 'Café']}, {""Caractéristiques de l'emplacement"": ['Entrée privée', 'Laverie automatique à proximité']}, {'Extérieur': ['Patio ou balcon', ""Mobilier d'extérieur"", 'Espace repas en plein air']}, {'Services': ['Animaux acceptés', 'Séjours longue durée autorisés', 'Arrivée autonome', 'Boîte à clé sécurisée', 'Service de ménage\xa0: disponible moyennant un supplément']}]"
id,url,title,description,overview,items,amenities
868078478807525199,https://fr.airbnb.com/rooms/868078478807525199,Appartement romantique ensoleillé avec vue - parking gratuit,"Appartement lumineux et romantique situé dans le centre de Casablanca (Val-Fleuri Maarif) dans un tout nouvel immeuble de très haut standing.<br />Calme et très bien situé, avec toutes les commodités à deux pas. Supermarché Carrefour, station de tramway, banques, restaurants, souk traditionnel, pharmacie… Vous avez tout.<br />Literie d'hôtel 5 étoiles, draps et serviettes blancs, nettoyage et désinfection professionnels, cuisine entièrement équipée… nous avons pris soin de tous les détails. Nous souhaitons que vous puissiez passer le meilleur séjour possible.","Logement entier : appartement - Casablanca, Maroc","['3 voyageurs', '1 chambre', '1 lit', '1\xa0salle de bain']","[{'Vues panoramiques': ['Vue panoramique sur la ville', 'Vue sur le jardin']}, {'Salle de bain': ['Sèche-cheveux', 'Produits de nettoyage', 'Shampoing', 'Savon pour le corps', 'Eau chaude', 'Gel douche']}, {'Chambre et linge': ['Lave-linge (Gratuit) dans le logement', 'Produits de base', 'Cintres', 'Linge de lit', 'Oreillers et couvertures supplémentaires', 'Stores ou rideaux occultants', 'Fer à repasser', 'Étendoir à linge', 'Espace de rangement pour les vêtements\xa0: armoire et commode']}, {'Divertissement': ['Télévision']}, {'Famille': ['Lit pour bébé\xa0: disponible sur demande', 'Recommandations de baby-sitters']}, {'Chauffage et climatisation': ['Climatisation centrale', 'Chauffage']}, {'Sécurité à la maison': ['Extincteur', 'Trousse de premiers secours']}, {'Internet et bureau': ['Vitesse du réseau wifi\xa0: 21\xa0Mbps', 'Espace de travail dédié']}, {'Cuisine et salle à manger': ['Cuisine', 'Réfrigérateur Siera ', 'Tout le nécessaire pour cuisiner', 'Vaisselle et couverts', 'Congélateur', 'Cuisinière électrique Silverline en acier inoxydable', 'Four simple Zanussi  en acier inoxydable', 'Bouilloire électrique', 'Cafetière\xa0: Nespresso', 'Verres à vin', 'Plaques de cuisson', 'Blender', 'Table à manger', 'Café']}, {""Caractéristiques de l'emplacement"": ['Entrée privée', 'Laverie automatique à proximité']}, {'Extérieur': ['Privé\xa0: patio ou balcon', ""Mobilier d'extérieur"", 'Espace repas en plein air']}, {'Parking et installations': ['Stationnement gratuit dans un garage sur place\xa0: 1\xa0place', 'Stationnement gratuit dans la rue', 'Ascenseur', 'Logement de plain-pied']}, {'Services': ['Animaux acceptés', 'Dépôt de bagages autorisé', 'Séjours longue durée autorisés', 'Arrivée autonome', 'Boîte à clé sécurisée', 'Ménage disponible pendant le séjour']}]"
id,url,description,title,overview,items,amenities
1721725879164598378,https://fr.airbnb.com/rooms/1721725879164598378,"Appartement avec vue sur la piscine dans une résidence sécurisée près de la plage de Sidi Rahal. L'appartement peut accueillir jusqu'à 4 personnes et comprend un balcon donnant sur la piscine, une télévision connectée, une cuisine équipée et un accès aux espaces extérieurs communs de la résidence. La plage est à proximité, et l'emplacement en bord de mer peut rendre l'appartement plus frais en été. Veuillez noter qu'il n'y a pas de climatisation ni de wifi dans l'appartement.",Escapade à la plage et vue sur la piscine dans le luxueux Casabay ,"Logement entier : appartement - Sidi Rahhal Chataï, Maroc","['4 voyageurs', '2 chambres', '3 lits', '2\xa0salles de bain']","[{'Sécurité à la maison': ['Caméras de surveillance extérieures présentes sur place']}, {""Caractéristiques de l'emplacement"": ['Accès à la plage']}, {'Parking et installations': ['Piscine']}, {'Services': ['Animaux acceptés', ""Clés remises par l'hôte""]}]"
id,url,description,title,overview,items,amenities
1271748905107412461,https://fr.airbnb.com/rooms/1271748905107412461,"Ce logement est au 7eme étage d’un immeuble neuf, se situant en plein cœur de Casablanca, à deux pas des twins center. Cet appartement sur deux façades offre une vue impressionnante sur les twins center et la mosquée Hassan II. Il est doté d’une grande Terasse bien ensoleillée sans vis à vis ou vous pourriez vous détendre. Tous les sites et commodités sont à proximité ce qui facilite la planification de votre visite. Dispose d’un wifi de 100 MO<br />Je me ferais un plaisir de vous accueillir.",Penthouse au cœur de la ville *vue panoramique*,"Logement entier : appartement - Casablanca, Maroc","['4 voyageurs', '1 chambre', '3 lits', '1\xa0salle de bain']","[{'Salle de bain': ['Sèche-cheveux', 'Produits de nettoyage', 'Shampoing', 'Savon pour le corps', 'Eau chaude', 'Gel douche']}, {'Chambre et linge': ['Lave-linge', 'Cintres', 'Linge de lit', 'Oreillers et couvertures supplémentaires', 'Stores ou rideaux occultants', 'Fer à repasser', 'Étendoir à linge', 'Espace de rangement pour les vêtements\xa0: armoire']}, {'Divertissement': ['Télévision']}, {'Famille': ['Grilles de fenêtre', 'Aire de jeux extérieure']}, {'Chauffage et climatisation': ['Climatisation', ""Chauffage d'appoint""]}, {'Sécurité à la maison': ['Extincteur']}, {'Internet et bureau': ['Wifi', 'Espace de travail dédié', 'Routeur wifi portable']}, {'Cuisine et salle à manger': ['Cuisine', 'Réfrigérateur', 'Four à micro-ondes', 'Tout le nécessaire pour cuisiner', 'Vaisselle et couverts', 'Mini réfrigérateur', 'Congélateur', 'Cuisinière électrique Other', 'Bouilloire électrique', 'Cafetière', 'Verres à vin', 'Grille-pain', 'Plaques de cuisson', 'Table à manger', 'Machine à pain']}, {""Caractéristiques de l'emplacement"": ['Entrée privée', 'Laverie automatique à proximité']}, {'Extérieur': ['Privé\xa0: patio ou balcon', 'Jardin', ""Mobilier d'extérieur"", 'Espace repas en plein air', 'Chaises longues']}, {'Parking et installations': ['Stationnement gratuit dans la rue', 'Ascenseur']}, {'Services': ['Animaux acceptés', 'Dépôt de bagages autorisé', 'Logement fumeur', 'Séjours longue durée autorisés', 'Arrivée autonome', 'Boîte à clé sécurisée', 'Ménage disponible pendant le séjour']}]"
id,url,description,title,overview,items,amenities
1727628824160465931,https://fr.airbnb.com/rooms/1727628824160465931,"Appartement de luxe ensoleillé d'une chambre, rue Ahmed Enassiri, dans le quartier privilégié de Palmier. Parfait pour les cadres et les couples, cet espace design dispose de sols en marbre, de boiseries sur mesure, d'une douche à effet de pluie et d'un matelas orthopédique de qualité supérieure. Cuisinez dans la cuisine haut de gamme ou détendez-vous sur votre balcon privé.<br /><br />AVANTAGES EXCLUSIFS :<br />• Place de parking privée au niveau -2 à l'intérieur du bâtiment<br />• Wifi fibre 100 Mbit/s et télévision connectée<br />• Arrivée autonome avec serrure connectée et à 2 minutes à pied de BD Abdelmoumen<br />• Transport privé dans notre fourgon de tourisme enregistré !",Studio pour les couples avec arrivée autonome et parking ,"Logement entier : appartement - Casablanca, Maroc","['4 voyageurs', '1 chambre', '1 lit', '1\xa0salle de bain']","[{'Salle de bain': ['Sèche-cheveux', 'Produits de nettoyage', 'Shampoing', 'Savon pour le corps', 'Bidet', 'Eau chaude', 'Gel douche']}, {'Chambre et linge': ['Lave-linge', 'Produits de base', 'Cintres', 'Linge de lit', 'Oreillers et couvertures supplémentaires', 'Stores ou rideaux occultants', 'Fer à repasser', 'Espace de rangement pour les vêtements']}, {'Divertissement': ['Télévision']}, {'Chauffage et climatisation': ['Climatisation', 'Chauffage']}, {'Internet et bureau': ['Wifi']}, {'Cuisine et salle à manger': ['Cuisine', 'Réfrigérateur', 'Tout le nécessaire pour cuisiner', 'Vaisselle et couverts', 'Congélateur', 'Four', 'Cafetière', 'Table à manger', 'Café']}, {'Extérieur': [""Mobilier d'extérieur""]}, {'Parking et installations': ['Stationnement gratuit sur place']}, {'Services': ['Animaux acceptés', 'Logement fumeur', 'Arrivée autonome', 'Serrure numérique']}]"
id,url,description,title,overview,items,amenities
1504441563471613725,https://fr.airbnb.com/rooms/1504441563471613725,"Bienvenue chez Beverly Home, appartement moderne et haut standing dans le quartier mythique France Ville, Casablanca. <br /><br />Niché dans la résidence haut standing Saphir, il offre calme, élégance. <br /><br />Profitez d’une chambre cosy, d’un salon lumineux et d’une cuisine entièrement équipée, avec fibre optique et IPTV. <br /><br />À deux pas du tramway, Marjane Market et Bim, pour un séjour pratique, confortable et connecté, idéal pour touristes, couples et voyageurs d’affaires. <br /><br />Welcome to Beverly Home 🩶",Studio cosy et moderne Appartement France Ville,"Logement entier : appartement en résidence - Casablanca, Maroc","['4 voyageurs', '1 chambre', '2 lits', '1\xa0salle de bain']","[{'Salle de bain': ['Sèche-cheveux', 'Produits de nettoyage', 'Eau chaude', 'Gel douche']}, {'Chambre et linge': ['Lave-linge', 'Produits de base', 'Cintres', 'Linge de lit', 'Oreillers et couvertures supplémentaires', 'Stores ou rideaux occultants', 'Fer à repasser', 'Étendoir à linge', 'Espace de rangement pour les vêtements\xa0: dressing']}, {'Divertissement': ['Télévision']}, {'Famille': ['Lit pour bébé', 'Lit parapluie\xa0: disponible sur demande']}, {'Chauffage et climatisation': ['Climatisation', 'Chauffage central']}, {'Sécurité à la maison': ['Extincteur', 'Trousse de premiers secours']}, {'Internet et bureau': ['Wifi', 'Espace de travail dédié']}, {'Cuisine et salle à manger': ['Cuisine', 'Réfrigérateur', 'Four à micro-ondes', 'Tout le nécessaire pour cuisiner', 'Vaisselle et couverts', 'Four', 'Bouilloire électrique', 'Cafetière\xa0: Nespresso', 'Grille-pain', 'Plaques de cuisson', 'Blender', 'Table à manger', 'Café', 'Machine à pain']}, {""Caractéristiques de l'emplacement"": ['Entrée privée', 'Laverie automatique à proximité']}, {'Parking et installations': ['Stationnement gratuit sur place', 'Ascenseur']}, {'Services': ['Animaux acceptés', 'Logement fumeur', 'Arrivée autonome', 'Serrure connectée', 'Service de ménage disponible de 11:00 à 14:30, tous les jours\xa0: disponible moyennant un supplément']}]"
id,url,description,title,overview,items,amenities
1688663210605900897,https://fr.airbnb.com/rooms/1688663210605900897,"Magnifique studio ultra-moderne doté de GRANDE TERRASSE bien dégagée SANS VIS-À-VIS, soigneusement décoré, digne des hôtels étoilés les plus raffinés, avec PARKING PRIVÉ et arrivée entièrement autonome. Situé au prestigieux quartier de Maarif, au cœur de Casablanca.<br /><br />Bienvenue dans ce superbe studio ultramoderne, idéalement situé au cœur de la ville de Casablanca, à seulement 100m du tramway et proche de toutes les commodités et des principales gares de la ville.","Studio épuré 5*| Fabuleuse terrasse, parking privé","Logement entier : appartement - Casablanca, Maroc","['3 voyageurs', '1 chambre', '2 lits', '1\xa0salle de bain']","[{'Salle de bain': ['Sèche-cheveux', 'Shampoing', 'Savon pour le corps', 'Bidet', 'Eau chaude', 'Gel douche']}, {'Chambre et linge': ['Lave-linge', 'Produits de base', 'Cintres', 'Linge de lit', 'Oreillers et couvertures supplémentaires', 'Stores ou rideaux occultants', 'Fer à repasser', 'Espace de rangement pour les vêtements']}, {'Divertissement': ['Connexion Ethernet', 'Télévision', 'Système audio']}, {'Famille': ['Table à langer', 'Grilles de fenêtre']}, {'Chauffage et climatisation': ['Climatisation', 'Chauffage']}, {'Internet et bureau': ['Wifi', 'Espace de travail dédié']}, {'Cuisine et salle à manger': ['Cuisine', 'Réfrigérateur', 'Tout le nécessaire pour cuisiner', 'Vaisselle et couverts', 'Mini réfrigérateur', 'Congélateur', 'Cuisinière', 'Four', 'Bouilloire électrique', 'Cafetière', 'Plaques de cuisson', 'Blender', 'Table à manger']}, {'Parking et installations': ['Stationnement gratuit sur place', 'Stationnement gratuit dans la rue', 'Ascenseur']}, {'Services': ['Animaux acceptés', 'Dépôt de bagages autorisé', 'Logement fumeur', 'Séjours longue durée autorisés', 'Arrivée autonome', 'Serrure connectée']}]"
id,url,description,title,overview,items,amenities
1721231060843082157,https://fr.airbnb.com/rooms/1721231060843082157,"Bienvenue dans ce studio élégant et confortable au cœur de Casablanca , idéal pour les voyageurs en quête de praticité et de sérénité. Situé dans un emplacement privilégié, vous profiterez d’un accès rapide aux restaurants, cafés, commerces, transports et principales attractions de la ville. Soigneusement aménagé pour votre confort, que vous voyagiez pour le tourisme ou les affaires. Un véritable cocon pour découvrir casablanca en toute tranquillité.",Magnifique studio à louer rue de Jura ,"Logement entier : appartement - Casablanca, Maroc","['3 voyageurs', '1 chambre', '1 lit', '1\xa0salle de bain']","[{'Salle de bain': ['Eau chaude']}, {'Chambre et linge': ['Lave-linge', 'Linge de lit', 'Oreillers et couvertures supplémentaires', 'Stores ou rideaux occultants', 'Espace de rangement pour les vêtements\xa0: placard et commode']}, {'Divertissement': ['Télévision']}, {'Chauffage et climatisation': ['Climatisation', ""Chauffage d'appoint""]}, {'Internet et bureau': ['Wifi']}, {'Cuisine et salle à manger': ['Cuisine', 'Four à micro-ondes', 'Tout le nécessaire pour cuisiner', 'Vaisselle et couverts', 'Congélateur', 'Cuisinière Other en acier inoxydable', 'Four en acier inoxydable', 'Café']}, {'Parking et installations': ['Ascenseur']}, {'Services': ['Séjours longue durée autorisés']}]"
id,url,description,title,overview,items,amenities
1459444763522262642,https://fr.airbnb.com/rooms/1459444763522262642,"Studio Vue Océan à Dar Bouazza · Idéal pour Couples 💙<br />Réveillez-vous face à la mer 🌊, depuis le lit ou le canapé baigné de soleil.<br />Résidence Hôtel des Arts, réputée pour son intimité et son calme absolu.<br />Balcon privé avec vue sur les arbres et l’océan, bercé par le chant des oiseaux 🕊️.<br />Fibre optique 200 Mb/s ⚡, Netflix/IPTV 🎬, literie haut de gamme 🛏️.<br />Moments magiques garantis ✨",Studio Vue Océan à Dar Bouazza ·Idéal pour Couples,"Logement entier : appartement - Tamaris, Maroc","['3 voyageurs', '1 chambre', '1 lit', '1\xa0salle de bain']","[{'Vues panoramiques': [""Vue sur l'océan"", 'Vue sur la mer', 'Vue sur le complexe hôtelier', 'Vue sur la cour', 'Vue sur le jardin', 'Vue sur la plage']}, {'Salle de bain': ['Eau chaude']}, {'Chambre et linge': ['Linge de lit']}, {'Divertissement': ['Connexion Ethernet', 'TV HD avec Netflix']}, {'Chauffage et climatisation': ['Climatisation', 'Chauffage']}, {'Internet et bureau': ['Wifi', 'Espace de travail dédié']}, {'Cuisine et salle à manger': ['Cuisine', 'Réfrigérateur', 'Tout le nécessaire pour cuisiner', 'Vaisselle et couverts', 'Mini réfrigérateur', 'Congélateur', 'Cuisinière Other', 'Bouilloire électrique', 'Cafetière\xa0: machine à expresso', 'Verres à vin']}, {""Caractéristiques de l'emplacement"": [""Au bord de l'eau"", 'Accès à la plage']}, {'Extérieur': ['Privé\xa0: patio ou balcon', 'Espace repas en plein air']}, {'Parking et installations': ['Stationnement gratuit sur place', 'Stationnement gratuit dans la rue']}, {'Services': ['Animaux acceptés', 'Séjours longue durée autorisés', 'Arrivée autonome', 'Serrure connectée', 'Ménage disponible pendant le séjour']}]"
id,url,title,description,overview,items,amenities
1615307180368821788,https://fr.airbnb.com/rooms/1615307180368821788,Séjour élégant dans l'oasis de Casablanca,"Profitez d’un logement élégant et idéalement situé à Casablanca. Pensé pour offrir confort, calme et modernité, ce lieu vous accueille dans une atmosphère raffinée, parfaite aussi bien pour les séjours professionnels que pour les escapades urbaines. Chaque détail a été soigneusement conçu pour vous garantir une expérience agréable, dans un quartier central et paisible.","Logement entier : appartement - Casablanca, Maroc","['4 voyageurs', '1 chambre', '1 lit', '1\xa0salle de bain']","[{'Salle de bain': ['Shampoing', 'Eau chaude', 'Gel douche']}, {'Chambre et linge': ['Produits de base', 'Cintres', 'Linge de lit', 'Fer à repasser']}, {'Divertissement': ['Télévision']}, {'Chauffage et climatisation': ['Climatisation', 'Chauffage']}, {'Internet et bureau': ['Wifi']}, {'Cuisine et salle à manger': ['Cuisine']}, {'Services': ['Animaux acceptés']}]"
id,url,description,title,overview,items,amenities
1673256384196964605,https://fr.airbnb.com/rooms/1673256384196964605,This unique place has a style all its own.,Cosy studio à louer pour les couples,"Logement entier : appartement - Casablanca, Maroc","['2 voyageurs', '1 chambre', '1 lit', '1\xa0salle de bain']","[{'Chambre et linge': ['Lave-linge', 'Fer à repasser']}, {'Divertissement': ['Télévision']}, {'Chauffage et climatisation': ['Climatisation', 'Chauffage']}, {'Sécurité à la maison': ['Détecteur de fumée', 'Détecteur de monoxyde de carbone', 'Extincteur', 'Trousse de premiers secours']}, {'Internet et bureau': ['Wifi', 'Espace de travail dédié']}, {'Cuisine et salle à manger': ['Cuisine', 'Tout le nécessaire pour cuisiner']}, {'Parking et installations': ['Stationnement gratuit sur place', 'Stationnement payant sur place']}, {'Services': ['Animaux acceptés', 'Arrivée autonome', 'Serrure numérique']}]"
id,url,title,description,overview,items,amenities
1731884734767202666,https://fr.airbnb.com/rooms/1731884734767202666,Chambre d’hôte vue sur lac ,"Près de Casablanca, pourtant loin de tout. Calme absolu avec activités nautiques et cours de yoga disponibles. <br />Les chambres ont un accès privatisé et individuel. <br />Petite ferme, restaurant à deux pas <br />Petit déjeuner inclus","Chambre · Ouled Rami, Maroc","['4 chambres', '4 lits', 'Salle de bain privée attenante']","[{'Salle de bain': ['Shampoing', 'Après-shampoing', 'Savon pour le corps', 'Eau chaude', 'Gel douche']}, {'Chambre et linge': ['Cintres', 'Linge de lit', 'Oreillers et couvertures supplémentaires', 'Stores ou rideaux occultants', 'Fer à repasser', 'Espace de rangement pour les vêtements']}, {'Divertissement': ['Livres et de quoi lire']}, {'Famille': ['Livres et jouets pour enfants', 'Pare-feu de cheminée', 'Jeux de société']}, {'Chauffage et climatisation': ['Climatisation', 'Cheminée', 'Ventilateurs portables']}, {'Vie privée et sécurité': ['Serrure ou verrou sur la porte de la chambre', 'Caméras de surveillance extérieures présentes sur place', 'Détecteur de fumée']}, {'Internet et bureau': ['Espace de travail dédié']}, {'Cuisine et salle à manger': ['Cuisine', 'Réfrigérateur', 'Vaisselle et couverts', 'Congélateur', 'Cafetière', 'Ustensiles de barbecue', 'Café']}, {""Caractéristiques de l'emplacement"": [""Au bord de l'eau"", 'Accès à un lac', 'Entrée privée']}, {'Extérieur': ['Arrière-cour partagée', ""Mobilier d'extérieur"", 'Espace repas en plein air', 'Cuisine extérieure', 'Barbecue', 'Vélos', 'Kayak', ""Cale de mise à l'eau pour bateaux"", 'Chaises longues']}, {'Parking et installations': ['Stationnement gratuit sur place', 'Stationnement gratuit dans la rue', 'Logement de plain-pied', 'Résidence protégée']}, {'Services': ['Animaux acceptés', 'Petit-déjeuner', 'Logement fumeur', 'Séjours longue durée autorisés', 'Ménage disponible pendant le séjour']}]"
id,url,title,description,overview,items,amenities
1547391315451629450,https://fr.airbnb.com/rooms/1547391315451629450,New Studio -1BR- Autonome -TV 65+Mosquée Hassan II,"✨  Profitez de notre studio moderne, confortable et luxueux, idéal pour les couples 💑, les amis 👭 ou les voyageurs en déplacement professionnel.<br /><br />🌟 Emplacement Idéal :<br />Studio romantique au cœur de Bourgogne Casablanca, proche des Mosquée Hassan 2 ,Marina , Saqala , Marjane…<br /><br />🛋 Espace Confortable :<br />Salon lumineux avec patio, cuisine américaine équipée, chambre avec Belle terrasse.<br /><br />❤️ Parfait pour les Couples :<br />Séjour intime et cosy , Wi-Fi rapide et climatisation, idéal pour moments 💕","Logement entier : appartement - Casablanca, Maroc","['4 voyageurs', '1 chambre', '1 lit', '1\xa0salle de bain']","[{'Salle de bain': ['Produits de nettoyage', 'Shampoing', 'Après-shampoing', 'Savon pour le corps', 'Bidet', 'Eau chaude', 'Gel douche']}, {'Chambre et linge': ['Lave-linge', 'Produits de base', 'Cintres', 'Linge de lit', 'Oreillers et couvertures supplémentaires', 'Stores ou rideaux occultants', 'Étendoir à linge', 'Espace de rangement pour les vêtements']}, {'Divertissement': ['Connexion Ethernet', 'Télévision']}, {'Famille': ['Vaisselle pour enfants', 'Grilles de fenêtre', 'Caches-prises', 'Jeux de société']}, {'Chauffage et climatisation': ['Climatisation', 'Chauffage']}, {'Internet et bureau': ['Wifi']}, {'Cuisine et salle à manger': ['Cuisine', 'Réfrigérateur', 'Tout le nécessaire pour cuisiner', 'Vaisselle et couverts', 'Congélateur', 'Cuisinière Other', 'Four', 'Bouilloire électrique', 'Cafetière\xa0: Nespresso', 'Verres à vin', 'Compacteur de déchets', 'Café']}, {""Caractéristiques de l'emplacement"": ['Entrée privée']}, {'Extérieur': ['Privé\xa0: patio ou balcon', ""Mobilier d'extérieur"", 'Espace repas en plein air']}, {'Parking et installations': ['Stationnement gratuit dans la rue', 'Ascenseur', 'Stationnement payant dans la rue']}, {'Services': ['Animaux acceptés', 'Séjours longue durée autorisés', 'Arrivée autonome', 'Boîte à clé sécurisée', 'Ménage disponible pendant le séjour']}]"
id,url,description,title,overview,items,amenities
1742871752925882140,https://fr.airbnb.com/rooms/1742871752925882140,"Bienvenue dans ce magnifique studio haut de gamme, pensé pour offrir une expérience alliant confort, élégance et sérénité.<br /><br />Situé dans le prestigieux quartier des Princesses à Casablanca, ce logement neuf séduit par son design contemporain, sa décoration soignée et son ambiance chaleureuse. Chaque détail a été imaginé pour que vous vous sentiez comme chez vous, que ce soit pour un séjour professionnel, une escapade en couple ou quelques jours de détente.",Studio chic et confortable Les Princesses Casablanca,"Logement entier : appartement - Casablanca, Maroc","['3 voyageurs', '1 chambre', '1 lit', '2\xa0salles de bain']","[{'Chambre et linge': ['Lave-linge']}, {'Divertissement': ['Télévision']}, {'Chauffage et climatisation': ['Climatisation']}, {'Internet et bureau': ['Wifi']}, {'Cuisine et salle à manger': ['Cuisine']}, {'Parking et installations': ['Stationnement gratuit sur place']}]"
id,url,title,description,overview,items,amenities
1460264011643144641,https://fr.airbnb.com/rooms/1460264011643144641,Porte de l'Atlantique Appart - Casa Port,"✨ Refuge élégant en plein centre-ville de Casablanca, face à la gare Casa Port. <br />Ce spacieux appartement de 83m² baigné de lumière offre tout le confort nécessaire pour un séjour réussi et qui peut accueillir confortablement jusqu'à 5 personnes. Il offre 2 chambres calmes sans vis-à-vis, un salon cinéma (TV 75""), un balcon avec vue sur la mosquée Hassan II, une cuisine équipée et un coin télétravail. Idéal pour partager des moments conviviaux, que ce soit pour un week-end ou un long séjour🌇🌿","Logement entier : appartement - Casablanca, Maroc","['5 voyageurs', '2 chambres', '3 lits', '1,5\xa0salles de bain']","[{'Vues panoramiques': ['Vue panoramique sur la ville', 'Vue sur le jardin', 'Vue sur le port', 'Vue sur le complexe hôtelier', 'Vue sur la mer']}, {'Salle de bain': ['Sèche-cheveux', 'Shampoing', 'Après-shampoing', 'Savon pour le corps Soap', 'Eau chaude', 'Gel douche']}, {'Chambre et linge': ['Lave-linge (Gratuit) dans le bâtiment', 'Sèche-linge (Gratuit) dans le bâtiment', 'Cintres', 'Linge de lit', 'Oreillers et couvertures supplémentaires', 'Stores ou rideaux occultants', 'Fer à repasser', 'Coffre-fort', 'Espace de rangement pour les vêtements\xa0: placard et armoire']}, {'Divertissement': ['Connexion Ethernet', 'TV HD 75\xa0pouces avec Netflix', ""Appareils de fitness\xa0: poids et haltères, vélo d'appartement, tapis de course, tapis de yoga"", 'Livres et de quoi lire', 'Cinéma']}, {'Famille': ['Grilles de fenêtre', 'Jeux de société']}, {'Chauffage et climatisation': ['Climatisation', 'Chauffage central']}, {'Sécurité à la maison': ['Caméras de surveillance extérieures présentes sur place', 'Détecteur de fumée', 'Détecteur de monoxyde de carbone', 'Trousse de premiers secours']}, {'Internet et bureau': ['Wifi', 'Espace de travail dédié']}, {'Cuisine et salle à manger': ['Cuisine', 'Réfrigérateur TEKA', 'Tout le nécessaire pour cuisiner', 'Vaisselle et couverts', 'Congélateur', 'Lave-vaisselle', 'Cuisinière', 'Four simple TEKA en acier inoxydable', 'Bouilloire électrique', 'Cafetière\xa0: Nespresso', 'Grille-pain', 'Blender', 'Compacteur de déchets', 'Table à manger', 'Café']}, {""Caractéristiques de l'emplacement"": ['Entrée privée', 'Laverie automatique à proximité']}, {'Extérieur': ['Privé\xa0: patio ou balcon', ""Mobilier d'extérieur"", 'Espace repas en plein air']}, {'Parking et installations': ['Stationnement gratuit dans la rue', 'Ascenseur', 'Salle de sport partagée dans le bâtiment', 'Stationnement payant dans un garage non résidentiel']}, {'Services': ['Dépôt de bagages autorisé', 'Séjours longue durée autorisés', 'Arrivée autonome', 'Serrure connectée']}]"
id,url,description,title,overview,items,amenities
1596388708645893032,https://fr.airbnb.com/rooms/1596388708645893032,🏢 Studio 1 chambre moderne situé sur Route d’El Jadida<br />📍 Prox. CFC – Oasis – Maarif<br />🛋️ Salon lumineux et bien agencé<br />🍽️ Cuisine américaine moderne<br />🛏️ Chambre confortable avec terrasse 🌿<br />🚿 Salle de bain fonctionnelle<br />🛒 Proche supermarchés & commodités<br />🚗 Accès facile aux grands axes,NEW Élégant 1BR • Calme/ PR-CFC /Terrasse•Netflix,"Logement entier : appartement en résidence - Casablanca, Maroc","['4 voyageurs', '1 chambre', '1 lit', '1\xa0salle de bain']","[{'Salle de bain': ['Sèche-cheveux', 'Produits de nettoyage', 'Shampoing', 'Après-shampoing', 'Savon pour le corps', 'Eau chaude', 'Gel douche']}, {'Chambre et linge': ['Lave-linge', 'Sèche-linge', 'Produits de base', 'Cintres', 'Linge de lit', 'Oreillers et couvertures supplémentaires', 'Stores ou rideaux occultants', 'Étendoir à linge', 'Espace de rangement pour les vêtements']}, {'Divertissement': ['Connexion Ethernet', 'Télévision']}, {'Famille': ['Vaisselle pour enfants', 'Jeux de société', 'Barrières de sécurité pour bébé']}, {'Chauffage et climatisation': ['Climatisation', 'Chauffage']}, {'Sécurité à la maison': ['Détecteur de fumée', 'Détecteur de monoxyde de carbone', 'Extincteur', 'Trousse de premiers secours']}, {'Internet et bureau': ['Wifi']}, {'Cuisine et salle à manger': ['Cuisine', 'Réfrigérateur', 'Tout le nécessaire pour cuisiner', 'Vaisselle et couverts', 'Congélateur', 'Cuisinière', 'Four', 'Bouilloire électrique', 'Cafetière', 'Verres à vin', 'Compacteur de déchets', 'Table à manger', 'Café']}, {""Caractéristiques de l'emplacement"": ['Entrée privée']}, {'Extérieur': ['Espace repas en plein air']}, {'Parking et installations': ['Stationnement gratuit sur place', 'Stationnement gratuit dans la rue', 'Ascenseur']}, {'Services': ['Séjours longue durée autorisés']}]"
id,url,description,title,overview,items,amenities
1741452525740728347,https://fr.airbnb.com/rooms/1741452525740728347,Take it easy at this unique and tranquil getaway.,Appartement Art déco d'une chambre ,"Logement entier : appartement - Casablanca, Maroc","['2 voyageurs', '1 chambre', '1 lit', '1\xa0salle de bain']","[{'Salle de bain': ['Eau chaude']}, {'Chambre et linge': ['Lave-linge', 'Produits de base']}, {'Divertissement': ['Télévision']}, {'Chauffage et climatisation': ['Climatisation', 'Chauffage']}, {'Cuisine et salle à manger': ['Cuisine', 'Réfrigérateur']}]"
id,url,description,title,overview,items,amenities
1538444915770675659,https://fr.airbnb.com/rooms/1538444915770675659,"Profitez d'un appartement lumineux et moderne de 2 chambres au cœur de Gauthier, le quartier le plus branché de Casablanca. Entièrement équipé, avec un décor élégant, des lits confortables et un salon confortable. À quelques pas des meilleurs cafés, restaurants et magasins. Parfait pour les voyages d'affaires ou les escapades en ville.",Élégant 2BR à Gauthier – Centre de Casablanca,"Logement entier : appartement - Casablanca, Maroc","['4 voyageurs', '2 chambres', '2 lits', '1\xa0salle de bain']","[{'Salle de bain': ['Sèche-cheveux', 'Produits de nettoyage', 'Shampoing', 'Savon pour le corps', 'Eau chaude', 'Gel douche']}, {'Chambre et linge': ['Lave-linge', 'Cintres', 'Linge de lit', 'Oreillers et couvertures supplémentaires', 'Stores ou rideaux occultants', 'Fer à repasser', 'Étendoir à linge', 'Espace de rangement pour les vêtements']}, {'Divertissement': ['Télévision']}, {'Famille': ['Lit pour bébé\xa0: disponible sur demande', 'Chaise haute\xa0: disponible sur demande']}, {'Chauffage et climatisation': ['Climatisation', 'Chauffage']}, {'Internet et bureau': ['Wifi', 'Espace de travail dédié']}, {'Cuisine et salle à manger': ['Cuisine', 'Réfrigérateur', 'Four à micro-ondes', 'Tout le nécessaire pour cuisiner', 'Vaisselle et couverts', 'Congélateur', 'Cuisinière', 'Four', 'Bouilloire électrique', 'Cafetière', 'Blender', 'Café']}, {'Extérieur': ['Patio ou balcon', ""Mobilier d'extérieur""]}, {'Services': ['Animaux acceptés', 'Séjours longue durée autorisés', 'Arrivée autonome', ""Personnel de l'immeuble"", 'Service de ménage disponible 1\xa0jour par semaine']}]"
id,url,description,title,overview,items,amenities
1673254665590349335,https://fr.airbnb.com/rooms/1673254665590349335,Take it easy at this unique and tranquil getaway.,Nice studio centre Casablanca pour couples,"Logement entier : appartement - Casablanca, Maroc","['2 voyageurs', '1 chambre', '1 lit', '1\xa0salle de bain']","[{'Chambre et linge': ['Lave-linge', 'Fer à repasser']}, {'Divertissement': ['Télévision']}, {'Chauffage et climatisation': ['Climatisation', 'Chauffage']}, {'Sécurité à la maison': ['Détecteur de fumée', 'Détecteur de monoxyde de carbone', 'Extincteur', 'Trousse de premiers secours']}, {'Internet et bureau': ['Wifi', 'Espace de travail dédié']}, {'Cuisine et salle à manger': ['Cuisine', 'Tout le nécessaire pour cuisiner']}, {'Parking et installations': ['Stationnement gratuit sur place', 'Stationnement payant sur place']}, {'Services': ['Animaux acceptés', 'Arrivée autonome', 'Serrure numérique']}]"
id,url,description,title,overview,items,amenities
1562381104687526931,https://fr.airbnb.com/rooms/1562381104687526931,"✨ Studio Panoramique  – Gare Oasis <br /><br />Profitez d’un studio moderne et lumineux situé à deux pas de la gare Oasis.<br />	•	Chambre avec lit King Size<br />	•	Deux salles de bain élégantes<br />	•	Terrasse privée avec vue panoramique<br />	•	TV 60 pouces pour vos moments détente<br /><br />Idéal pour un séjour confortable et pratique, alliant design, confort et proximité des transports.",Studio Premium – Confort & Tranquillité,"Logement entier : appartement - Casablanca, Maroc","['3 voyageurs', '1 chambre', '1 lit', '2\xa0salles de bain']","[{'Salle de bain': ['Sèche-cheveux', 'Produits de nettoyage', 'Shampoing', 'Savon pour le corps', 'Bidet', 'Eau chaude', 'Gel douche']}, {'Chambre et linge': ['Lave-linge', 'Sèche-linge', 'Cintres', 'Linge de lit', 'Oreillers et couvertures supplémentaires', 'Fer à repasser', 'Espace de rangement pour les vêtements']}, {'Divertissement': ['Connexion Ethernet', 'Télévision', 'Appareils de fitness']}, {'Famille': ['Lit pour bébé', 'Lit parapluie', 'Caches-prises']}, {'Chauffage et climatisation': ['Climatisation', 'Cheminée', 'Chauffage']}, {'Sécurité à la maison': ['Extincteur']}, {'Internet et bureau': ['Wifi', 'Espace de travail dédié', 'Routeur wifi portable']}, {'Cuisine et salle à manger': ['Cuisine', 'Réfrigérateur', 'Tout le nécessaire pour cuisiner', 'Vaisselle et couverts', 'Congélateur', 'Cuisinière', 'Four', 'Bouilloire électrique', 'Cafetière\xa0: Nespresso', 'Verres à vin', 'Blender', 'Compacteur de déchets', 'Ustensiles de barbecue', 'Café']}, {""Caractéristiques de l'emplacement"": ['Entrée privée']}, {'Extérieur': [""Mobilier d'extérieur"", 'Espace repas en plein air', 'Barbecue']}, {'Parking et installations': ['Stationnement gratuit sur place', 'Stationnement gratuit dans la rue', 'Ascenseur', 'Salle de sport']}, {'Services': ['Animaux acceptés', 'Dépôt de bagages autorisé', 'Séjours longue durée autorisés', 'Arrivée autonome', 'Serrure numérique', 'Ménage disponible pendant le séjour']}]"
id,url,description,title,overview,items,amenities
1501421558858207117,https://fr.airbnb.com/rooms/1501421558858207117,"🌿 Bienvenue chez LH Suites – Terrasse & Détente<br />Situé au 2ᵉ étage d’un immeuble moderne et sécurisé, au cœur du quartier Les Princesses, cet élégant appartement de deux chambres vous offre un cadre parfait pour un séjour confortable et serein.<br />Spacieux et lumineux,  idéale pour profiter de vos moments de détente.<br />🌞 Vous serez à proximité immédiate de nombreux cafés, restaurants, commerces et services, dans l’un des quartiers les plus vivants et recherchés de Casablanca.",Confort et tranquillité – Studio tout inclus,"Logement entier : appartement - Casablanca, Maroc","['3 voyageurs', '1 chambre', '1 lit', '1\xa0salle de bain']","[{'Salle de bain': ['Sèche-cheveux', 'Produits de nettoyage', 'Eau chaude']}, {'Chambre et linge': ['Lave-linge', 'Cintres', 'Linge de lit', 'Fer à repasser', 'Étendoir à linge', 'Espace de rangement pour les vêtements']}, {'Divertissement': ['Connexion Ethernet', 'Télévision']}, {'Famille': ['Lit pour bébé']}, {'Chauffage et climatisation': ['Climatisation', 'Chauffage']}, {'Sécurité à la maison': ['Détecteur de fumée', 'Extincteur']}, {'Internet et bureau': ['Wifi']}, {'Cuisine et salle à manger': ['Cuisine', 'Réfrigérateur', 'Tout le nécessaire pour cuisiner', 'Vaisselle et couverts', 'Congélateur', 'Cuisinière', 'Four', 'Cafetière\xa0: Nespresso', 'Verres à vin', 'Plaques de cuisson', 'Cuiseur à riz', 'Compacteur de déchets', 'Café']}, {""Caractéristiques de l'emplacement"": ['Entrée privée']}, {'Extérieur': ['Espace repas en plein air']}, {'Parking et installations': ['Stationnement gratuit sur place', 'Ascenseur']}, {'Services': ['Animaux acceptés', 'Dépôt de bagages autorisé', 'Séjours longue durée autorisés', 'Arrivée autonome', ""Personnel de l'immeuble"", 'Ménage disponible pendant le séjour']}]"
id,url,title,description,overview,items,amenities
784735916217761811,https://fr.airbnb.com/rooms/784735916217761811,Appartement Cosy et chaleureux - Casablanca centre,"Profitez d'un hébergement élégant en centre-ville, à proximité des commerces et des transports en commun, entièrement équipé, qui offre à la fois le confort et la quiétude dont vous aurez besoin pour passer des moments magiques.","Logement entier : appartement en résidence - Casablanca, Maroc","['4 voyageurs', '1 chambre', '4 lits', '1\xa0salle de bain']","[{'Vues panoramiques': ['Vue sur le jardin']}, {'Salle de bain': ['Baignoire', 'Sèche-cheveux', 'Produits de nettoyage', 'Shampoing Phenix ', 'Après-shampoing Phenix ', 'Savon pour le corps Dove ', 'Eau chaude', 'Gel douche']}, {'Chambre et linge': ['Lave-linge (Gratuit) dans le logement', 'Sèche-linge (Gratuit) dans le logement', 'Produits de base', 'Cintres', 'Linge de lit', 'Oreillers et couvertures supplémentaires', 'Stores ou rideaux occultants', 'Fer à repasser', 'Étendoir à linge', 'Espace de rangement pour les vêtements\xa0: placard']}, {'Divertissement': ['Connexion Ethernet', 'TV HD 55\xa0pouces avec Netflix, abonnement standard au câble', ""Jeux d'arcade"", 'Livres et de quoi lire']}, {'Famille': ['Lit pour bébé', 'Lit parapluie\xa0: disponible sur demande', 'Livres et jouets pour enfants  (Plus de 10\xa0ans)', 'Chaise haute de type siège de table\xa0: toujours dans le logement', 'Baignoire pour bébé\xa0: toujours dans le logement', 'Vaisselle pour enfants', 'Table à langer\xa0: toujours dans le logement', 'Jeux de société']}, {'Chauffage et climatisation': ['Climatisation centrale', 'Chauffage']}, {'Sécurité à la maison': ['Caméras de surveillance extérieures présentes sur place', 'Trousse de premiers secours']}, {'Internet et bureau': ['Wifi', 'Espace de travail dédié', 'Routeur wifi portable']}, {'Cuisine et salle à manger': ['Cuisine', 'Réfrigérateur', 'Four à micro-ondes', 'Tout le nécessaire pour cuisiner', 'Vaisselle et couverts', 'Congélateur', 'Cuisinière électrique Electrolux en acier inoxydable', 'Four Adox en acier inoxydable', 'Bouilloire électrique', 'Cafetière', 'Verres à vin', 'Grille-pain', 'Plaques de cuisson', 'Table à manger', 'Café']}, {""Caractéristiques de l'emplacement"": ['Laverie automatique à proximité']}, {'Extérieur': ['Privé\xa0: patio ou balcon', ""Mobilier d'extérieur"", 'Espace repas en plein air']}, {'Parking et installations': ['Stationnement gratuit sur place', 'Stationnement gratuit dans la rue', 'Ascenseur']}, {'Services': ['Animaux acceptés', 'Dépôt de bagages autorisé', 'Logement fumeur', 'Séjours longue durée autorisés', 'Arrivée autonome', 'Serrure numérique']}]"
id,url,title,description,overview,items,amenities
1591478556731223667,https://fr.airbnb.com/rooms/1591478556731223667,Studio chic et moderne • Les Princesses • Parking,"Envie d’un pied-à-terre élégant à Casablanca ?<br />On  vous ouvre les portes d’un studio chic et moderne, pensé pour allier confort, style et emplacement premium. Idéal pour un séjour professionnel ou une escapade urbaine en toute sérénité.","Logement entier : appartement - Casablanca, Maroc","['2 voyageurs', '1 chambre', '1 lit', '1\xa0salle de bain']","[{'Salle de bain': ['Sèche-cheveux', 'Shampoing', 'Après-shampoing', 'Savon pour le corps', 'Eau chaude', 'Gel douche']}, {'Chambre et linge': ['Lave-linge', 'Produits de base', 'Linge de lit', 'Stores ou rideaux occultants', 'Fer à repasser']}, {'Divertissement': ['Télévision']}, {'Chauffage et climatisation': ['Climatisation', 'Chauffage']}, {'Sécurité à la maison': ['Détecteur de fumée']}, {'Internet et bureau': ['Wifi', 'Espace de travail dédié']}, {'Cuisine et salle à manger': ['Cuisine', 'Réfrigérateur', 'Tout le nécessaire pour cuisiner', 'Vaisselle et couverts', 'Congélateur', 'Four', 'Bouilloire électrique', 'Cafetière', 'Verres à vin', 'Grille-pain', 'Café']}, {""Caractéristiques de l'emplacement"": ['Entrée privée']}, {'Extérieur': ['Privé\xa0: patio ou balcon']}, {'Parking et installations': ['Stationnement gratuit sur place', 'Ascenseur']}, {'Services': ['Arrivée autonome', 'Serrure numérique']}]"
id,url,title,description,overview,items,amenities
1725486630295056171,https://fr.airbnb.com/rooms/1725486630295056171,Maarif · Domino 1 chambre · Parking · Toit-terrasse · 303,"Vive Casablanca en YourPlace Maarif — edificio boutique completo en el corazón de Maârif. 🌿<br />✔ Rooftop con sillas, parasoles y plantas<br /><br />✔ Recepción & seguridad 24h<br /><br />✔ Cerradura inteligente<br /><br />✔ Cocina americana totalmente equipada<br /><br />✔ Nespresso (cápsulas incluidas ☕)<br /><br />✔ Lavadora & balcón privado<br /><br />✔ WiFi fibra óptica & aire acondicionado<br /><br />✔ Parking disponible<br /><br />✔ Servicio de limpieza disponible<br /><br />✔ Decoración ""Domino"" — blanco y negro gráfico con toques burdeos y verde 🎲","Logement entier : appartement - Casablanca, Maroc","['3 voyageurs', '1 chambre', '1 lit', '1\xa0salle de bain']","[{'Salle de bain': ['Sèche-cheveux', 'Produits de nettoyage', 'Shampoing', 'Après-shampoing', 'Savon pour le corps', 'Eau chaude']}, {'Chambre et linge': ['Lave-linge', 'Produits de base', 'Cintres', 'Linge de lit', 'Oreillers et couvertures supplémentaires', 'Stores ou rideaux occultants', 'Fer à repasser', 'Étendoir à linge', 'Coffre-fort', 'Moustiquaire', 'Espace de rangement pour les vêtements']}, {'Divertissement': ['Télévision', 'Livres et de quoi lire']}, {'Famille': ['Lit pour bébé', 'Chaise haute', 'Vaisselle pour enfants', 'Caches-prises', 'Protections sur les coins de tables', 'Recommandations de baby-sitters']}, {'Chauffage et climatisation': ['Climatisation', 'Chauffage']}, {'Sécurité à la maison': ['Caméras de surveillance extérieures présentes sur place', 'Détecteur de fumée', 'Détecteur de monoxyde de carbone', 'Extincteur', 'Trousse de premiers secours']}, {'Internet et bureau': ['Wifi', 'Espace de travail dédié']}, {'Cuisine et salle à manger': ['Cuisine', 'Réfrigérateur', 'Tout le nécessaire pour cuisiner', 'Vaisselle et couverts', 'Congélateur', 'Cuisinière', 'Four', 'Bouilloire électrique', 'Cafetière\xa0: Nespresso', 'Verres à vin', 'Grille-pain', 'Plaques de cuisson', 'Blender', 'Table à manger', 'Café', 'Machine à pain']}, {""Caractéristiques de l'emplacement"": ['Laverie automatique à proximité']}, {'Extérieur': ['Patio ou balcon', ""Mobilier d'extérieur"", 'Espace repas en plein air', 'Chaises longues']}, {'Parking et installations': ['Stationnement gratuit sur place', 'Stationnement gratuit dans la rue', 'Ascenseur', 'Recharge pour véhicule électrique', 'Portier']}, {'Services': ['Animaux acceptés', 'Dépôt de bagages autorisé', 'Séjours longue durée autorisés', 'Arrivée autonome', 'Serrure connectée', 'Ménage disponible pendant le séjour']}]"
id,url,title,description,overview,items,amenities
1582504790193461795,https://fr.airbnb.com/rooms/1582504790193461795,"Appartement d’artiste avec terrasse sur le toit et vue sur le port 5,0 étoiles","Appartement d’artiste au dernier étage sur le boulevard le plus emblématique de Casablanca – terrasse privée de 30 m² avec vue sur le port et la ville, pouvant accueillir jusqu’à 6 personnes. Décoré par un artiste local avec des imprimés vintage et des plantes soigneusement sélectionnées. Le genre d’adresse dont les gens se souviennent.","Logement entier : appartement - Casablanca, Maroc","['6 voyageurs', '2 chambres', '3 lits', '1,5\xa0salles de bain']","[{'Salle de bain': ['Sèche-cheveux', 'Produits de nettoyage', 'Shampoing', 'Savon pour le corps', 'Eau chaude', 'Gel douche']}, {'Chambre et linge': ['Lave-linge', 'Sèche-linge', 'Produits de base', 'Cintres', 'Linge de lit', 'Oreillers et couvertures supplémentaires', 'Stores ou rideaux occultants', 'Fer à repasser', 'Étendoir à linge', 'Espace de rangement pour les vêtements']}, {'Divertissement': ['Connexion Ethernet', 'Télévision', 'Livres et de quoi lire']}, {'Chauffage et climatisation': ['Climatisation', 'Chauffage']}, {'Sécurité à la maison': ['Caméras de surveillance extérieures présentes sur place', 'Détecteur de fumée', 'Détecteur de monoxyde de carbone', 'Trousse de premiers secours']}, {'Internet et bureau': ['Wifi', 'Espace de travail dédié']}, {'Cuisine et salle à manger': ['Cuisine', 'Réfrigérateur', 'Tout le nécessaire pour cuisiner', 'Vaisselle et couverts', 'Congélateur', 'Cuisinière', 'Four', 'Bouilloire électrique', 'Cafetière', 'Verres à vin', 'Grille-pain', 'Plaques de cuisson', 'Blender', 'Ustensiles de barbecue', 'Table à manger', 'Café']}, {'Extérieur': ['Patio ou balcon', ""Mobilier d'extérieur"", 'Espace repas en plein air', 'Barbecue']}, {'Parking et installations': ['Ascenseur', ""Stationnement payant à l'extérieur de la propriété""]}, {'Services': ['Animaux acceptés', 'Séjours longue durée autorisés', 'Arrivée autonome', 'Serrure connectée', 'Service de ménage\xa0: disponible moyennant un supplément']}]"
id,url,title,description,overview,items,amenities
1720521690430673902,https://fr.airbnb.com/rooms/1720521690430673902,Rare! Luxueux Studio 5* Bourgogne-Casablanca,"LES COUPLES MAROCAINS DOIVENT ÊTRE MARIÉS POUR Y SÉJOURNER (LOI MAROCAINE)<br /><br />Studio haut de gamme offrant une expérience digne des plus grands hôtels de luxe.<br /><br />À moins de 5 minutes des lieux incontournables de la ville.<br /><br />-à quelques pas des supermarchés, restaurants, cafés, bureaux de change, pharmacies, transport, etc<br />-à 1 minute d'Anfa et Triangle d'Or<br />-à 3 minutes de Maarif<br />-à 5 minutes de la Mosquée Hassan II, Corniche, Megarama, Mall Anfa Place, Marina Mall etdes meilleurs restos de la ville","Logement entier : appartement - Casablanca, Maroc","['2 voyageurs', '1 chambre', '1 lit', '1\xa0salle de bain']","[{'Salle de bain': ['Sèche-cheveux', 'Eau chaude']}, {'Chambre et linge': ['Lave-linge', 'Produits de base', 'Fer à repasser']}, {'Divertissement': ['Télévision']}, {'Chauffage et climatisation': ['Climatisation', 'Chauffage central']}, {'Sécurité à la maison': ['Caméras de surveillance extérieures présentes sur place']}, {'Internet et bureau': ['Wifi']}, {'Cuisine et salle à manger': ['Cuisine', 'Réfrigérateur', 'Four à micro-ondes', 'Tout le nécessaire pour cuisiner', 'Four', 'Bouilloire électrique', 'Cafetière', 'Grille-pain', 'Plaques de cuisson', 'Café']}, {'Parking et installations': ['Stationnement gratuit sur place', 'Ascenseur']}, {'Services': ['Séjours longue durée autorisés', 'Arrivée autonome', 'Boîte à clé sécurisée']}]"
id,url,title,description,overview,items,amenities
1429621380317622146,https://fr.airbnb.com/rooms/1429621380317622146,Peninsula Dar Bouazza Piscine & Plage à 2 Pas,"🔹Bienvenue à PININSULA, un superbe appartement en bord de mer à Dar Bouazza.<br /> • Idéal pour se détendre, il offre une chambre, deux salons, une cuisine américaine équipée et une salle de bain.<br /> • Profitez d’une grande piscine et d’un accès direct à la plage.<br /> • Résidence sécurisée, calme et bien située. 🔹Parfait pour un séjour en couple, en famille ou entre amis. Soleil, confort et mer au rendez-vous !","Logement entier : appartement en résidence - Nouaceur, Maroc","['6 voyageurs', '1 chambre', '1 lit', '1\xa0salle de bain']","[{'Vues panoramiques': ['Vue sur la plage']}, {'Salle de bain': ['Sèche-cheveux', 'Produits de nettoyage', 'Shampoing', 'Après-shampoing', 'Savon pour le corps', 'Douche extérieure', 'Eau chaude', 'Gel douche']}, {'Chambre et linge': ['Lave-linge', 'Sèche-linge', 'Produits de base', 'Cintres', 'Linge de lit', 'Oreillers et couvertures supplémentaires', 'Stores ou rideaux occultants', 'Étendoir à linge', 'Espace de rangement pour les vêtements\xa0: placard']}, {'Divertissement': ['Connexion Ethernet', 'Télévision']}, {'Famille': ['Vaisselle pour enfants']}, {'Chauffage et climatisation': ['Climatisation', 'Chauffage central']}, {'Sécurité à la maison': ['Détecteur de fumée']}, {'Internet et bureau': ['Wifi']}, {'Cuisine et salle à manger': ['Cuisine', 'Réfrigérateur', 'Four à micro-ondes', 'Tout le nécessaire pour cuisiner', 'Vaisselle et couverts', 'Congélateur', 'Lave-vaisselle', 'Cuisinière à gaz Other', 'Four', 'Bouilloire électrique', 'Cafetière', 'Verres à vin', 'Blender', 'Table à manger', 'Café']}, {""Caractéristiques de l'emplacement"": ['Accès à la plage']}, {'Extérieur': ['Chaises longues']}, {'Parking et installations': ['Stationnement gratuit sur place', 'Stationnement gratuit dans la rue', 'Piscine']}, {'Services': ['Animaux acceptés', 'Arrivée autonome', 'Serrure numérique']}]"
id,url,title,description,overview,items,amenities
1367492456901675118,https://fr.airbnb.com/rooms/1367492456901675118,"Appartement Oasis
MelyaLiving
Studio Haut Standing","Situé dans l’emblématique quartier Oasis, cet appartement moderne extrêmement bien situé à proximité immédiate de la célèbre route d’El jadida vous offre tout le confort nécessaire avec une chambre, un salon lumineux, une cuisine équipée et une salle de bain avec wc. Proximité du tramway( station Anfa Club) pour vous déplacer facilement dans Casablanca.<br />En bas de la résidence il y a un grand Carrefour Label vie qui comprend caviste, boucherie et fromagerie 😍Restaurants japonais et marocains 🇲🇦🍣🍱🍢","Logement entier : appartement en résidence - Casablanca, Maroc","['4 voyageurs', '1 chambre', '1 lit', '1\xa0salle de bain']","[{'Salle de bain': ['Sèche-cheveux', 'Eau chaude']}, {'Chambre et linge': ['Lave-linge', 'Sèche-linge', 'Produits de base', 'Linge de lit', 'Fer à repasser', 'Étendoir à linge', 'Espace de rangement pour les vêtements\xa0: dressing']}, {'Divertissement': ['Télévision']}, {'Famille': ['Lit pour bébé\xa0: disponible sur demande']}, {'Chauffage et climatisation': ['Climatisation', 'Chauffage central']}, {'Sécurité à la maison': ['Détecteur de fumée', 'Détecteur de monoxyde de carbone', 'Extincteur', 'Trousse de premiers secours']}, {'Internet et bureau': ['Wifi', 'Espace de travail dédié']}, {'Cuisine et salle à manger': ['Cuisine', 'Réfrigérateur LG', 'Tout le nécessaire pour cuisiner', 'Congélateur', 'Cuisinière à induction Other', 'Four en acier inoxydable', 'Cafetière\xa0: Nespresso', 'Grille-pain', 'Plaques de cuisson', 'Café']}, {'Parking et installations': ['Stationnement gratuit dans un garage sur place\xa0: 1\xa0place', 'Ascenseur']}, {'Services': ['Animaux acceptés', 'Dépôt de bagages autorisé', 'Logement fumeur', 'Séjours longue durée autorisés', 'Arrivée autonome', 'Boîte à clé sécurisée']}]"
id,url,description,title,overview,items,amenities
1726145418485167709,https://fr.airbnb.com/rooms/1726145418485167709,"Imaginez votre matinée sur la terrasse, les enfants dans la piscine, la plage à quelques minutes et les restaurants de Dar Bouazza tout près pour finir la journée sans stress.<br /><br />Notre villa à Tamaris combine ce que les voyageurs recherchent le plus : le calme d’une vraie maison, une piscine privée, la proximité de la mer et toutes les commodités accessibles facilement.<br /><br />Nous restons disponibles  pour vous accompagner, vous conseiller les bonnes adresses du quartier et faciliter votre arrivée.",Villa piscine près plage & commerces – Tamaris,"Logement entier : villa - Tamaris, Maroc","['8 voyageurs', '3 chambres', '4 lits', '2,5\xa0salles de bain']","[{'Salle de bain': ['Eau chaude']}, {'Chambre et linge': ['Lave-linge', 'Produits de base', 'Cintres']}, {'Divertissement': ['Télévision']}, {'Chauffage et climatisation': ['Climatisation', 'Chauffage']}, {'Internet et bureau': ['Wifi', 'Espace de travail dédié']}, {'Cuisine et salle à manger': ['Cuisine', 'Réfrigérateur', 'Four à micro-ondes', 'Tout le nécessaire pour cuisiner', 'Vaisselle et couverts', 'Lave-vaisselle', 'Four', 'Bouilloire électrique', 'Cafetière']}, {'Extérieur': [""Mobilier d'extérieur"", 'Barbecue']}, {'Parking et installations': ['Stationnement gratuit sur place', 'Piscine']}]"
id,url,title,description,overview,items,amenities
877511652086933378,https://fr.airbnb.com/rooms/877511652086933378,Confort et Style à Casablanca,"Bel appartement neuf, situé en plein centre de Casablanca, un emplacement idéal proche de toutes commodités.<br />à côté des hôtels: Campanile, kyriad et Mogador. Situé entre les deux gares Casa voyageurs et casa port et à deux pas du Tramway. Bien ensoleillé , haut standing.<br />Il possède une chambre des parents, un espace salon repas.<br />Résidence hautement sécurisée avec Place au garage.<br />ses équipements fonctionnels appellent au bien-être.<br />La lumière qui pénètre rend le salon lumineux et chaleureux.","Logement entier : appartement - Casablanca, Maroc","['4 voyageurs', '1 chambre', '3 lits', '1\xa0salle de bain']","[{'Salle de bain': ['Sèche-cheveux', 'Bidet', 'Eau chaude']}, {'Chambre et linge': ['Lave-linge', 'Cintres', 'Linge de lit', 'Stores ou rideaux occultants', 'Fer à repasser']}, {'Divertissement': ['Télévision']}, {'Famille': ['Table à langer\xa0: toujours dans le logement']}, {'Chauffage et climatisation': ['Climatisation centrale', 'Ventilateurs portables', 'Chauffage']}, {'Sécurité à la maison': ['Caméras de surveillance extérieures présentes sur place']}, {'Internet et bureau': ['Wifi', 'Espace de travail dédié']}, {'Cuisine et salle à manger': ['Cuisine', 'Réfrigérateur', 'Tout le nécessaire pour cuisiner', 'Vaisselle et couverts', 'Congélateur', 'Cuisinière', 'Four Simple', 'Table à manger']}, {""Caractéristiques de l'emplacement"": ['Entrée privée']}, {'Parking et installations': ['Stationnement gratuit sur place', 'Ascenseur']}, {'Services': ['Séjours longue durée autorisés', 'Arrivée autonome', 'Boîte à clé sécurisée']}]"
id,url,description,title,overview,items,amenities
1411679405839409184,https://fr.airbnb.com/rooms/1411679405839409184,"Profitez d'un logement élégant et central situé dans le mythique quartier du Maarif, cet appartement moderne résidence Amira ☀️ vous offre tout le confort nécessaire. Il comprend une chambre, une salle de bain, un salon lumineux et une cuisine équipée. Profitez de la proximité immédiate avec l’hyper centre et la vie de Casablanca. Vous accéderez rapidement à de nombreux commerces, restaurants et boutiques (dont un grand carrefour, un bim et un Quick). Vous serez à proximité du stade d’honneur 🇲🇦","Studio Haut Standing
MaarifSocrate
Résidence Amira","Logement entier : appartement - Casablanca, Maroc","['4 voyageurs', '1 chambre', '1 lit', '1\xa0salle de bain']","[{'Salle de bain': ['Sèche-cheveux', 'Savon pour le corps', 'Eau chaude', 'Gel douche']}, {'Chambre et linge': ['Lave-linge', 'Produits de base', 'Cintres', 'Linge de lit', 'Stores ou rideaux occultants', 'Fer à repasser', 'Espace de rangement pour les vêtements\xa0: placard']}, {'Divertissement': ['Télévision']}, {'Famille': ['Lit pour bébé']}, {'Chauffage et climatisation': ['Climatisation', 'Chauffage central']}, {'Sécurité à la maison': ['Détecteur de fumée', 'Détecteur de monoxyde de carbone', 'Extincteur']}, {'Internet et bureau': ['Wifi', 'Espace de travail dédié']}, {'Cuisine et salle à manger': ['Cuisine', 'Réfrigérateur', 'Four à micro-ondes', 'Tout le nécessaire pour cuisiner', 'Vaisselle et couverts', 'Congélateur', 'Cuisinière à gaz Other', 'Four', 'Cafetière\xa0: Nespresso', 'Table à manger', 'Café']}, {'Parking et installations': ['Stationnement gratuit sur place', 'Ascenseur']}, {'Services': ['Animaux acceptés', 'Séjours longue durée autorisés', 'Arrivée autonome', 'Serrure connectée']}]"
id,url,description,title,overview,items,amenities
1716567611418525059,https://fr.airbnb.com/rooms/1716567611418525059,"✨ Studio Design – Bourgogne<br /><br />* 📍 À 7 min à pied de la Mosquée Hassan II<br />* 🛋️ Salon moderne avec Smart TV & Netflix<br />* 🛏️ Chambre avec terrasse<br />* 🍽️ Cuisine ouverte entièrement équipée<br />* 🚿 Salle de bain avec douche à l’italienne<br />* 📶 WiFi Fibre haut débit<br />* ❄️ Climatisation<br />* 🔑 Self Check-in 24h/24<br />* 🌊 Proche Corniche, centre-ville, restaurants, cafés et commerces",Studio Moderne Cosy | Indépendant • Wifi • Netflix,"Logement entier : appartement - Casablanca, Maroc","['4 voyageurs', '1 chambre', '1 lit', '1\xa0salle de bain']","[{'Salle de bain': ['Sèche-cheveux', 'Produits de nettoyage', 'Shampoing', 'Savon pour le corps', 'Bidet', 'Eau chaude', 'Gel douche']}, {'Chambre et linge': ['Lave-linge', 'Produits de base', 'Cintres', 'Linge de lit', 'Oreillers et couvertures supplémentaires', 'Stores ou rideaux occultants', 'Fer à repasser', 'Étendoir à linge', 'Espace de rangement pour les vêtements']}, {'Divertissement': ['Connexion Ethernet', 'Télévision']}, {'Famille': ['Vaisselle pour enfants', 'Caches-prises']}, {'Chauffage et climatisation': ['Climatisation', 'Chauffage']}, {'Sécurité à la maison': ['Détecteur de fumée', 'Détecteur de monoxyde de carbone', 'Extincteur', 'Trousse de premiers secours']}, {'Internet et bureau': ['Wifi']}, {'Cuisine et salle à manger': ['Cuisine', 'Réfrigérateur', 'Four à micro-ondes', 'Vaisselle et couverts', 'Congélateur', 'Cuisinière à gaz Other', 'Four Double', 'Bouilloire électrique', 'Cafetière\xa0: Nespresso', 'Verres à vin', 'Compacteur de déchets', 'Café']}, {""Caractéristiques de l'emplacement"": ['Entrée privée']}, {'Extérieur': ['Privé\xa0: patio ou balcon']}, {'Parking et installations': ['Stationnement gratuit dans la rue', 'Ascenseur']}, {'Services': ['Séjours longue durée autorisés']}]"
id,url,title,description,overview,items,amenities
1713002746988047897,https://fr.airbnb.com/rooms/1713002746988047897,LB Living 19 - une chambre avec balcon,Enjoy a stylish experience at this centrally-located place.,"Logement entier : appartement - Casablanca, Maroc","['2 voyageurs', '1 chambre', '1 lit', '1\xa0salle de bain']","[{'Salle de bain': ['Eau chaude']}, {'Chambre et linge': ['Lave-linge']}, {'Divertissement': ['Télévision']}, {'Chauffage et climatisation': ['Climatisation']}, {'Internet et bureau': ['Wifi']}, {'Cuisine et salle à manger': ['Cuisine']}, {'Parking et installations': ['Stationnement gratuit sur place']}, {'Services': ['Arrivée autonome', 'Serrure numérique']}]"
id,url,title,description,overview,items,amenities
1590252757204231032,https://fr.airbnb.com/rooms/1590252757204231032,Auberge de jeunesse marocaine haut de gamme d'un étage 7,您一定会喜欢这处独特而浪漫的度假屋。,"Chambre · Casablanca, Maroc","['11 lits', '3\xa0salles de bain partagées']","[{'Salle de bain': ['Sèche-cheveux']}, {'Chambre et linge': ['Lave-linge', 'Fer à repasser']}, {'Divertissement': ['Télévision']}, {'Chauffage et climatisation': ['Climatisation', 'Cheminée']}, {'Sécurité à la maison': ['Caméras de surveillance extérieures présentes sur place', 'Extincteur', 'Trousse de premiers secours']}, {'Internet et bureau': ['Wifi', 'Espace de travail dédié']}, {'Cuisine et salle à manger': ['Cuisine', 'Tout le nécessaire pour cuisiner']}, {'Extérieur': ['Brasero', 'Espace repas en plein air', 'Barbecue']}, {'Parking et installations': ['Stationnement gratuit sur place', 'Jacuzzi', 'Stationnement payant sur place']}, {'Services': ['Animaux acceptés', 'Logement fumeur']}]"
id,url,title,description,overview,items,amenities
1475269694397113898,https://fr.airbnb.com/rooms/1475269694397113898,Évasion Bohème Soleil Centre-ville maarif,"Charmant studio bohème marocain au cœur du Maarif, centre-ville de Casablanca. Entièrement équipé, décor chaleureux style marrakchi et à deux pas des cafés, restaurants et commerces.","Logement entier : appartement - Casablanca, Maroc","['4 voyageurs', '1 chambre', '3 lits', '1\xa0salle de bain']","[{'Salle de bain': ['Sèche-cheveux', 'Produits de nettoyage', 'Shampoing l’oréal', 'Après-shampoing', 'Savon pour le corps marseillais', 'Eau chaude', 'Gel douche']}, {'Chambre et linge': ['Lave-linge', 'Linge de lit', 'Oreillers et couvertures supplémentaires', 'Stores ou rideaux occultants', 'Espace de rangement pour les vêtements']}, {'Divertissement': ['Télévision']}, {'Chauffage et climatisation': ['Climatisation', 'Chauffage central']}, {'Sécurité à la maison': ['Caméras de surveillance extérieures présentes sur place']}, {'Internet et bureau': ['Wifi']}, {'Cuisine et salle à manger': ['Cuisine', 'Four à micro-ondes', 'Vaisselle et couverts', 'Congélateur', 'Cuisinière électrique Other', 'Bouilloire électrique', 'Cafetière\xa0: machine à expresso', 'Verres à vin', 'Grille-pain']}, {'Parking et installations': ['Ascenseur', 'Stationnement payant dans la rue']}, {'Services': ['Logement fumeur', 'Arrivée autonome', 'Boîte à clé sécurisée']}]"
id,url,description,title,overview,items,amenities
1716612558578328474,https://fr.airbnb.com/rooms/1716612558578328474,"Logement d’exception au sein d’un authentique Riad centenaire, avec jardin et piscine, idéalement situé en plein cœur de Casablanca.","Maison d’hôtes, ch 1","Chambre · Casablanca, Maroc","['1 lit double', 'Salle de bain privée attenante']","[{'Famille': ['Lit pour bébé']}, {'Vie privée et sécurité': ['Serrure ou verrou sur la porte de la chambre', 'Caméras de surveillance extérieures présentes sur place', 'Extincteur', 'Trousse de premiers secours']}, {'Internet et bureau': ['Wifi', 'Espace de travail dédié']}, {'Extérieur': ['Espace repas en plein air']}, {'Parking et installations': ['Stationnement gratuit sur place', 'Piscine']}, {'Services': ['Animaux acceptés', 'Logement fumeur', ""Clés remises par l'hôte""]}]"
id,url,title,description,overview,items,amenities
1689938598352414340,https://fr.airbnb.com/rooms/1689938598352414340,Appartement luxe - centre ville - garage - clim ,"Magnifique appartement moderne, propre et entièrement équipé, idéal pour un séjour confortable et relaxant. Profitez d’un espace chaleureux, calme et soigneusement décoré, situé dans un emplacement pratique proche de toutes les commodités. Parfait pour les voyageurs en couple, entre amis ou en famille souhaitant se sentir comme à la maison.","Logement entier : appartement - Casablanca, Maroc","['3 voyageurs', '1 chambre', '1 lit', '1\xa0salle de bain']","[{'Salle de bain': ['Sèche-cheveux', 'Produits de nettoyage', 'Shampoing', 'Après-shampoing', 'Savon pour le corps', 'Douche extérieure', 'Eau chaude', 'Gel douche']}, {'Chambre et linge': ['Lave-linge', 'Produits de base', 'Linge de lit', 'Oreillers et couvertures supplémentaires', 'Stores ou rideaux occultants', 'Fer à repasser', 'Étendoir à linge', 'Espace de rangement pour les vêtements\xa0: placard']}, {'Divertissement': ['Télévision']}, {'Famille': ['Livres et jouets pour enfants', 'Chaise haute', 'Vaisselle pour enfants']}, {'Chauffage et climatisation': ['Climatisation', 'Chauffage central']}, {'Sécurité à la maison': ['Sonomètres présents sur place', 'Caméras de surveillance extérieures présentes sur place', 'Trousse de premiers secours']}, {'Internet et bureau': ['Wifi']}, {'Cuisine et salle à manger': ['Cuisine', 'Réfrigérateur', 'Four à micro-ondes', 'Tout le nécessaire pour cuisiner', 'Vaisselle et couverts', 'Congélateur', 'Cuisinière Other', 'Four', 'Bouilloire électrique', 'Cafetière', 'Grille-pain', 'Blender', 'Compacteur de déchets', 'Table à manger', 'Café', 'Machine à pain']}, {""Caractéristiques de l'emplacement"": ['Entrée privée']}, {'Extérieur': [""Mobilier d'extérieur"", 'Espace repas en plein air']}, {'Parking et installations': ['Stationnement gratuit sur place', 'Stationnement gratuit dans la rue', 'Ascenseur', 'Résidence protégée']}, {'Services': ['Arrivée autonome', 'Serrure numérique', 'Service de ménage disponible 24\xa0heures, tous les jours\xa0: disponible moyennant un supplément']}]"
id,url,title,description,overview,items,amenities
1694536719519605574,https://fr.airbnb.com/rooms/1694536719519605574,Studio cosy : Parking gratuit • Balcon • Arrivée autonome,"⚠️ Please note: Nearby construction work may cause daytime noise, usually from 9 AM to 5 PM. It is generally not an issue for one-night stays or guests who are out during the day, but may be inconvenient for longer stays if you plan to stay indoors.<br /><br />Stylish cozy studio in a prime Casablanca location, perfect for couples or business travelers, with a private balcony, self check-in, fast Wi-Fi, free underground parking, and a dedicated workspace. Close to cafés, restaurants, and the city center.","Logement entier : appartement - Casablanca, Maroc","['3 voyageurs', '1 chambre', '2 lits', '1\xa0salle de bain']","[{'Salle de bain': ['Produits de nettoyage', 'Shampoing', 'Savon pour le corps', 'Eau chaude', 'Gel douche']}, {'Chambre et linge': ['Lave-linge', 'Cintres', 'Oreillers et couvertures supplémentaires', 'Fer à repasser', 'Étendoir à linge']}, {'Divertissement': ['Connexion Ethernet', 'Télévision']}, {'Chauffage et climatisation': ['Climatisation', 'Chauffage central']}, {'Internet et bureau': ['Wifi', 'Espace de travail dédié']}, {'Cuisine et salle à manger': ['Cuisine', 'Réfrigérateur', 'Tout le nécessaire pour cuisiner', 'Vaisselle et couverts', 'Congélateur', 'Cuisinière à induction', 'Four double en acier inoxydable', 'Bouilloire électrique', 'Cafetière\xa0: Nespresso', 'Verres à vin', 'Blender', 'Table à manger', 'Café']}, {'Extérieur': ['Privé\xa0: patio ou balcon', 'Espace repas en plein air']}, {'Parking et installations': ['Stationnement gratuit sur place', 'Ascenseur']}, {'Services': ['Logement fumeur', 'Arrivée autonome', 'Serrure connectée', 'Service de ménage disponible de 12:00 à 15:00, tous les jours\xa0: disponible moyennant un supplément']}]"
id,url,title,description,overview,items,amenities
1719640354319262392,https://fr.airbnb.com/rooms/1719640354319262392,Maarif · Turquoise 1 chambre · Parking · Toit-terrasse · 102,"Vive Casablanca en YourPlace Maarif — edificio boutique completo en el corazon de Maarif. ✨<br /><br />✔ Rooftop con sillas, parasoles y plantas 🌿<br /><br />✔ Recepcion & seguridad 24h<br /><br />✔ Cerradura inteligente 🔐<br /><br />✔ Cocina americana totalmente equipada<br /><br />✔ Nespresso (capsulas incluidas) ☕<br /><br />✔ Lavadora & balcon privado<br /><br />✔ WiFi fibra optica & aire acondicionado<br /><br />✔ Parking disponible 🚗<br /><br />✔ Servicio de limpieza disponible<br /><br />✔ Decoracion turquesa unica 💙<br /><br />Ver mas abajo! 👇","Logement entier : appartement - Casablanca, Maroc","['3 voyageurs', '1 chambre', '1 lit', '1\xa0salle de bain']","[{'Salle de bain': ['Sèche-cheveux', 'Produits de nettoyage', 'Shampoing', 'Savon pour le corps', 'Eau chaude']}, {'Chambre et linge': ['Lave-linge', 'Produits de base', 'Cintres', 'Linge de lit', 'Oreillers et couvertures supplémentaires', 'Stores ou rideaux occultants', 'Fer à repasser', 'Étendoir à linge', 'Coffre-fort', 'Espace de rangement pour les vêtements']}, {'Divertissement': ['Télévision', 'Livres et de quoi lire']}, {'Famille': ['Lit pour bébé\xa0: disponible sur demande', 'Chaise haute au sol\xa0: disponible sur demande', 'Vaisselle pour enfants', 'Recommandations de baby-sitters']}, {'Chauffage et climatisation': ['Climatisation', 'Chauffage']}, {'Sécurité à la maison': ['Caméras de surveillance extérieures présentes sur place', 'Détecteur de fumée', 'Détecteur de monoxyde de carbone', 'Extincteur', 'Trousse de premiers secours']}, {'Internet et bureau': ['Wifi', 'Espace de travail dédié']}, {'Cuisine et salle à manger': ['Cuisine', 'Réfrigérateur', 'Tout le nécessaire pour cuisiner', 'Vaisselle et couverts', 'Congélateur', 'Cuisinière', 'Four', 'Bouilloire électrique', 'Cafetière', 'Verres à vin', 'Grille-pain', 'Plaques de cuisson', 'Blender', 'Café', 'Machine à pain']}, {""Caractéristiques de l'emplacement"": ['Laverie automatique à proximité']}, {'Extérieur': ['Privé\xa0: patio ou balcon', ""Mobilier d'extérieur"", 'Espace repas en plein air']}, {'Parking et installations': ['Stationnement gratuit sur place', 'Stationnement gratuit dans la rue', 'Ascenseur', 'Chargeur pour véhicule électrique\xa0: niveau\xa02', 'Portier']}, {'Services': ['Animaux acceptés', 'Dépôt de bagages autorisé', 'Séjours longue durée autorisés', 'Arrivée autonome', 'Serrure connectée', 'Service de ménage disponible de 10:00 à 17:00, tous les jours\xa0: disponible moyennant un supplément']}]"
id,url,description,title,overview,items,amenities
1721009494067196258,https://fr.airbnb.com/rooms/1721009494067196258,"✨ Studio moderne, Très lumineux & ensoleillé<br />📍 Route El Jadida – Proche CFC, Maarif & Centre-ville (7 min)<br />🏥 À 2 min de la Clinique Européenne & Clinique Noor<br />• 🛏️ Lit Queen Size <br />• 🛋️ Salon confortable <br />• 📺 TV 55” + Netflix<br />• 🍽️ Cuisine américaine équipée <br />• 🚿 Douche à l’italienne<br />• ❄️ Climatisation centralisée <br />• 📶 Wi-Fi haut débit<br />🚗 Garage privé en sous-sol + parking gratuit dans la rue. Idéal pour séjours pro, médicaux ou touristiques",Très Lumineux & Cosy | CFC•Clim• • Autonome • Wifi,"Logement entier : appartement - Casablanca, Maroc","['4 voyageurs', '1 chambre', '1 lit', '1\xa0salle de bain']","[{'Salle de bain': ['Sèche-cheveux', 'Produits de nettoyage', 'Shampoing', 'Après-shampoing', 'Savon pour le corps', 'Bidet', 'Eau chaude']}, {'Chambre et linge': ['Lave-linge', 'Produits de base', 'Cintres', 'Linge de lit', 'Oreillers et couvertures supplémentaires', 'Stores ou rideaux occultants', 'Fer à repasser', 'Étendoir à linge', 'Espace de rangement pour les vêtements\xa0: placard']}, {'Divertissement': ['Connexion Ethernet', 'Télévision']}, {'Famille': ['Vaisselle pour enfants', 'Caches-prises', 'Jeux de société']}, {'Chauffage et climatisation': ['Climatisation', 'Chauffage']}, {'Sécurité à la maison': ['Détecteur de fumée', 'Détecteur de monoxyde de carbone']}, {'Internet et bureau': ['Wifi']}, {'Cuisine et salle à manger': ['Cuisine', 'Réfrigérateur', 'Tout le nécessaire pour cuisiner', 'Vaisselle et couverts', 'Congélateur', 'Lave-vaisselle', 'Cuisinière à gaz Other', 'Four', 'Bouilloire électrique', 'Cafetière', 'Verres à vin', 'Compacteur de déchets', 'Table à manger', 'Café']}, {""Caractéristiques de l'emplacement"": ['Entrée privée']}, {'Parking et installations': ['Stationnement gratuit dans un garage sur place', 'Stationnement gratuit dans la rue', 'Ascenseur', 'Portier']}, {'Services': ['Séjours longue durée autorisés']}]"
id,url,title,description,overview,items,amenities
1612541094949922967,https://fr.airbnb.com/rooms/1612541094949922967,Appartement moderne et confortable dans un emplacement privilégié,"Appartement moderne d'une chambre avec salon séparé à Nouaceur, parfait pour les voyages d'affaires et les courts séjours. À 5–10 minutes de l'aéroport CMN, MIDPARC/Aeropole et à proximité de la zone industrielle de Sapino. WiFi fibre 100 Mbit/s, espace de travail dédié et arrivée autonome 24h/24 et 7j/7 avec serrure intelligente. Cuisine entièrement équipée (four, micro-ondes, lave-linge, Dolce Gusto). Balcon privé avec vue dégagée et observation d'avions. Résidence sécurisée, piscine saisonnière (avril-octobre), places de stationnement gratuites dans la rue.","Logement entier : appartement - Nouaceur, Maroc","['3 voyageurs', '1 chambre', '1 lit', '1\xa0salle de bain']","[{'Vues panoramiques': ['Vue sur le jardin']}, {'Salle de bain': ['Sèche-cheveux', 'Produits de nettoyage', 'Shampoing', 'Savon pour le corps', 'Bidet', 'Eau chaude', 'Gel douche']}, {'Chambre et linge': ['Lave-linge', 'Sèche-linge', 'Produits de base', 'Cintres', 'Linge de lit', 'Oreillers et couvertures supplémentaires', 'Fer à repasser', 'Étendoir à linge', 'Espace de rangement pour les vêtements']}, {'Divertissement': ['Connexion Ethernet', 'Télévision']}, {'Famille': ['Vaisselle pour enfants']}, {'Chauffage et climatisation': ['Climatisation', 'Chauffage']}, {'Sécurité à la maison': ['Extincteur']}, {'Internet et bureau': ['Wifi']}, {'Cuisine et salle à manger': ['Cuisine', 'Réfrigérateur', 'Tout le nécessaire pour cuisiner', 'Congélateur', 'Cuisinière', 'Four', 'Bouilloire électrique', 'Cafetière', 'Verres à vin', 'Blender', 'Compacteur de déchets', 'Café']}, {""Caractéristiques de l'emplacement"": ['Entrée privée', 'Laverie automatique à proximité']}, {'Extérieur': ['Patio ou balcon']}, {'Parking et installations': ['Stationnement gratuit sur place', 'Stationnement gratuit dans la rue', 'Piscine', 'Ascenseur', 'Portier']}, {'Services': ['Arrivée autonome', 'Serrure numérique', 'Ménage disponible pendant le séjour']}]"
id,url,description,title,overview,items,amenities
1519420164338013534,https://fr.airbnb.com/rooms/1519420164338013534,"Bienvenue dans ce charmant et élégant appartement idéalement situé en plein centre-ville sans vis à vis, au 5eme étage, à quelques pas des commerces, restaurants, cafés et sites touristiques incontournables. Que vous soyez en voyage d’affaires, en escapade romantique ou en exploration urbaine, ce logement vous offre tout le confort nécessaire pour un séjour agréable.<br />L’appartement comporte un lit double, un canapé , une cuisine entièrement équipée, climatisation…",Cosy cocon central- Maarif-Vue panoramique,"Logement entier : appartement - Casablanca, Maroc","['3 voyageurs', '1 chambre', '1 lit', '1\xa0salle de bain']","[{'Divertissement': ['TV HD 55\xa0pouces']}, {'Chauffage et climatisation': ['Climatisation centrale']}, {'Internet et bureau': ['Wifi', 'Espace de travail dédié']}, {'Cuisine et salle à manger': ['Cuisine']}, {'Extérieur': ['Espace repas en plein air']}, {'Parking et installations': ['Stationnement gratuit dans un garage sur place\xa0: 1\xa0place']}]"
id,url,description,title,overview,items,amenities
1505178050481121347,https://fr.airbnb.com/rooms/1505178050481121347,"✨ Studio Panoramique avec Terrasse – Gare Oasis ✨<br /><br />Profitez d’un studio moderne et lumineux situé à deux pas de la gare Oasis.<br />	•	Chambre avec lit King Size<br />	•	Deux salles de bain élégantes<br />	•	Terrasse privée avec vue panoramique<br />	•	TV 60 pouces pour vos moments détente<br /><br />Idéal pour un séjour confortable et pratique, alliant design, confort et proximité des transports.",Studio Panoramique – Vue à 180°,"Logement entier : appartement - Casablanca, Maroc","['3 voyageurs', '1 chambre', '1 lit', '2\xa0salles de bain']","[{'Salle de bain': ['Sèche-cheveux', 'Produits de nettoyage', 'Bidet']}, {'Chambre et linge': ['Cintres', 'Linge de lit', 'Fer à repasser', 'Espace de rangement pour les vêtements']}, {'Divertissement': ['Connexion Ethernet', 'Télévision', 'Appareils de fitness']}, {'Famille': ['Lit pour bébé', 'Caches-prises']}, {'Chauffage et climatisation': ['Climatisation', 'Cheminée', 'Chauffage']}, {'Sécurité à la maison': ['Détecteur de fumée', 'Extincteur']}, {'Internet et bureau': ['Wifi', 'Espace de travail dédié']}, {'Cuisine et salle à manger': ['Cuisine', 'Tout le nécessaire pour cuisiner', 'Vaisselle et couverts', 'Congélateur', 'Four', 'Bouilloire électrique', 'Cafetière\xa0: Nespresso', 'Verres à vin', 'Blender', 'Compacteur de déchets', 'Café']}, {""Caractéristiques de l'emplacement"": ['Entrée privée']}, {'Extérieur': [""Mobilier d'extérieur"", 'Espace repas en plein air']}, {'Parking et installations': ['Stationnement gratuit sur place', 'Ascenseur', 'Salle de sport']}, {'Services': ['Animaux acceptés', 'Arrivée autonome', 'Serrure numérique']}]"
id,url,title,description,overview,items,amenities
1581165444613970931,https://fr.airbnb.com/rooms/1581165444613970931,Chambre au Calme vue Jardin – Accès plage direct,"Ce qui rend mon logement unique, c’est son accès direct à la plage depuis la résidence, un vrai luxe à Mohammedia. À quelques pas seulement, vous profitez du sable, de la mer, des jeux gratuits pour enfants, et de la corniche animée avec ses cafés et restaurants. La chambre se trouve dans un appartement calme, au sein d’une résidence sécurisée, idéale pour un séjour paisible en bord de mer.","Chambre · Mohammédia, Maroc","['1 lit queen size', 'Salle de bain partagée']","[{'Vues panoramiques': ['Vue sur le jardin', 'Vue sur la plage', 'Vue sur la mer', 'Vue sur le parc', ""Vue sur l'océan""]}, {'Salle de bain': ['Produits de nettoyage', 'Shampoing', 'Après-shampoing', 'Savon pour le corps', 'Douche extérieure', 'Eau chaude', 'Gel douche']}, {'Chambre et linge': ['Lave-linge', 'Produits de base', 'Cintres', 'Linge de lit', 'Oreillers et couvertures supplémentaires', 'Stores ou rideaux occultants', 'Fer à repasser', 'Étendoir à linge', 'Espace de rangement pour les vêtements']}, {'Divertissement': ['Connexion Ethernet', 'Appareils de fitness', 'Livres et de quoi lire']}, {'Famille': ['Aire de jeux extérieure']}, {'Vie privée et sécurité': ['Serrure ou verrou sur la porte de la chambre']}, {'Internet et bureau': ['Wifi', 'Espace de travail dédié']}, {'Cuisine et salle à manger': ['Cuisine', 'Réfrigérateur ARTHUR MARTIN', 'Tout le nécessaire pour cuisiner', 'Vaisselle et couverts', 'Congélateur', 'Cuisinière à gaz Other en acier inoxydable', 'Four double Taurus en acier inoxydable', 'Bouilloire électrique', 'Cafetière', 'Verres à vin', 'Blender', 'Table à manger']}, {""Caractéristiques de l'emplacement"": ['Accès à la plage']}, {'Parking et installations': ['Stationnement gratuit sur place', 'Stationnement gratuit dans la rue']}, {'Services': ['Dépôt de bagages autorisé', ""Clés remises par l'hôte""]}]"
id,url,description,title,overview,items,amenities
1544403028444794484,https://fr.airbnb.com/rooms/1544403028444794484,"Logement avec une vue imprenable sur la ville 🏙, situé en plein centre-ville de Casablanca 📍à 5 minutes en taxi de la plage et de la mosquée Hassan II. Le cadre est calme🌿, discret, facile d'accès et sécurisé avec aux alentours supermarchés, restaurants et spa.💆🏻‍♀️",5 min de Mosquée Hassan II/ Parking/Vue sur Ville,"Logement entier : appartement - Casablanca, Maroc","['3 voyageurs', '1 chambre', '1 lit', '1\xa0salle de bain']","[{'Vues panoramiques': ['Vue panoramique sur la ville']}, {'Salle de bain': ['Sèche-cheveux', 'Shampoing', 'Bidet', 'Eau chaude']}, {'Chambre et linge': ['Lave-linge', 'Cintres', 'Linge de lit', 'Oreillers et couvertures supplémentaires', 'Stores ou rideaux occultants', 'Fer à repasser', 'Étendoir à linge', 'Espace de rangement pour les vêtements']}, {'Divertissement': ['TV HD avec Netflix']}, {'Famille': ['Lit pour bébé\xa0: disponible sur demande', 'Lit parapluie\xa0: disponible sur demande', ""Livres et jouets pour enfants  (Jusqu'à 2\xa0ans et Entre 2 et 5\xa0ans)"", 'Chaise haute de type siège de table payante\xa0: disponible sur demande', 'Baignoire pour bébé\xa0: disponible sur demande', 'Vaisselle pour enfants', 'Table à langer\xa0: disponible sur demande', 'Caches-prises', 'Recommandations de baby-sitters']}, {'Chauffage et climatisation': ['Climatisation', 'Chauffage central']}, {'Sécurité à la maison': ['Caméras de surveillance extérieures présentes sur place']}, {'Internet et bureau': ['Wifi', 'Espace de travail dédié']}, {'Cuisine et salle à manger': ['Cuisine', 'Réfrigérateur', 'Tout le nécessaire pour cuisiner', 'Vaisselle et couverts', 'Mini réfrigérateur', 'Congélateur', 'Cuisinière', 'Four', 'Bouilloire électrique', 'Cafetière\xa0: machine à expresso, Nespresso', 'Grille-pain', 'Plaques de cuisson', 'Blender', 'Compacteur de déchets', 'Table à manger', 'Machine à pain']}, {""Caractéristiques de l'emplacement"": ['Entrée privée']}, {'Extérieur': ['Patio ou balcon']}, {'Parking et installations': ['Stationnement gratuit dans un garage sur place', 'Stationnement gratuit dans la rue', 'Ascenseur', 'Portier', 'Résidence protégée']}, {'Services': ['Dépôt de bagages autorisé', 'Séjours longue durée autorisés', 'Arrivée autonome', 'Serrure numérique']}]"
id,url,description,title,overview,items,amenities
1731232834308026917,https://fr.airbnb.com/rooms/1731232834308026917,"Bienvenue dans votre oasis élégante au cœur de Maarif ! Ce studio moderne offre la combinaison parfaite de confort et de commodité. Entièrement équipée avec une connexion Wi-Fi haut débit, la climatisation et un lit confortable, elle est idéale pour les voyageurs en solo, les couples ou les voyages d'affaires. Située dans le quartier le plus branché de Casablanca, vous êtes à quelques pas des meilleurs cafés, restaurants et magasins haut de gamme. Détendez-vous dans un espace paisible avec la ville juste devant votre porte ! Pinokyou House **-**",studio chic et moderne ,"Logement entier : appartement - Casablanca, Maroc","['2 voyageurs', '1 chambre', '2 lits', '1\xa0salle de bain']","[{'Salle de bain': ['Sèche-cheveux', 'Produits de nettoyage', 'Savon pour le corps', 'Eau chaude', 'Gel douche']}, {'Chambre et linge': ['Lave-linge', 'Produits de base', 'Linge de lit', 'Oreillers et couvertures supplémentaires', 'Stores ou rideaux occultants', 'Fer à repasser']}, {'Divertissement': ['Télévision', 'Système audio avec Bluetooth et sorties auxiliaires']}, {'Famille': ['Vaisselle pour enfants', 'Grilles de fenêtre']}, {'Chauffage et climatisation': ['Climatisation', 'Ventilateur au plafond', 'Chauffage']}, {'Sécurité à la maison': ['Caméras de surveillance extérieures présentes sur place', 'Détecteur de fumée', 'Trousse de premiers secours']}, {'Internet et bureau': ['Wifi', 'Routeur wifi portable']}, {'Cuisine et salle à manger': ['Cuisine', 'Réfrigérateur', 'Four à micro-ondes', 'Tout le nécessaire pour cuisiner', 'Vaisselle et couverts', 'Cuisinière électrique Other en acier inoxydable', 'Four double en acier inoxydable', 'Bouilloire électrique', 'Cafetière\xa0: cafetière filtre, machine à expresso, Nespresso', 'Verres à vin', 'Grille-pain', 'Table à manger', 'Café']}, {""Caractéristiques de l'emplacement"": ['Entrée privée', 'Laverie automatique à proximité']}, {'Extérieur': ['Espace repas en plein air']}, {'Parking et installations': ['Stationnement gratuit sur place', 'Stationnement gratuit dans la rue', 'Ascenseur']}, {'Services': ['Animaux acceptés', 'Dépôt de bagages autorisé', 'Petit-déjeuner', 'Arrivée autonome', 'Serrure connectée', 'Service de ménage disponible de 12:00 à 14:00']}]"
id,url,title,description,overview,items,amenities
1665512767336002789,https://fr.airbnb.com/rooms/1665512767336002789,Chic & Cosy | Ps4 • Fibre • Self Check-In-Netflix,"Profitez de notre studio moderne, confortable et luxueux, idéal pour les couples 💑, les amis 👭 ou les voyageurs en déplacement professionnel.<br /><br />🌟 Emplacement Idéal :<br />Studio romantique au cœur de Bourgogne Casablanca, proche des Mosquée Hassan 2 ,Marina , Saqala , Marjane…<br /><br />🛋 Espace Confortable :<br />Salon lumineux avec patio, cuisine américaine équipée, chambre avec Belle terrasse.<br /><br />❤️ Parfait pour les Couples :<br />Séjour intime et cosy , Wi-Fi rapide et climatisation, idéal pour moments 💕","Logement entier : appartement - Casablanca, Maroc","['3 voyageurs', '1 chambre', '1 lit', '1\xa0salle de bain']","[{'Salle de bain': ['Sèche-cheveux', 'Produits de nettoyage', 'Shampoing', 'Après-shampoing', 'Savon pour le corps', 'Eau chaude', 'Gel douche']}, {'Chambre et linge': ['Lave-linge', 'Produits de base', 'Cintres', 'Linge de lit', 'Oreillers et couvertures supplémentaires', 'Stores ou rideaux occultants', 'Fer à repasser', 'Étendoir à linge', 'Coffre-fort', 'Espace de rangement pour les vêtements']}, {'Divertissement': ['Connexion Ethernet', 'Télévision', 'Console de jeu\xa0: PS4']}, {'Famille': ['Vaisselle pour enfants']}, {'Chauffage et climatisation': ['Climatisation', 'Chauffage']}, {'Sécurité à la maison': ['Détecteur de fumée', 'Détecteur de monoxyde de carbone', 'Extincteur', 'Trousse de premiers secours']}, {'Internet et bureau': ['Wifi', 'Espace de travail dédié']}, {'Cuisine et salle à manger': ['Cuisine', 'Réfrigérateur', 'Tout le nécessaire pour cuisiner', 'Vaisselle et couverts', 'Congélateur', 'Cuisinière', 'Four', 'Bouilloire électrique', 'Cafetière', 'Verres à vin', 'Compacteur de déchets', 'Café']}, {""Caractéristiques de l'emplacement"": ['Entrée privée']}, {'Parking et installations': ['Stationnement gratuit dans la rue']}, {'Services': ['Animaux acceptés', 'Séjours longue durée autorisés', 'Arrivée autonome', 'Serrure connectée']}]"
id,url,title,description,overview,items,amenities
1641515475103946321,https://fr.airbnb.com/rooms/1641515475103946321,Studio 1 chambre Gautier | Arrivée autonome • Wi-Fi • Netflix,"Studio Moderne – Maarif / Gautier – Emplacement Idéal 📍<br />📍 Centre de Casablanca – Maarif Gautier<br />🚶‍♂️ 2 min à pied de Twin Center<br /> 🏙️ Proche du Consulate of the United States in Casablanca et du Consulate of Italy in Casablanca<br />• 🛍️ Restaurants, cafés, spa et Marjane à proximité<br />✨ Studio bien équipé :<br />• Salon avec TV 📺<br />• Cuisine américaine + table 🍽️<br />• Canapé confortable<br />• Chambre cosy 🛏️<br />• Salle de bain moderne 🚿<br />✔️ Idéal pour séjour, business ou couple👩🏻‍❤️‍👨🏻 au cœur de Casablanca","Logement entier : appartement - Casablanca, Maroc","['4 voyageurs', '1 chambre', '1 lit', '1\xa0salle de bain']","[{'Salle de bain': ['Sèche-cheveux', 'Produits de nettoyage', 'Shampoing', 'Savon pour le corps', 'Eau chaude', 'Gel douche']}, {'Chambre et linge': ['Lave-linge', 'Produits de base', 'Cintres', 'Linge de lit', 'Oreillers et couvertures supplémentaires', 'Stores ou rideaux occultants', 'Fer à repasser', 'Étendoir à linge', 'Espace de rangement pour les vêtements']}, {'Divertissement': ['Connexion Ethernet', 'Télévision']}, {'Famille': ['Vaisselle pour enfants', 'Caches-prises', 'Protections sur les coins de tables']}, {'Chauffage et climatisation': ['Climatisation', 'Chauffage']}, {'Sécurité à la maison': ['Détecteur de fumée', 'Détecteur de monoxyde de carbone', 'Extincteur', 'Trousse de premiers secours']}, {'Internet et bureau': ['Wifi']}, {'Cuisine et salle à manger': ['Cuisine', 'Réfrigérateur', 'Tout le nécessaire pour cuisiner', 'Vaisselle et couverts', 'Congélateur', 'Cuisinière à gaz Other', 'Four', 'Bouilloire électrique', 'Cafetière', 'Verres à vin', 'Blender', 'Compacteur de déchets', 'Table à manger', 'Café']}, {""Caractéristiques de l'emplacement"": ['Entrée privée']}, {'Parking et installations': ['Stationnement gratuit dans la rue']}, {'Services': ['Séjours longue durée autorisés', 'Arrivée autonome', 'Serrure connectée']}]"
id,url,title,description,overview,items,amenities
1640235782155119010,https://fr.airbnb.com/rooms/1640235782155119010,Chambre privée confortable au cœur de Maarif,"Profitez d’une chambre privée confortable dans un studio élégant situé au cœur de Maarif, le quartier le plus animé de Casablanca. Entouré de cafés, de restaurants, de magasins et de lieux de vie nocturne. À distance de marche de la gare routière, des taxis et des principales attractions. Parfait pour les voyageurs en solo à la recherche de confort, de commodité et d’une expérience authentique de la ville.<br /><br />A noter :<br />Il s'agit d'une chambre privée dans un studio partagé pour 1 personne <br /><br />(pas pour les couples)","Chambre · Casablanca, Maroc","['1 lit', 'Salle de bain partagée']","[{'Divertissement': ['Télévision']}, {'Sécurité à la maison': ['Détecteur de fumée']}, {'Internet et bureau': ['Wifi', 'Espace de travail dédié']}, {'Cuisine et salle à manger': ['Cuisine', 'Tout le nécessaire pour cuisiner']}, {'Parking et installations': ['Stationnement gratuit sur place']}, {'Vie privée et sécurité': []}]"
id,url,description,title,overview,items,amenities
1736426724499557741,https://fr.airbnb.com/rooms/1736426724499557741,"Welcome to Goodmove Apart Hotel, where the comfort of home meets the services of a hotel.<br /><br />This beautifully designed 1-bedroom apartment comfortably accommodates up to 4 guests. It features a cozy bedroom with a queen-size bed and a bright living room with a comfortable sofa bed, making it ideal for couples, families, friends, or business travelers.<br /><br />Enjoy a fully equipped kitchen, a modern bathroom, and a private balcony the perfect spot to unwind after a day in the city.",Escapade moderne de 1 chambre avec balcon à Maarif,"Logement entier : appartement - Casablanca, Maroc","['4 voyageurs', '1 chambre', '1 lit', '1\xa0salle de bain']","[{'Salle de bain': ['Sèche-cheveux', 'Produits de nettoyage', 'Shampoing', 'Après-shampoing', 'Savon pour le corps', 'Eau chaude', 'Gel douche']}, {'Chambre et linge': ['Lave-linge', 'Produits de base', 'Cintres', 'Linge de lit', 'Oreillers et couvertures supplémentaires', 'Fer à repasser', 'Étendoir à linge', 'Espace de rangement pour les vêtements']}, {'Divertissement': ['Télévision']}, {'Chauffage et climatisation': ['Climatisation', 'Chauffage']}, {'Internet et bureau': ['Wifi']}, {'Cuisine et salle à manger': ['Cuisine', 'Réfrigérateur', 'Tout le nécessaire pour cuisiner', 'Vaisselle et couverts', 'Cuisinière Other', 'Four', 'Verres à vin', 'Compacteur de déchets']}, {'Services': ['Animaux acceptés']}]"
id,url,title,description,overview,items,amenities
1634090987442914605,https://fr.airbnb.com/rooms/1634090987442914605,New Lux 3BR • Billard • Ps4 •Terrase | Autonome,"🌟 Appartement Haut Standing – Résidence Meliber<br /><br />📍 À deux pas de la Mosquée Hassan II<br />🛏️ 3 chambres + 🎮 chambre gaming<br />🛋️ Salon lumineux avec terrasse & vue Casablanca<br />🍽️ Cuisine séparée bien équipée<br />🪑 Table à manger 4 personnes<br />💻 Espace travail<br />🎱 Table billard<br />📺 Smart TV 65”<br />📶 Wi-Fi rapide<br />🔐 Entrée d’appart  – serrure intelligente<br /><br />✨ Idéal famille, amis & business","Logement entier : appartement - Casablanca, Maroc","['7 voyageurs', '3 chambres', '4 lits', '2\xa0salles de bain']","[{'Salle de bain': ['Baignoire', 'Sèche-cheveux', 'Produits de nettoyage', 'Shampoing', 'Savon pour le corps', 'Eau chaude', 'Gel douche']}, {'Chambre et linge': ['Lave-linge', 'Produits de base', 'Cintres', 'Linge de lit', 'Oreillers et couvertures supplémentaires', 'Stores ou rideaux occultants', 'Fer à repasser', 'Étendoir à linge', 'Espace de rangement pour les vêtements']}, {'Divertissement': ['Connexion Ethernet', 'Télévision', 'Console de jeu', 'Billard', 'Livres et de quoi lire']}, {'Famille': ['Livres et jouets pour enfants', 'Vaisselle pour enfants', 'Caches-prises']}, {'Chauffage et climatisation': ['Climatisation', 'Chauffage']}, {'Sécurité à la maison': ['Détecteur de fumée', 'Détecteur de monoxyde de carbone', 'Extincteur', 'Trousse de premiers secours']}, {'Internet et bureau': ['Wifi', 'Espace de travail dédié']}, {'Cuisine et salle à manger': ['Cuisine', 'Réfrigérateur', 'Four à micro-ondes', 'Tout le nécessaire pour cuisiner', 'Vaisselle et couverts', 'Congélateur', 'Lave-vaisselle', 'Cuisinière', 'Four', 'Bouilloire électrique', 'Cafetière', 'Verres à vin', 'Blender', 'Compacteur de déchets', 'Table à manger', 'Café']}, {""Caractéristiques de l'emplacement"": ['Entrée privée']}, {'Extérieur': ['Espace repas en plein air']}, {'Parking et installations': ['Stationnement gratuit sur place', 'Ascenseur']}, {'Services': ['Séjours longue durée autorisés', 'Arrivée autonome', 'Serrure connectée']}]"
id,url,title,description,overview,items,amenities
4709336,https://fr.airbnb.com/rooms/4709336,Duplex Art Déco au cœur de Casablanca,"Bienvenue au Duplex Bogart, un élégant appartement Art déco situé au cœur vibrant de Casablanca, à seulement quelques pas du Marché Central et du mythique Cinéma Rialto.<br /><br />Ici, vous séjournerez au sein d’un quartier vivant et animé, où se mêlent marchés colorés, cafés historiques, façades Art déco et énergie citadine.<br /><br />Un lieu rare, pensé pour les voyageurs qui souhaitent découvrir Casablanca à pied et en toute authenticité, sans renoncer au confort et à l’élégance.","Logement entier : appartement - Casablanca, Maroc","['4 voyageurs', '2 chambres', '2 lits', '1,5\xa0salles de bain']","[{'Salle de bain': ['Sèche-cheveux', 'Eau chaude']}, {'Chambre et linge': ['Produits de base', 'Cintres', 'Linge de lit', 'Oreillers et couvertures supplémentaires', 'Stores ou rideaux occultants', 'Fer à repasser', 'Espace de rangement pour les vêtements']}, {'Divertissement': ['Télévision', 'Tourne disque', 'Livres et de quoi lire']}, {'Chauffage et climatisation': ['Climatisation', 'Chauffage']}, {'Sécurité à la maison': ['Caméras de surveillance extérieures présentes sur place']}, {'Internet et bureau': ['Wifi', 'Espace de travail dédié']}, {'Cuisine et salle à manger': ['Cuisine', 'Réfrigérateur Whirlpool', 'Tout le nécessaire pour cuisiner', 'Vaisselle et couverts', 'Mini réfrigérateur', 'Congélateur', 'Cuisinière à induction Other en acier inoxydable', 'Bouilloire électrique', 'Table à manger', 'Café']}, {""Caractéristiques de l'emplacement"": ['Laverie automatique à proximité']}, {'Extérieur': ['Barbecue']}, {'Parking et installations': ['Allée de stationnement gratuite sur place', 'Stationnement gratuit dans la rue', 'Stationnement payant sur place']}, {'Services': ['Animaux acceptés', 'Séjours longue durée autorisés', 'Arrivée autonome', 'Serrure connectée']}]"
id,url,description,title,overview,items,amenities
1586884902332728970,https://fr.airbnb.com/rooms/1586884902332728970,"Appartement Vue sur Mer – Corniche & Centre-Ville de Mohammedia<br />Situé au cœur de Mohammedia, cette résidence moderne offre un cadre de vie unique où la mer et l’effervescence du centre-ville se rencontrent. Mohammedia,charmante ville balnéaire entre Casablanca et Rabat, est appréciée pour sa tranquillité, ses plages et son accès facile aux grandes métropoles voisines. Emplacement privilégié<br />L’appartement se trouve en bord de mer, le long de la Corniche  une promenade côtière animée face a la mer",Appartement Vue sur Mer – Corniche & Centre-Ville,"Logement entier : appartement - Mohammédia, Maroc","['4 voyageurs', '1 chambre', '3 lits', '1\xa0salle de bain']","[{'Salle de bain': ['Bidet', 'Eau chaude']}, {'Chambre et linge': ['Lave-linge', 'Linge de lit']}, {'Divertissement': ['Télévision']}, {'Famille': ['Grilles de fenêtre']}, {'Chauffage et climatisation': ['Climatisation', 'Chauffage']}, {'Sécurité à la maison': ['Caméras de surveillance extérieures présentes sur place']}, {'Internet et bureau': ['Wifi', 'Espace de travail dédié']}, {'Cuisine et salle à manger': ['Cuisine', 'Réfrigérateur', 'Tout le nécessaire pour cuisiner', 'Vaisselle et couverts', 'Congélateur', 'Cuisinière Other', 'Four', 'Plaques de cuisson', 'Table à manger']}, {""Caractéristiques de l'emplacement"": [""Au bord de l'eau"", 'Accès à la plage']}, {'Parking et installations': ['Stationnement gratuit sur place', 'Piscine', 'Ascenseur']}, {'Services': ['Séjours longue durée autorisés']}]"
id,url,title,description,overview,items,amenities
1734746677519391517,https://fr.airbnb.com/rooms/1734746677519391517,Séjour de luxe Emir Living • Parking privé • Centre-ville,"👑 Emir Living |  Élégant Studio • Centre-ville • Parking Privé<br /><br />Découvrez un studio moderne, élégant et soigneusement aménagé au cœur de Casablanca. <br />Situé dans une résidence récente, calme et sécurisée à Belvédère, il offre un accès rapide au tramway, à Casa Voyageurs, à Casa Port, aux quartiers d’affaires, restaurants et commerces. <br />Un espace raffiné, pensé pour vous offrir confort, sérénité et une expérience inoubliable.","Logement entier : appartement - Casablanca, Maroc","['2 voyageurs', '1 chambre', '1 lit', '1\xa0salle de bain']","[{'Salle de bain': ['Sèche-cheveux', 'Produits de nettoyage', 'Shampoing', 'Savon pour le corps', 'Bidet', 'Eau chaude', 'Gel douche']}, {'Chambre et linge': ['Lave-linge', 'Sèche-linge', 'Produits de base', 'Cintres', 'Linge de lit', 'Oreillers et couvertures supplémentaires', 'Stores ou rideaux occultants', 'Fer à repasser', 'Étendoir à linge', 'Espace de rangement pour les vêtements']}, {'Divertissement': ['Télévision', 'Livres et de quoi lire', 'Jeux géants']}, {'Famille': ['Lit pour bébé', ""Livres et jouets pour enfants  (Jusqu'à 2\xa0ans)"", 'Chaise haute', 'Jeux de société']}, {'Chauffage et climatisation': ['Climatisation', 'Chauffage']}, {'Sécurité à la maison': ['Caméras de surveillance extérieures présentes sur place']}, {'Internet et bureau': ['Wifi']}, {'Cuisine et salle à manger': ['Cuisine', 'Réfrigérateur', 'Tout le nécessaire pour cuisiner', 'Vaisselle et couverts', 'Congélateur', 'Cuisinière', 'Four', 'Bouilloire électrique', 'Cafetière', 'Verres à vin', 'Grille-pain', 'Plaques de cuisson', 'Blender', 'Compacteur de déchets', 'Table à manger', 'Café']}, {'Extérieur': ['Privé\xa0: patio ou balcon', ""Mobilier d'extérieur"", 'Espace repas en plein air']}, {'Parking et installations': ['Stationnement gratuit sur place', 'Ascenseur', 'Résidence protégée']}]"
id,url,description,title,overview,items,amenities
1439889231229581964,https://fr.airbnb.com/rooms/1439889231229581964,"Découvrez l'élégance discrète de cet appartement de 2 chambres de GoodMove, idéalement situé dans le quartier de Bourgogne. Avec ses lignes épurées, sa lumière naturelle douce et son atmosphère sereine, c'est l'espace idéal pour les familles ou les voyageurs d'affaires qui apprécient à la fois le style et la simplicité.<br /><br />✔ 2 chambres avec lits Queen Size<br />✔ Climatisation dans toutes les pièces<br />✔ Télévision connectée + Wi-Fi haut débit<br />✔ Ascenseur dans le bâtiment<br /><br />• Arrivée : à partir de 15h<br />• Départ : avant 12h<br />• Occupation maximale : 4 personnes",GoodMove | 2 chambres paisibles • Bourgogne Vivre avec style,"Logement entier : appartement - Casablanca, Maroc","['4 voyageurs', '2 chambres', '2 lits', '1\xa0salle de bain']","[{'Salle de bain': ['Sèche-cheveux', 'Produits de nettoyage', 'Shampoing', 'Savon pour le corps', 'Gel douche']}, {'Chambre et linge': ['Lave-linge', 'Sèche-linge', 'Cintres', 'Linge de lit', 'Oreillers et couvertures supplémentaires', 'Stores ou rideaux occultants', 'Fer à repasser', 'Étendoir à linge', 'Moustiquaire', 'Espace de rangement pour les vêtements']}, {'Divertissement': ['Télévision']}, {'Famille': ['Lit pour bébé', 'Chaise haute']}, {'Chauffage et climatisation': ['Climatisation', 'Chauffage']}, {'Internet et bureau': ['Wifi', 'Espace de travail dédié']}, {'Cuisine et salle à manger': ['Cuisine', 'Réfrigérateur', 'Four à micro-ondes', 'Tout le nécessaire pour cuisiner', 'Vaisselle et couverts', 'Congélateur', 'Cuisinière', 'Four', 'Bouilloire électrique', 'Cafetière', 'Blender', 'Compacteur de déchets', 'Table à manger', 'Café']}, {""Caractéristiques de l'emplacement"": ['Entrée privée']}, {'Parking et installations': ['Stationnement gratuit sur place', 'Ascenseur']}, {'Services': ['Animaux acceptés', 'Dépôt de bagages autorisé', 'Séjours longue durée autorisés', 'Arrivée autonome', ""Personnel de l'immeuble"", 'Ménage disponible pendant le séjour']}]"
id,url,title,description,overview,items,amenities
1475285349086133899,https://fr.airbnb.com/rooms/1475285349086133899,Cocon Sahara bohème marocain centre ville maarif,"Charmant studio au style marocain et terracotta, en plein centre du Maarif. Confortable, bien équipé et proche de toutes commodités, idéal pour découvrir la ville à pied.","Logement entier : appartement - Casablanca, Maroc","['4 voyageurs', '1 chambre', '4 lits', '1\xa0salle de bain']","[{'Salle de bain': ['Sèche-cheveux', 'Produits de nettoyage', 'Shampoing l’oreal', 'Après-shampoing l’oreal', 'Savon pour le corps marseillais', 'Eau chaude', 'Gel douche']}, {'Chambre et linge': ['Lave-linge', 'Linge de lit', 'Oreillers et couvertures supplémentaires', 'Stores ou rideaux occultants', 'Espace de rangement pour les vêtements']}, {'Divertissement': ['Télévision']}, {'Chauffage et climatisation': ['Climatisation']}, {'Sécurité à la maison': ['Caméras de surveillance extérieures présentes sur place']}, {'Internet et bureau': ['Wifi']}, {'Cuisine et salle à manger': ['Cuisine', 'Four à micro-ondes', 'Tout le nécessaire pour cuisiner', 'Vaisselle et couverts', 'Congélateur', 'Cuisinière électrique Other', 'Bouilloire électrique', 'Cafetière\xa0: machine à expresso', 'Verres à vin', 'Grille-pain', 'Table à manger']}, {'Parking et installations': ['Ascenseur', 'Stationnement payant dans la rue']}, {'Services': ['Logement fumeur']}]"
id,url,title,description,overview,items,amenities
1716281442119673048,https://fr.airbnb.com/rooms/1716281442119673048,"Rooftop jacuzzi privé sans vis à vis, 2min la mer.","Découvrez un appartement haut de gamme avec un superbe rooftop privé conçu pour des moments de détente inoubliables. Profitez d’un jacuzzi privatif, d’une pergola bioclimatique, d’un élégant espace repas avec table en marbre et d’une terrasse , gazon et plantes pour une ambiance à la fois luxueuse et apaisante. Idéal pour bronzer, partager un repas en plein air ou se relaxer dans le jacuzzi sous les étoiles, ce logement allie confort, design et intimité pour un séjour d’exception.<br />.","Logement entier : appartement - Casablanca, Maroc","['4 voyageurs', '1 chambre', '1 lit', '1\xa0salle de bain']","[{'Salle de bain': ['Eau chaude']}, {'Chambre et linge': ['Lave-linge', 'Produits de base', 'Fer à repasser']}, {'Divertissement': ['Télévision']}, {'Famille': ['Chaise haute']}, {'Chauffage et climatisation': ['Climatisation', 'Chauffage']}, {'Sécurité à la maison': ['Caméras de surveillance extérieures présentes sur place']}, {'Internet et bureau': ['Wifi', 'Espace de travail dédié']}, {'Cuisine et salle à manger': ['Cuisine', 'Four à micro-ondes', 'Four', 'Bouilloire électrique', 'Blender', 'Café']}, {'Extérieur': ['Arrière-cour privée', 'Espace repas en plein air']}, {'Parking et installations': ['Stationnement gratuit sur place', 'Jacuzzi', 'Ascenseur']}, {'Services': ['Arrivée autonome', 'Serrure connectée']}]"
id,url,description,title,overview,items,amenities
1574703836351497268,https://fr.airbnb.com/rooms/1574703836351497268,"Studio premium situé à La Perle de Nouaceur, dans une résidence calme et sécurisée avec piscine, à quelques minutes de l’aéroport Mohammed V (CMN). Le logement est moderne, lumineux et entièrement équipé : espace nuit confortable, kitchenette fonctionnelle, salle de bain soignée, Wi-Fi et climatisation. Idéal pour voyageurs d’affaires, couples ou transit recherchant confort, tranquillité et proximité de l’aéroport.",Studio premium près de l’aéroport CMN,"Logement entier : appartement - Nouaceur, Maroc","['3 voyageurs', '1 chambre', '1 lit', '1\xa0salle de bain']","[{'Salle de bain': ['Sèche-cheveux', 'Shampoing', 'Savon pour le corps', 'Eau chaude', 'Gel douche']}, {'Chambre et linge': ['Lave-linge', 'Sèche-linge', 'Cintres', 'Linge de lit', 'Stores ou rideaux occultants', 'Fer à repasser', 'Étendoir à linge', 'Espace de rangement pour les vêtements']}, {'Divertissement': ['Connexion Ethernet', 'Télévision']}, {'Chauffage et climatisation': ['Climatisation', 'Chauffage']}, {'Sécurité à la maison': ['Extincteur']}, {'Internet et bureau': ['Wifi']}, {'Cuisine et salle à manger': ['Cuisine', 'Réfrigérateur', 'Vaisselle et couverts', 'Congélateur', 'Cuisinière', 'Four', 'Bouilloire électrique', 'Cafetière']}, {""Caractéristiques de l'emplacement"": ['Entrée privée']}, {'Extérieur': ['Chaises longues']}, {'Parking et installations': ['Stationnement gratuit dans la rue', 'Piscine', 'Ascenseur']}, {'Services': ['Séjours longue durée autorisés', 'Arrivée autonome', ""Personnel de l'immeuble"", 'Ménage disponible pendant le séjour']}]"
id,url,description,title,overview,items,amenities
1734257725764068164,https://fr.airbnb.com/rooms/1734257725764068164,"Le studio est situé dans une résidence sécurisée et moderne et a été soigneusement meublé avec du mobilier et des équipements neufs pour vous assurer un séjour agréable. Les caractéristiques comprennent :<br /><br />• Wi-Fi haute vitesse<br />• Air climatisée<br />• Eau chaude illimitée<br />• Cuisine entièrement équipée ;<br />• Lit confortable et linge de maison haut de gamme<br />• TV connectée<br />• Salle de bain moderne<br />• Immeuble sécurisé avec ascenseur<br /><br />Que vous soyez à Casablanca pour le travail ou pour les loisirs, ce studio confortable et élégant offre tout ce dont vous avez besoin pour une journée de détente.",5 # Sunshine Urban Loft | Expérience studio moderne,"Logement entier : appartement - Casablanca, Maroc","['3 voyageurs', '1 chambre', '1 lit', '1\xa0salle de bain']","[{'Salle de bain': ['Sèche-cheveux', 'Shampoing', 'Eau chaude']}, {'Chambre et linge': ['Lave-linge', 'Produits de base', 'Cintres']}, {'Divertissement': ['Télévision']}, {'Chauffage et climatisation': ['Climatisation', 'Chauffage']}, {'Sécurité à la maison': ['Caméras de surveillance extérieures présentes sur place']}, {'Internet et bureau': ['Wifi']}, {'Cuisine et salle à manger': ['Cuisine', 'Réfrigérateur', 'Tout le nécessaire pour cuisiner', 'Cafetière']}]"
id,url,description,title,overview,items,amenities
1736310647145180279,https://fr.airbnb.com/rooms/1736310647145180279,"Welcome to Goodmove Apart Hotel, where the comfort of home meets the services of a hotel.<br /><br />This beautifully designed 1-bedroom apartment comfortably accommodates up to 4 guests. It features a cozy bedroom with a queen-size bed and a bright living room with a comfortable sofa bed, making it ideal for couples, families, friends, or business travelers.<br /><br />Enjoy a fully equipped kitchen, a modern bathroom, and a private balcony the perfect spot to unwind after a day in the city.",Appartement d'une chambre avec balcon à Maarif Casablanca,"Logement entier : appartement - Casablanca, Maroc","['4 voyageurs', '1 chambre', '1 lit', '1\xa0salle de bain']","[{'Salle de bain': ['Sèche-cheveux', 'Produits de nettoyage', 'Shampoing', 'Après-shampoing', 'Savon pour le corps', 'Eau chaude', 'Gel douche']}, {'Chambre et linge': ['Lave-linge', 'Produits de base', 'Cintres', 'Linge de lit', 'Oreillers et couvertures supplémentaires', 'Fer à repasser', 'Étendoir à linge', 'Espace de rangement pour les vêtements']}, {'Divertissement': ['Télévision']}, {'Chauffage et climatisation': ['Climatisation', 'Chauffage']}, {'Internet et bureau': ['Wifi']}, {'Cuisine et salle à manger': ['Cuisine', 'Réfrigérateur', 'Tout le nécessaire pour cuisiner', 'Vaisselle et couverts', 'Cuisinière', 'Four', 'Verres à vin', 'Compacteur de déchets']}, {'Parking et installations': ['Ascenseur']}, {'Services': ['Animaux acceptés']}]"
id,url,title,description,overview,items,amenities
1637972302671336586,https://fr.airbnb.com/rooms/1637972302671336586,Confort et design,"Logement moderne et confortable à Ain Diab, idéal pour profiter de Casablanca à deux pas de la corniche, des plages et des restaurants.","Logement entier : appartement - Casablanca, Maroc","['3 voyageurs', '1 chambre', '1 lit', '1\xa0salle de bain']","[{'Salle de bain': ['Sèche-cheveux', 'Produits de nettoyage', 'Shampoing', 'Après-shampoing', 'Savon pour le corps', 'Bidet', 'Gel douche']}, {'Chambre et linge': ['Lave-linge', 'Cintres', 'Linge de lit', 'Oreillers et couvertures supplémentaires', 'Stores ou rideaux occultants', 'Fer à repasser', 'Étendoir à linge', 'Coffre-fort', 'Espace de rangement pour les vêtements']}, {'Divertissement': ['Connexion Ethernet', 'Télévision']}, {'Famille': ['Lit pour bébé', 'Lit parapluie']}, {'Chauffage et climatisation': ['Climatisation', 'Chauffage']}, {'Internet et bureau': ['Wifi', 'Espace de travail dédié', 'Routeur wifi portable']}, {'Cuisine et salle à manger': ['Cuisine', 'Réfrigérateur', 'Four à micro-ondes', 'Tout le nécessaire pour cuisiner', 'Vaisselle et couverts', 'Congélateur', 'Four', 'Bouilloire électrique', 'Cafetière', 'Verres à vin', 'Grille-pain', 'Plaques de cuisson', 'Blender', 'Compacteur de déchets', 'Café']}, {'Extérieur': [""Mobilier d'extérieur"", 'Espace repas en plein air', 'Barbecue']}, {'Parking et installations': ['Stationnement gratuit sur place', 'Stationnement gratuit dans la rue', 'Ascenseur', ""Stationnement payant à l'extérieur de la propriété"", 'Stationnement payant sur place']}, {'Services': ['Animaux acceptés', 'Dépôt de bagages autorisé', 'Logement fumeur', 'Séjours longue durée autorisés', 'Arrivée autonome', 'Serrure numérique', 'Ménage disponible pendant le séjour']}]"
id,url,description,title,overview,items,amenities
1715511351256418516,https://fr.airbnb.com/rooms/1715511351256418516,"Bienvenue dans votre appartement moderne et chaleureux, idéalement situé à Casablanca, à deux pas de la Mosquée Hassan II, de la Corniche et du Marina Mall. Profitez d’un espace confortable avec Wi-Fi rapide, parfait pour vos séjours d’affaires ou de loisirs. Le quartier est sûr et agréable, proche des cafés, commerces et transports.",42 Corniche/Hassan II - Moderne & Confort ,"Logement entier : appartement - Casablanca, Maroc","['4 voyageurs', '1 chambre', '1 lit', '1\xa0salle de bain']","[{'Salle de bain': ['Savon pour le corps', 'Bidet', 'Eau chaude', 'Gel douche']}, {'Chambre et linge': ['Lave-linge', 'Cintres', 'Linge de lit', 'Oreillers et couvertures supplémentaires', 'Fer à repasser', 'Espace de rangement pour les vêtements']}, {'Divertissement': ['Télévision']}, {'Chauffage et climatisation': ['Climatisation', 'Chauffage']}, {'Sécurité à la maison': ['Caméras de surveillance extérieures présentes sur place', 'Détecteur de fumée', 'Détecteur de monoxyde de carbone', 'Extincteur', 'Trousse de premiers secours']}, {'Internet et bureau': ['Wifi', 'Espace de travail dédié']}, {'Cuisine et salle à manger': ['Cuisine', 'Réfrigérateur', 'Four à micro-ondes', 'Tout le nécessaire pour cuisiner', 'Vaisselle et couverts', 'Congélateur', 'Cuisinière', 'Four', 'Bouilloire électrique', 'Cafetière', 'Grille-pain', 'Plaques de cuisson', 'Blender', 'Table à manger']}, {'Extérieur': ['Patio ou balcon']}, {'Parking et installations': ['Stationnement gratuit sur place']}, {'Services': ['Arrivée autonome', 'Boîte à clé sécurisée']}]"
id,url,description,title,overview,items,amenities
1589052280339715569,https://fr.airbnb.com/rooms/1589052280339715569,"Perché au sommet de l'immeuble, ce studio penthouse unique offre une escapade urbaine raffinée avec une vue imprenable sur la ville. Baigné de lumière naturelle, l'espace allie design moderne et confort, créant une atmosphère calme et élégante au-dessus de l'agitation de la ville.<br /><br />Le studio dispose d'un coin salon et d'un coin chambre soigneusement aménagés, d'une kitchenette entièrement équipée et d'une salle de bain. De grandes fenêtres s'ouvrent sur de superbes vues, parfaites pour savourer un café le matin ou regarder les lumières de la ville s'animer la nuit.",Studio penthouse avec vue sur la ville,"Logement entier : appartement - Casablanca, Maroc","['2 voyageurs', '1 chambre', '1 lit', '1\xa0salle de bain']","[{'Salle de bain': ['Savon pour le corps', 'Eau chaude']}, {'Chambre et linge': ['Lave-linge']}, {'Divertissement': ['Télévision']}, {'Chauffage et climatisation': ['Climatisation', 'Chauffage central']}, {'Internet et bureau': ['Wifi']}, {'Cuisine et salle à manger': ['Cuisine', 'Table à manger']}, {'Parking et installations': ['Stationnement gratuit sur place', 'Ascenseur']}, {'Services': ['Dépôt de bagages autorisé', 'Arrivée autonome', 'Serrure numérique', 'Ménage disponible pendant le séjour']}]"
id,url,description,title,overview,items,amenities
1703636411706874734,https://fr.airbnb.com/rooms/1703636411706874734,"Appartement moderne & chic – Maarif / Franceville, Casablanca<br /><br />Idéalement situé au cœur de Casablanca, à proximité de deux stations de tramway 🚊.<br /><br />• 🛋️ Salon lumineux avec (TV 55’’ , NETFLIX , WIFI… )<br />• 🍽️ Cuisine entièrement équipée<br />• 🛏️ Chambre moderne et confortable<br />• 🚿 Salle de bain propre et moderne<br />• ☀️ Terrasse plein sud sans vis-à-vis<br />•parking <br /><br />Le studio bien ensoleillé toute la journée ☀️<br /><br />📍 Proche des cafés, restaurants, commerces…",Appartement Premium avec Équipements Complets,"Logement entier : appartement - Casablanca, Maroc","['4 voyageurs', '1 chambre', '1 lit', '1\xa0salle de bain']","[{'Chambre et linge': ['Lave-linge']}, {'Divertissement': ['Télévision']}, {'Chauffage et climatisation': ['Climatisation']}, {'Sécurité à la maison': ['Caméras de surveillance extérieures présentes sur place']}, {'Internet et bureau': ['Wifi', 'Espace de travail dédié']}, {'Cuisine et salle à manger': ['Cuisine']}, {'Parking et installations': ['Stationnement gratuit sur place']}]"
id,url,description,title,overview,items,amenities
1629630212169213691,https://fr.airbnb.com/rooms/1629630212169213691,"Situé au cœur de Casablanca, RStay est un studio central, lumineux et cosy, pensé pour offrir confort et sérénité.<br /><br />À seulement 2 minutes du tramway et proche de Casa Voyageurs, Casa Port et des principaux centres d’intérêt, vous profitez d’un emplacement stratégique tout en restant dans un environnement calme.<br /><br />Que vous soyez en déplacement professionnel ou en escapade à deux, RStay offre un équilibre parfait entre centralité, élégance et confort.",RStay | Studio de luxe • Central • Coucher de soleil • Stationnement,"Logement entier : appartement - Casablanca, Maroc","['2 voyageurs', '1 chambre', '1 lit', '1\xa0salle de bain']","[{'Salle de bain': ['Sèche-cheveux', 'Produits de nettoyage', 'Shampoing', 'Savon pour le corps', 'Bidet', 'Eau chaude', 'Gel douche']}, {'Chambre et linge': ['Lave-linge', 'Produits de base', 'Cintres', 'Linge de lit', 'Oreillers et couvertures supplémentaires', 'Stores ou rideaux occultants', 'Fer à repasser', 'Étendoir à linge', 'Espace de rangement pour les vêtements']}, {'Divertissement': ['Télévision', 'Livres et de quoi lire']}, {'Famille': ['Lit pour bébé', 'Chaise haute', 'Grilles de fenêtre']}, {'Chauffage et climatisation': ['Climatisation', 'Chauffage']}, {'Internet et bureau': ['Wifi']}, {'Cuisine et salle à manger': ['Cuisine', 'Réfrigérateur', 'Tout le nécessaire pour cuisiner', 'Vaisselle et couverts', 'Congélateur', 'Cuisinière à gaz Other en acier inoxydable', 'Four', 'Bouilloire électrique', 'Cafetière', 'Grille-pain', 'Plaques de cuisson', 'Blender', 'Compacteur de déchets', 'Table à manger', 'Café']}, {'Extérieur': ['Patio ou balcon', ""Mobilier d'extérieur"", 'Espace repas en plein air']}, {'Parking et installations': ['Stationnement gratuit sur place', 'Ascenseur', 'Résidence protégée']}, {'Services': ['Arrivée autonome', 'Serrure connectée']}]"
id,url,description,title,overview,items,amenities
1734324225034301871,https://fr.airbnb.com/rooms/1734324225034301871,"Installez-vous dans ce tout nouvel appartement design d'une chambre au cœur du quartier des Princesses, à Casablanca, un havre de paix lumineux construit pour ressembler davantage à un boutique-hôtel qu'à une location. Un lit double somptueux dans une chambre privée, un balcon, une cuisine entièrement équipée et une douche à effet de pluie de style spa en font un logement idéal pour les couples, les voyageurs d'affaires et tous ceux qui recherchent confort et style dans un endroit accessible à pied.",Fleur de Lys · Chic 1 chambre · Les Princesses,"Logement entier : appartement - Casablanca, Maroc","['2 voyageurs', '1 chambre', '1 lit', '1\xa0salle de bain']","[{'Salle de bain': ['Sèche-cheveux', 'Produits de nettoyage', 'Shampoing', 'Savon pour le corps', 'Bidet', 'Eau chaude', 'Gel douche']}, {'Chambre et linge': ['Lave-linge', 'Produits de base', 'Cintres', 'Linge de lit', 'Oreillers et couvertures supplémentaires', 'Stores ou rideaux occultants', 'Fer à repasser', 'Étendoir à linge', 'Espace de rangement pour les vêtements\xa0: placard, armoire et commode']}, {'Divertissement': ['Télévision']}, {'Famille': ['Lit parapluie\xa0: disponible sur demande', 'Grilles de fenêtre']}, {'Chauffage et climatisation': ['Climatisation', 'Chauffage central']}, {'Sécurité à la maison': ['Caméras de surveillance extérieures présentes sur place']}, {'Internet et bureau': ['Vitesse du réseau wifi\xa0: 48\xa0Mbps']}, {'Cuisine et salle à manger': ['Cuisine', 'Réfrigérateur', 'Tout le nécessaire pour cuisiner', 'Vaisselle et couverts', 'Congélateur', 'Cuisinière à induction Teka', 'Four double en acier inoxydable', 'Bouilloire électrique', 'Cafetière\xa0: Nespresso', 'Verres à vin', 'Grille-pain', 'Blender', 'Table à manger']}, {'Extérieur': ['Privé\xa0: patio ou balcon']}, {'Parking et installations': ['Stationnement gratuit sur place', 'Stationnement gratuit dans la rue', 'Ascenseur']}, {'Services': ['Dépôt de bagages autorisé', 'Logement fumeur', 'Séjours longue durée autorisés', 'Arrivée autonome', 'Serrure connectée', 'Service de ménage disponible de 09:30 à 18:00, tous les jours\xa0: disponible moyennant un supplément']}]"
id,url,description,title,overview,items,amenities
1292074000059211453,https://fr.airbnb.com/rooms/1292074000059211453,"Idéalement situé dans un quartier chic et paisible de Casablanca, cet appartement neuf offre un accès facile aux commerces, restaurants, cafés et transports. Avec sa décoration raffinée, son ambiance moderne et chaleureuse, il garantit un confort maximal. Lumineux et parfaitement équipé, c’est un pied-à-terre idéal, que vous soyez en déplacement professionnel ou en visite pour découvrir la ville.",Confort & Charme - Casablanca centre.,"Logement entier : appartement - Casablanca, Maroc","['4 voyageurs', '1 chambre', '2 lits', '1\xa0salle de bain']","[{'Salle de bain': ['Sèche-cheveux', 'Produits de nettoyage', 'Shampoing', 'Savon pour le corps', 'Eau chaude', 'Gel douche']}, {'Chambre et linge': ['Lave-linge', 'Sèche-linge', 'Produits de base', 'Cintres', 'Linge de lit', 'Oreillers et couvertures supplémentaires', 'Stores ou rideaux occultants', 'Fer à repasser', 'Étendoir à linge', 'Espace de rangement pour les vêtements']}, {'Divertissement': ['Connexion Ethernet', 'Télévision', 'Système audio']}, {'Famille': ['Lit pour bébé', 'Lit parapluie', 'Vaisselle pour enfants', 'Table à langer']}, {'Chauffage et climatisation': ['Climatisation', 'Chauffage']}, {'Sécurité à la maison': ['Caméras de surveillance extérieures présentes sur place', 'Détecteur de fumée', 'Extincteur', 'Trousse de premiers secours']}, {'Internet et bureau': ['Wifi', 'Espace de travail dédié']}, {'Cuisine et salle à manger': ['Cuisine', 'Réfrigérateur', 'Four à micro-ondes', 'Tout le nécessaire pour cuisiner', 'Vaisselle et couverts', 'Congélateur', 'Cuisinière', 'Four', 'Cafetière', 'Verres à vin', 'Grille-pain', 'Plaques de cuisson', 'Table à manger', 'Café']}, {""Caractéristiques de l'emplacement"": ['Entrée privée']}, {'Extérieur': [""Mobilier d'extérieur"", 'Hamac', 'Espace repas en plein air']}, {'Parking et installations': ['Stationnement gratuit sur place', 'Ascenseur']}, {'Services': ['Animaux acceptés', 'Séjours longue durée autorisés', 'Arrivée autonome', 'Serrure numérique']}]"
id,url,title,description,overview,items,amenities
1630551448154579752,https://fr.airbnb.com/rooms/1630551448154579752,New Cosy Studio | Terrasse et fibre | Indépendant,"Studio moderne et élégant au quartier 2 Mars – Casablanca, calme et sécurisé avec Parking privée Sous-Sol<br /><br />🛋️ Séjour confortable et lumineux<br />🍳 Cuisine américaine équipée<br />🚿 Salle de bain moderne<br />🛏️ Lit double confortable <br />🏢 Immeuble propre<br />🚗 PARKING SOUS-SOL<br /><br />📍 Emplacement idéal :<br />☕ Cafés & commerces<br />🛒 Marjane Market, Bd Abdelmoumen<br />🏥 Proche cliniques & hôpitaux<br />🌆 5 min Maarif, Marina, Corniche<br /><br />✨ Parfait pour séjours touristiques, professionnels ou médicaux.","Logement entier : appartement - Casablanca, Maroc","['4 voyageurs', '1 chambre', '1 lit', '1\xa0salle de bain']","[{'Salle de bain': ['Sèche-cheveux', 'Produits de nettoyage', 'Shampoing', 'Savon pour le corps', 'Eau chaude', 'Gel douche']}, {'Chambre et linge': ['Lave-linge', 'Cintres', 'Linge de lit', 'Oreillers et couvertures supplémentaires', 'Stores ou rideaux occultants', 'Fer à repasser', 'Espace de rangement pour les vêtements']}, {'Divertissement': ['Télévision']}, {'Famille': ['Vaisselle pour enfants', 'Caches-prises', 'Barrières de sécurité pour bébé']}, {'Chauffage et climatisation': ['Climatisation', 'Chauffage']}, {'Sécurité à la maison': ['Détecteur de monoxyde de carbone', 'Extincteur']}, {'Internet et bureau': ['Wifi']}, {'Cuisine et salle à manger': ['Cuisine', 'Réfrigérateur', 'Tout le nécessaire pour cuisiner', 'Vaisselle et couverts', 'Congélateur', 'Lave-vaisselle', 'Cuisinière Other', 'Four', 'Bouilloire électrique', 'Cafetière', 'Verres à vin', 'Compacteur de déchets', 'Table à manger', 'Café']}, {""Caractéristiques de l'emplacement"": ['Entrée privée']}, {'Extérieur': ['Patio ou balcon', 'Espace repas en plein air']}, {'Parking et installations': ['Stationnement gratuit sur place', 'Stationnement gratuit dans la rue']}, {'Services': ['Séjours longue durée autorisés', 'Arrivée autonome', 'Serrure connectée']}]"
id,url,description,title,overview,items,amenities
1468281357605701328,https://fr.airbnb.com/rooms/1468281357605701328,"Installez-vous au cœur vibrant de Casablanca, dans ce superbe appartement situé à Maârif, l’un des quartiers les plus recherchés de la ville. Niché dans un immeuble moderne et sécurisé avec un parking privé , ce logement allie design contemporain, confort et emplacement idéal.",Elégant 2BR Maarif:Terrasse-parking-fibre optique,"Logement entier : appartement - Casablanca, Maroc","['5 voyageurs', '2 chambres', '2 lits', '1\xa0salle de bain']","[{'Salle de bain': ['Sèche-cheveux', 'Produits de nettoyage', 'Shampoing', 'Eau chaude', 'Gel douche']}, {'Chambre et linge': ['Lave-linge', 'Produits de base', 'Cintres', 'Linge de lit', 'Oreillers et couvertures supplémentaires', 'Stores ou rideaux occultants', 'Fer à repasser', 'Étendoir à linge', 'Espace de rangement pour les vêtements\xa0: placard']}, {'Divertissement': ['Télévision', 'Livres et de quoi lire']}, {'Famille': ['Chaise haute payante\xa0: disponible sur demande']}, {'Chauffage et climatisation': ['Climatisation', 'Chauffage']}, {'Sécurité à la maison': ['Caméras de surveillance extérieures présentes sur place']}, {'Internet et bureau': ['Wifi']}, {'Cuisine et salle à manger': ['Cuisine', 'Réfrigérateur', 'Four à micro-ondes', 'Tout le nécessaire pour cuisiner', 'Vaisselle et couverts', 'Congélateur', 'Lave-vaisselle', 'Cuisinière électrique Other', 'Four', 'Bouilloire électrique', 'Cafetière\xa0: Nespresso', 'Plaques de cuisson']}, {""Caractéristiques de l'emplacement"": ['Entrée privée']}, {'Extérieur': ['Jardin', ""Mobilier d'extérieur""]}, {'Parking et installations': ['Stationnement gratuit sur place', 'Ascenseur']}, {'Services': ['Séjours longue durée autorisés', 'Arrivée autonome', 'Serrure numérique']}]"
id,url,title,description,overview,items,amenities
1552112114110806799,https://fr.airbnb.com/rooms/1552112114110806799,Studio adapté au travail · Piscine · À 5 min de l’aéroport CMN,"Nouacer se trouve à l’intersection des infrastructures commerciales de Casablanca et de l’accès à l’aéroport. Que vous soyez ici pour un projet de deux semaines dans la zone industrielle ou pour un mois de télétravail, ce logement à La Perle vous offre un environnement qui favorise réellement la concentration : une connexion Wi-Fi rapide par la fibre, une vraie cuisine pour ne pas devoir manger au restaurant à chaque repas, un lave-linge et une piscine pour vous détendre en fin de journée.","Logement entier : appartement - Nouaceur, Maroc","['3 voyageurs', '1 chambre', '1 lit', '1\xa0salle de bain']","[{'Chambre et linge': ['Lave-linge', 'Cintres', 'Linge de lit', 'Stores ou rideaux occultants', 'Fer à repasser', 'Espace de rangement pour les vêtements']}, {'Divertissement': ['Télévision']}, {'Chauffage et climatisation': ['Climatisation', 'Chauffage']}, {'Sécurité à la maison': ['Caméras de surveillance extérieures présentes sur place', 'Extincteur', 'Trousse de premiers secours']}, {'Internet et bureau': ['Wifi']}, {'Cuisine et salle à manger': ['Cuisine', 'Tout le nécessaire pour cuisiner', 'Bouilloire électrique', 'Cafetière\xa0: Nespresso']}, {'Parking et installations': ['Stationnement gratuit sur place', 'Piscine', 'Ascenseur']}, {'Services': ['Arrivée autonome', 'Serrure connectée']}]"
id,url,description,title,overview,items,amenities
1571601419029561003,https://fr.airbnb.com/rooms/1571601419029561003,"Séjournez dans l'un des quartiers les plus centraux et les plus animés de Casablanca. Ce studio élégant offre un mélange parfait de confort, de fonctionnalité et d'emplacement, idéal pour les couples, les amis ou les voyageurs d'affaires.",Studio moderne et élégant | Le meilleur de Gauthier Living,"Logement entier : appartement - Casablanca, Maroc","['3 voyageurs', '1 chambre', '1 lit', '1\xa0salle de bain']","[{'Salle de bain': ['Sèche-cheveux', 'Produits de nettoyage', 'Shampoing', 'Après-shampoing', 'Savon pour le corps', 'Eau chaude', 'Gel douche']}, {'Chambre et linge': ['Lave-linge', 'Produits de base', 'Cintres', 'Linge de lit', 'Oreillers et couvertures supplémentaires', 'Fer à repasser', 'Étendoir à linge', 'Espace de rangement pour les vêtements']}, {'Divertissement': ['Télévision', 'Livres et de quoi lire']}, {'Chauffage et climatisation': ['Climatisation centrale', 'Ventilateur au plafond', 'Chauffage']}, {'Internet et bureau': ['Wifi', 'Espace de travail dédié']}, {'Cuisine et salle à manger': ['Cuisine', 'Réfrigérateur', 'Four à micro-ondes', 'Tout le nécessaire pour cuisiner', 'Vaisselle et couverts', 'Congélateur', 'Cuisinière Other', 'Four', 'Cafetière', 'Plaques de cuisson', 'Blender', 'Compacteur de déchets', 'Table à manger', 'Café']}, {""Caractéristiques de l'emplacement"": ['Laverie automatique à proximité']}, {'Extérieur': ['Espace repas en plein air']}, {'Parking et installations': ['Ascenseur']}, {'Services': ['Animaux acceptés', 'Séjours longue durée autorisés', 'Arrivée autonome', 'Boîte à clé sécurisée', 'Service de ménage\xa0: disponible moyennant un supplément']}]"
id,url,title,description,overview,items,amenities
1162172309634939382,https://fr.airbnb.com/rooms/1162172309634939382,Appartement confortable Aéroport international Mohammed V Casa,"Plongez dans une atmosphère cosy à la fois moderne et enrichie d’une touche artisanale marocaine. Notre appartement authentique est situé à seulement 8 minutes de l’aéroport international Mohammed 5 de Casablanca.<br />L’appart dispose de 2 chambres l'une aménagées avec 1 lit double,un lit simple et un lit à barreaux. L'autre avec un lit double King size. Vous y trouverez également un grand salon, une cuisine entièrement équipée, une grande terrasse, ainsi qu’une salle de bain privative avec douche.","Logement entier : résidence de tourisme - Deroua, Maroc","['5 voyageurs', '2 chambres', '3 lits', '1\xa0salle de bain']","[{'Salle de bain': ['Produits de nettoyage', 'Shampoing', 'Savon pour le corps', 'Eau chaude', 'Gel douche']}, {'Chambre et linge': ['Lave-linge', 'Produits de base', 'Cintres', 'Linge de lit', 'Oreillers et couvertures supplémentaires', 'Étendoir à linge', 'Moustiquaire', 'Espace de rangement pour les vêtements']}, {'Divertissement': ['Télévision']}, {'Famille': ['Livres et jouets pour enfants  (Entre 2 et 5\xa0ans)']}, {'Sécurité à la maison': ['Caméras de surveillance extérieures présentes sur place']}, {'Internet et bureau': ['Wifi']}, {'Cuisine et salle à manger': ['Cuisine', 'Réfrigérateur', 'Vaisselle et couverts', 'Mini réfrigérateur', 'Congélateur', 'Four', 'Bouilloire électrique', 'Blender', 'Table à manger']}, {'Parking et installations': ['Stationnement gratuit sur place']}, {'Services': ['Logement fumeur', 'Arrivée autonome', 'Boîte à clé sécurisée', 'Ménage disponible pendant le séjour']}]"
id,url,title,description,overview,items,amenities
1500249839864816288,https://fr.airbnb.com/rooms/1500249839864816288,Studio lumineux & cosy – Marina Mosquée Hassan II,"✨  Profitez de notre studio moderne, confortable et luxueux, idéal pour les couples 💑, les amis 👭 ou les voyageurs en déplacement professionnel.<br /><br />🌟 Emplacement Idéal :<br />Studio romantique au cœur de Bourgogne Casablanca, proche des Mosquée Hassan 2 ,Marina , Saqala , Marjane…<br /><br />🛋 Espace Confortable :<br />Salon lumineux avec patio, cuisine américaine équipée, chambre avec Belle terrasse.<br /><br />❤️ Parfait pour les Couples :<br />Séjour intime et cosy , Wi-Fi rapide et climatisation, idéal pour moments 💕","Logement entier : appartement - Casablanca, Maroc","['4 voyageurs', '1 chambre', '1 lit', '1\xa0salle de bain']","[{'Salle de bain': ['Produits de nettoyage', 'Shampoing', 'Savon pour le corps', 'Eau chaude', 'Gel douche']}, {'Chambre et linge': ['Lave-linge', 'Sèche-linge', 'Produits de base', 'Cintres', 'Linge de lit', 'Stores ou rideaux occultants', 'Étendoir à linge', 'Espace de rangement pour les vêtements\xa0: placard']}, {'Divertissement': ['Connexion Ethernet', 'Télévision']}, {'Famille': ['Vaisselle pour enfants']}, {'Chauffage et climatisation': ['Climatisation', 'Chauffage']}, {'Internet et bureau': ['Wifi']}, {'Cuisine et salle à manger': ['Cuisine', 'Réfrigérateur', 'Tout le nécessaire pour cuisiner', 'Vaisselle et couverts', 'Congélateur', 'Cuisinière électrique Other', 'Four', 'Bouilloire électrique', 'Cafetière\xa0: Nespresso', 'Verres à vin']}, {""Caractéristiques de l'emplacement"": ['Entrée privée']}, {'Parking et installations': ['Stationnement gratuit dans la rue', 'Ascenseur']}, {'Services': ['Animaux acceptés', 'Arrivée autonome', 'Serrure numérique']}]"
id,url,title,description,overview,items,amenities
1752997343060317614,https://fr.airbnb.com/rooms/1752997343060317614,Sanala - Wifi - Près de la gare Oasis,"✨ Mi-Haven vous présente Sanala,<br /><br />Situé dans le quartier prisé de L'Oasis, Sanala vous accueille au cœur de Casablanca dans un environnement calme, sécurisé et parfaitement connecté. <br /><br />À proximité de la gare Oasis, des Twin Center, des restaurants, cafés, commerces et supermarchés, l’appartement bénéficie d’un emplacement idéal pour les séjours professionnels comme touristiques. <br /><br />Profitez du confort d’un quartier résidentiel tout en restant proche de l’animation de la ville.","Logement entier : appartement - Casablanca, Maroc","['3 voyageurs', '1 chambre', '1 lit', '1\xa0salle de bain']","[{'Salle de bain': ['Sèche-cheveux', 'Produits de nettoyage', 'Shampoing', 'Après-shampoing', 'Savon pour le corps', 'Eau chaude', 'Gel douche']}, {'Chambre et linge': ['Lave-linge', 'Produits de base', 'Cintres', 'Fer à repasser']}, {'Divertissement': ['Télévision']}, {'Chauffage et climatisation': ['Climatisation', 'Chauffage']}, {'Sécurité à la maison': ['Détecteur de fumée', 'Détecteur de monoxyde de carbone', 'Extincteur', 'Trousse de premiers secours']}, {'Internet et bureau': ['Wifi']}, {'Cuisine et salle à manger': ['Cuisine', 'Réfrigérateur', 'Tout le nécessaire pour cuisiner', 'Vaisselle et couverts', 'Congélateur', 'Cuisinière', 'Four', 'Bouilloire électrique', 'Cafetière', 'Verres à vin']}, {'Parking et installations': ['Stationnement gratuit sur place', 'Ascenseur']}]"
id,url,title,description,overview,items,amenities
1602188776349529638,https://fr.airbnb.com/rooms/1602188776349529638,Oasis panoramique – Vue infinie & calme absolu,"Bienvenue à Émeraude, une adresse d’exception où le luxe discret rencontre la sérénité absolue.<br />Perchée sous le ciel ouvert, cette oasis panoramique offre une vue dégagée et majestueuse, baignée de lumière naturelle du matin au coucher du soleil.<br /><br />L’appartement séduit par son équilibre parfait entre raffinement et confort. Les tons émeraude, les lignes épurées et les matériaux soigneusement choisis créent une atmosphère sophistiquée, chaleureuse et apaisante.","Logement entier : appartement - Casablanca, Maroc","['3 voyageurs', '1 chambre', '1 lit', '1\xa0salle de bain']","[{'Chambre et linge': ['Lave-linge']}, {'Divertissement': ['Télévision']}, {'Chauffage et climatisation': ['Climatisation']}, {'Sécurité à la maison': ['Détecteur de fumée', 'Extincteur']}, {'Internet et bureau': ['Wifi']}, {'Cuisine et salle à manger': ['Cuisine']}, {'Extérieur': ['Espace repas en plein air']}, {'Parking et installations': ['Stationnement gratuit sur place']}]"
id,url,title,description,overview,items,amenities
1685852714491079647,https://fr.airbnb.com/rooms/1685852714491079647,CFC | Studio Cosy C302 | Haut Standing | Rooftop |,"✨ UNE ADRESSE D’EXCEPTION<br />Vivez l’expérience CFC dans un appartement moderne d’une résidence neuve de haut standing. Rooftop panoramique 🌇, coworking 💼, buanderie 🧺 et prestations premium. À deux pas du boulevard Sidi Abderrahmane, tramway et busway. Luxe, confort et emplacement stratégique pour un séjour inoubliable ✨. Réservez dès maintenant. Détendez-vous dans ce logement calme et élégant.","Logement entier : résidence de tourisme - Casablanca, Maroc","['4 voyageurs', '1 chambre', '1 lit', '1\xa0salle de bain']","[{'Vues panoramiques': ['Vue panoramique sur la ville', 'Vue sur le parc']}, {'Salle de bain': ['Sèche-cheveux', 'Produits de nettoyage', 'Eau chaude']}, {'Chambre et linge': ['Lave-linge', 'Sèche-linge (Gratuit) dans le bâtiment', 'Produits de base', 'Cintres', 'Linge de lit', 'Oreillers et couvertures supplémentaires', 'Stores ou rideaux occultants', 'Fer à repasser', 'Étendoir à linge', 'Espace de rangement pour les vêtements\xa0: placard']}, {'Divertissement': ['Télévision', 'Appareils de fitness']}, {'Famille': ['Lit parapluie\xa0: disponible sur demande']}, {'Chauffage et climatisation': ['Climatisation', 'Chauffage']}, {'Sécurité à la maison': ['Détecteur de fumée', 'Détecteur de monoxyde de carbone', 'Extincteur', 'Trousse de premiers secours']}, {'Internet et bureau': ['Wifi', 'Espace de travail dédié']}, {'Cuisine et salle à manger': ['Cuisine', 'Réfrigérateur', 'Four à micro-ondes', 'Tout le nécessaire pour cuisiner', 'Vaisselle et couverts', 'Congélateur', 'Cuisinière à induction Other', 'Four double en acier inoxydable', 'Bouilloire électrique', 'Cafetière\xa0: Nespresso', 'Grille-pain', 'Blender', 'Table à manger', 'Café', 'Machine à pain']}, {""Caractéristiques de l'emplacement"": ['Entrée privée', 'Laverie automatique à proximité']}, {'Extérieur': ['Privé\xa0: patio ou balcon', 'Espace repas en plein air']}, {'Parking et installations': ['Stationnement gratuit sur place', 'Ascenseur', 'Salle de sport partagée dans le bâtiment', 'Portier', 'Résidence protégée']}, {'Services': ['Animaux acceptés', 'Logement fumeur', 'Séjours longue durée autorisés', 'Arrivée autonome', 'Serrure numérique', 'Service de ménage disponible de 11:00 à 14:30, tous les jours\xa0: disponible moyennant un supplément']}]"
id,url,description,title,overview,items,amenities
1687158264240507231,https://fr.airbnb.com/rooms/1687158264240507231,"✨ Appartement moderne au cœur de Casablanca ✨<br />Séjournez dans un appartement élégant et idéalement situé 📍 à proximité de CFC Casablanca et de Anfa Park 🌳<br />🚌 À quelques pas du Busway<br />☕ Cafés, restaurants & supermarchés à proximité<br />🛍️ Proche de Aeria Mall<br />🚉 À quelques minutes de Gare Oasis<br />🏙️ Emplacement stratégique au centre économique de Casablanca<br />✔️ Quartier calme et sécurisé<br />✔️ Idéal pour séjours professionnels & touristiques<br />✔️ Accès rapide aux principaux points de la ville ✨",NOUVEAU Séjour élégant 1 chambre près de la salle de sport et du coworking/AnfaPark,"Logement entier : appartement - Casablanca, Maroc","['4 voyageurs', '1 chambre', '1 lit', '1\xa0salle de bain']","[{'Salle de bain': ['Sèche-cheveux', 'Produits de nettoyage', 'Shampoing', 'Savon pour le corps', 'Eau chaude', 'Gel douche']}, {'Chambre et linge': ['Lave-linge', 'Sèche-linge (Payant) dans le logement', 'Produits de base', 'Cintres', 'Linge de lit', 'Oreillers et couvertures supplémentaires', 'Fer à repasser', 'Étendoir à linge']}, {'Divertissement': ['Connexion Ethernet', 'Télévision']}, {'Famille': ['Jeux de société']}, {'Chauffage et climatisation': ['Climatisation']}, {'Sécurité à la maison': ['Détecteur de fumée', 'Détecteur de monoxyde de carbone', 'Extincteur', 'Trousse de premiers secours']}, {'Internet et bureau': ['Wifi', 'Espace de travail dédié']}, {'Cuisine et salle à manger': ['Cuisine', 'Réfrigérateur', 'Tout le nécessaire pour cuisiner', 'Vaisselle et couverts', 'Congélateur', 'Cuisinière électrique Bosch', 'Four double en acier inoxydable', 'Bouilloire électrique', 'Cafetière\xa0: machine à expresso', 'Verres à vin', 'Blender', 'Compacteur de déchets', 'Table à manger', 'Café']}, {'Parking et installations': ['Stationnement gratuit sur place', 'Salle de sport partagée dans le bâtiment', 'Stationnement payant sur place']}, {'Services': ['Logement fumeur', 'Ménage disponible pendant le séjour']}]"
id,url,description,title,overview,items,amenities
1701010976690446897,https://fr.airbnb.com/rooms/1701010976690446897,"Studio boutique entièrement repensé au 2e étage dans le quartier des Princesses. Lit double avec linge hôtelier, douche à effet pluie avec robinetterie noire mate, balcon privé et cuisine élégante équipée avec machine Nespresso et bar à petit-déjeuner. Rideaux en lin du sol au plafond, meuble TV flottant en noyer, détails design partout. Parking privé gratuit inclus. Parfait pour les couples ou les voyageurs d'affaires qui recherchent confort et élégance dans l'une des meilleures adresses de Casablanca.",Studio Design • Balcon et parking • Les Princesses,"Logement entier : appartement - Casablanca, Maroc","['2 voyageurs', '1 chambre', '1 lit', '1\xa0salle de bain']","[{'Salle de bain': ['Sèche-cheveux', 'Produits de nettoyage', 'Shampoing', 'Après-shampoing', 'Savon pour le corps', 'Bidet', 'Eau chaude', 'Gel douche']}, {'Chambre et linge': ['Lave-linge (Gratuit) dans le logement', 'Produits de base', 'Cintres', 'Linge de lit', 'Oreillers et couvertures supplémentaires', 'Stores ou rideaux occultants', 'Fer à repasser', 'Étendoir à linge', 'Espace de rangement pour les vêtements']}, {'Divertissement': ['Connexion Ethernet', 'TV HD 50\xa0pouces avec Netflix']}, {'Famille': ['Lit parapluie\xa0: disponible sur demande', 'Grilles de fenêtre']}, {'Chauffage et climatisation': ['Climatisation', 'Chauffage central']}, {'Sécurité à la maison': ['Caméras de surveillance extérieures présentes sur place', 'Extincteur', 'Trousse de premiers secours']}, {'Internet et bureau': ['Vitesse du réseau wifi\xa0: 20\xa0Mbps']}, {'Cuisine et salle à manger': ['Cuisine', 'Réfrigérateur', 'Tout le nécessaire pour cuisiner', 'Vaisselle et couverts', 'Congélateur', 'Cuisinière à gaz', 'Four double en acier inoxydable', 'Bouilloire électrique', 'Cafetière\xa0: Nespresso', 'Verres à vin', 'Grille-pain', 'Blender', 'Table à manger']}, {'Extérieur': ['Privé\xa0: patio ou balcon', ""Mobilier d'extérieur""]}, {'Parking et installations': ['Stationnement gratuit dans un garage sur place\xa0: 1\xa0place', 'Stationnement gratuit dans la rue', 'Ascenseur']}, {'Services': ['Dépôt de bagages autorisé', 'Séjours longue durée autorisés', 'Arrivée autonome', 'Boîte à clé sécurisée', 'Service de ménage disponible de 09:00 à 17:30, tous les jours\xa0: disponible moyennant un supplément']}]"
id,url,title,description,overview,items,amenities
1502223635034743797,https://fr.airbnb.com/rooms/1502223635034743797,Accès Plage • Piscine privée • Résidence sécurisée,"Séjournez dans un élégant appartement situé dans une résidence haut de gamme avec piscine, à 5 minutes de la plage d’Ain Diab, au cœur du prestigieux quartier d’Anfa Supérieur. Décoré avec soin, entièrement équipé et sécurisé, il offre un cadre idéal pour un séjour confortable à Casablanca.","Logement entier : appartement - Casablanca, Maroc","['4 voyageurs', '1 chambre', '1 lit', '1\xa0salle de bain']","[{'Salle de bain': ['Sèche-cheveux', 'Produits de nettoyage', 'Eau chaude']}, {'Chambre et linge': ['Lave-linge', 'Produits de base', 'Cintres', 'Linge de lit', 'Oreillers et couvertures supplémentaires', 'Stores ou rideaux occultants', 'Fer à repasser', 'Étendoir à linge', 'Espace de rangement pour les vêtements']}, {'Divertissement': ['Connexion Ethernet', 'Télévision', 'Livres et de quoi lire']}, {'Famille': ['Lit pour bébé (payant)\xa0: disponible sur demande', 'Grilles de fenêtre', 'Caches-prises', 'Jeux de société']}, {'Chauffage et climatisation': ['Climatisation', 'Chauffage']}, {'Sécurité à la maison': ['Caméras de surveillance extérieures présentes sur place', 'Détecteur de fumée', 'Détecteur de monoxyde de carbone']}, {'Internet et bureau': ['Wifi', 'Espace de travail dédié', 'Routeur wifi portable']}, {'Cuisine et salle à manger': ['Cuisine', 'Réfrigérateur', 'Tout le nécessaire pour cuisiner', 'Vaisselle et couverts', 'Congélateur', 'Cuisinière', 'Four', 'Bouilloire électrique', 'Cafetière\xa0: Nespresso', 'Plaques de cuisson', 'Compacteur de déchets', 'Table à manger', 'Café']}, {""Caractéristiques de l'emplacement"": [""Au bord de l'eau"", 'Accès à la plage', 'Entrée privée', 'Accès au complexe hôtelier']}, {'Extérieur': ['Patio ou balcon', 'Espace repas en plein air']}, {'Parking et installations': ['Stationnement gratuit sur place', 'Stationnement gratuit dans la rue', 'Piscine', 'Ascenseur']}, {'Services': ['Séjours longue durée autorisés', 'Arrivée autonome', 'Boîte à clé sécurisée']}]"
id,url,title,description,overview,items,amenities
1431978492824712550,https://fr.airbnb.com/rooms/1431978492824712550,Charmant Studio Neuf Avec Terrasse - Casablanca,"Studio neuf avec terrasse, niché au cœur du très prisé quartier Maârif, à Casablanca. Dans un immeuble moderne, ce cocon lumineux au design soigné offre tout le confort haut de gamme : climatisation centralisée, équipements complets, et une élégante terrasse pour vos moments de détente. Un emplacement d’exception, à deux pas des meilleures adresses de la ville.","Logement entier : appartement - Casablanca, Maroc","['3 voyageurs', '1 chambre', '1 lit', '1\xa0salle de bain']","[{'Salle de bain': ['Sèche-cheveux', 'Bidet', 'Eau chaude']}, {'Chambre et linge': ['Lave-linge']}, {'Divertissement': ['Télévision']}, {'Chauffage et climatisation': ['Climatisation', 'Chauffage central']}, {'Internet et bureau': ['Wifi']}, {'Cuisine et salle à manger': ['Cuisine', 'Réfrigérateur', 'Tout le nécessaire pour cuisiner', 'Vaisselle et couverts', 'Four', 'Cafetière\xa0: machine à expresso', 'Verres à vin']}, {'Extérieur': ['Espace repas en plein air']}, {'Parking et installations': ['Ascenseur']}, {'Services': ['Séjours longue durée autorisés', 'Ménage disponible pendant le séjour']}]"
id,url,description,title,overview,items,amenities
1560049832521185740,https://fr.airbnb.com/rooms/1560049832521185740,"Bienvenue dans votre studio moderne et cosy à Sidi Rahal, idéalement situé à seulement 15 minutes à pied de la plage. Conçu pour offrir confort, calme et praticité, cet espace est parfait pour les couples en quête de détente comme pour les familles souhaitant profiter de la mer.<br /><br />Le studio dispose d’un petit balcon avec une belle vue mer, idéal pour admirer le coucher du soleil. L’intérieur est aménagé dans un style moderne, avec une attention particulière portée au design et au confort.","Studio cosy vue mer – proche plage, calme moderne","Logement entier : appartement - Sidi Rahhal Chataï, Maroc","['5 voyageurs', '2 chambres', '1 lit', '1\xa0salle de bain']","[{'Salle de bain': ['Sèche-cheveux', 'Shampoing', 'Savon pour le corps', 'Eau chaude', 'Gel douche']}, {'Chambre et linge': ['Fer à repasser']}, {'Divertissement': ['Télévision']}, {'Famille': ['Jeux de société']}, {'Internet et bureau': ['Wifi']}, {'Cuisine et salle à manger': ['Cuisine', 'Réfrigérateur', 'Tout le nécessaire pour cuisiner', 'Vaisselle et couverts', 'Congélateur', 'Cuisinière', 'Four', 'Bouilloire électrique', 'Compacteur de déchets']}, {""Caractéristiques de l'emplacement"": ['Accès à la plage']}, {'Parking et installations': ['Stationnement gratuit sur place']}, {'Services': ['Arrivée autonome', 'Boîte à clé sécurisée']}]"
id,url,title,description,overview,items,amenities
1746594169784049965,https://fr.airbnb.com/rooms/1746594169784049965,Appartement Cosy - Centre - Riviera/Gandhi,"Découvrez notre appartement au centre de Casablanca quartier Riviera. Profitez d’une salle de sport sur place et d’un terrain de pickleball sur la terrasse, ainsi que d’un emplacement d’exception.<br /><br />À proximité immédiate de l’ensemble des centres d’intérêts de Casablanca.<br /><br />Que vous voyagiez pour affaires ou pour le plaisir, notre localisation centrale et nos équipements modernes vous garantissent un séjour inoubliable.<br /><br />Réservez dès maintenant et vivez une expérience exceptionnelle !","Logement entier : appartement - Casablanca, Maroc","['2 voyageurs', '1 chambre', '1 lit', '1\xa0salle de bain']","[{'Salle de bain': ['Eau chaude']}, {'Chambre et linge': ['Lave-linge', 'Cintres', 'Linge de lit', 'Stores ou rideaux occultants', 'Fer à repasser', 'Étendoir à linge']}, {'Divertissement': ['Télévision', 'Appareils de fitness']}, {'Chauffage et climatisation': ['Climatisation', 'Chauffage']}, {'Internet et bureau': ['Wifi', 'Espace de travail dédié']}, {'Cuisine et salle à manger': ['Cuisine', 'Four à micro-ondes', 'Tout le nécessaire pour cuisiner', 'Vaisselle et couverts', 'Cuisinière', 'Four', 'Verres à vin']}, {'Parking et installations': ['Stationnement gratuit dans la rue', 'Ascenseur', 'Salle de sport']}, {'Services': ['Arrivée autonome', 'Serrure numérique']}]"
id,url,description,title,overview,items,amenities
1720952406963174531,https://fr.airbnb.com/rooms/1720952406963174531,"🌿 Studio Boho Chic avec vue dégagée sur CFC | Arrivée autonome<br /><br />Bienvenue dans ce studio élégant, situé au 4ᵉ étage d’une résidence calme et sécurisée, au cœur du quartier prisé des princesses au Maarif à Casablanca.<br /><br />Décoré dans un style boho chic avec une subtile touche inspirée de la Formule 1, cet appartement allie chaleur, modernité et caractère. Depuis la chambre ainsi qu’au salon profitez d’une vue dégagée sur Casablanca Finance City (CFC), offrant un agréable panorama sur la ville.",Studio chic | Vue dégagée sur CFC | Self check-in ,"Logement entier : appartement - Casablanca, Maroc","['4 voyageurs', '1 chambre', '2 lits', '1\xa0salle de bain']","[{'Vues panoramiques': ['Vue panoramique sur la ville']}, {'Salle de bain': ['Sèche-cheveux', 'Produits de nettoyage', 'Shampoing', 'Après-shampoing', 'Savon pour le corps', 'Bidet', 'Eau chaude', 'Gel douche']}, {'Chambre et linge': ['Lave-linge\xa0: dans le logement', 'Produits de base', 'Cintres', 'Linge de lit', 'Oreillers et couvertures supplémentaires', 'Stores ou rideaux occultants', 'Fer à repasser', 'Étendoir à linge', 'Espace de rangement pour les vêtements\xa0: dressing']}, {'Divertissement': ['TV avec Netflix']}, {'Famille': ['Jeux de société']}, {'Chauffage et climatisation': ['Climatisation centrale', 'Chauffage central']}, {'Sécurité à la maison': ['Caméras de surveillance extérieures présentes sur place', 'Détecteur de fumée']}, {'Internet et bureau': ['Wifi', 'Espace de travail dédié']}, {'Cuisine et salle à manger': ['Cuisine', 'Réfrigérateur LG', 'Tout le nécessaire pour cuisiner', 'Vaisselle et couverts', 'Congélateur', 'Cuisinière à gaz Bosch', 'Four Bosch', 'Bouilloire électrique', 'Verres à vin', 'Grille-pain', 'Table à manger', 'Café']}, {'Extérieur': ['Privé\xa0: patio ou balcon', ""Mobilier d'extérieur""]}, {'Parking et installations': ['Stationnement gratuit sur place', 'Stationnement gratuit dans la rue', 'Ascenseur']}, {'Services': ['Séjours longue durée autorisés', 'Arrivée autonome', 'Boîte à clé sécurisée', 'Service de ménage\xa0: disponible moyennant un supplément']}]"
id,url,title,description,overview,items,amenities
1600007070787256072,https://fr.airbnb.com/rooms/1600007070787256072,appartement familial a 5min de l'hôpital Mohamed 6,"Appartement à lotissement Safae Bouskoura<br />proche de la gare de train bouskoura (5 min 🚗).<br /><br />proche de la parc industriel bouskoura (5 min 🚶🏻‍♂️)<br /><br />5 min 🚗 de Mall (Myriades Bouskoura ➡️ Marjane, Macdonald, Alpha 55, Electroplanet, Lc waikiki, miniso, parc des jeux, Station⛽ ) <br /><br />12 min 🚗 à l'aéroport international Mohamed 5 ✈️<br /><br />12 min 🚗 de Casa Nearshore.<br /><br />8 min 🚗 à la Forêt Bouskoura <br /><br />7 min 🚗 à L'Hôpital Universitaire International Mohammed VI<br /><br />20 min 🚗 à la plage .","Logement entier : appartement - Bouskoura, Maroc","['4 voyageurs', '2 chambres', '3 lits', '1\xa0salle de bain']","[{'Salle de bain': ['Produits de nettoyage', 'Eau chaude']}, {'Chambre et linge': ['Linge de lit']}, {'Divertissement': ['Télévision']}, {'Sécurité à la maison': ['Caméras de surveillance extérieures présentes sur place']}, {'Internet et bureau': ['Wifi']}, {'Cuisine et salle à manger': ['Cuisine', 'Congélateur']}, {'Parking et installations': ['Stationnement gratuit sur place']}]"
id,url,description,title,overview,items,amenities
1594203310630084680,https://fr.airbnb.com/rooms/1594203310630084680,"À la Recherche d'un Appartement de luxe  avec le confort d'un Hôtel Étoilé  en plein CFC ?<br /><br />Découvrez un appartement de luxe 2 chambres situé au cœur du quartier prisé CFC, au 15ᵉ étage. Lumineux et élégamment meublé, il offre une vue dégagée exceptionnelle, un salon raffiné, une cuisine entièrement équipée et des chambres confortables avec literie haut de gamme. Idéal pour séjours business ou loisirs, à proximité des bureaux, restaurants et commodités. Confort, calme et standing au rendez-vous.",CFC High-Rise Luxury – 2 Chambres• Vue Panoramique,"Logement entier : appartement - Casablanca, Maroc","['5 voyageurs', '2 chambres', '3 lits', '2\xa0salles de bain']","[{'Vues panoramiques': ['Vue panoramique sur la ville', 'Vue sur le parc']}, {'Salle de bain': ['Sèche-cheveux', 'Shampoing', 'Après-shampoing', 'Savon pour le corps', 'Eau chaude', 'Gel douche']}, {'Chambre et linge': ['Lave-linge', 'Produits de base', 'Cintres', 'Linge de lit', 'Oreillers et couvertures supplémentaires', 'Fer à repasser', 'Espace de rangement pour les vêtements\xa0: placard']}, {'Divertissement': ['Télévision']}, {'Famille': ['Lit pour bébé', 'Salle de jeux pour enfants', 'Aire de jeux extérieure']}, {'Chauffage et climatisation': ['Climatisation', 'Chauffage central']}, {'Sécurité à la maison': ['Détecteur de fumée', 'Extincteur', 'Trousse de premiers secours']}, {'Internet et bureau': ['Wifi']}, {'Cuisine et salle à manger': ['Cuisine', 'Réfrigérateur', 'Four à micro-ondes', 'Tout le nécessaire pour cuisiner', 'Vaisselle et couverts', 'Congélateur', 'Cuisinière électrique Other', 'Four', 'Bouilloire électrique', 'Cafetière\xa0: Nespresso', 'Grille-pain', 'Plaques de cuisson', 'Blender', 'Ustensiles de barbecue', 'Table à manger', 'Café', 'Machine à pain']}, {'Extérieur': ['Privé\xa0: patio ou balcon']}, {'Parking et installations': ['Stationnement gratuit sur place', 'Stationnement gratuit dans la rue', 'Ascenseur']}, {'Services': ['Séjours longue durée autorisés', 'Arrivée autonome', 'Serrure numérique', 'Service de ménage disponible de 11:00 à 15:00, tous les jours\xa0: disponible moyennant un supplément']}]"
id,url,description,title,overview,items,amenities
1673165327971180957,https://fr.airbnb.com/rooms/1673165327971180957,Relax with the whole family at this peaceful place to stay.,Studio élégant pour couple à Maarif,"Logement entier : appartement - Casablanca, Maroc","['2 voyageurs', '1 chambre', '1 lit', '1\xa0salle de bain']","[{'Chambre et linge': ['Lave-linge', 'Fer à repasser']}, {'Divertissement': ['Télévision']}, {'Chauffage et climatisation': ['Climatisation', 'Chauffage']}, {'Sécurité à la maison': ['Détecteur de fumée', 'Détecteur de monoxyde de carbone', 'Extincteur', 'Trousse de premiers secours']}, {'Internet et bureau': ['Wifi', 'Espace de travail dédié']}, {'Cuisine et salle à manger': ['Cuisine', 'Tout le nécessaire pour cuisiner']}, {'Parking et installations': ['Stationnement gratuit sur place', 'Stationnement payant sur place']}, {'Services': ['Animaux acceptés', 'Arrivée autonome', 'Serrure numérique']}]"
id,url,description,title,overview,items,amenities
1615317088698466555,https://fr.airbnb.com/rooms/1615317088698466555,"Profitez d’un logement élégant et idéalement situé à Casablanca. Pensé pour offrir confort, calme et modernité, ce lieu vous accueille dans une atmosphère raffinée, parfaite aussi bien pour les séjours professionnels que pour les escapades urbaines. Chaque détail a été soigneusement conçu pour vous garantir une expérience agréable, dans un quartier central et paisible.",Appart-hôtel raffiné dans l'oasis de Casablanca,"Logement entier : appartement - Casablanca, Maroc","['4 voyageurs', '1 chambre', '1 lit', '1\xa0salle de bain']","[{'Salle de bain': ['Eau chaude']}, {'Chambre et linge': ['Produits de base', 'Cintres', 'Linge de lit', 'Fer à repasser']}, {'Divertissement': ['Télévision']}, {'Chauffage et climatisation': ['Climatisation', 'Chauffage']}, {'Internet et bureau': ['Wifi']}, {'Cuisine et salle à manger': ['Cuisine']}, {'Services': ['Animaux acceptés']}]"
id,url,description,title,overview,items,amenities
1632980827771759678,https://fr.airbnb.com/rooms/1632980827771759678,"Studio moderne et élégant au quartier 2 Mars – Casablanca, calme et sécurisé avec Parking Sous-Sol<br /><br />🛋️ Séjour confortable et lumineux<br />🍳 Cuisine américaine équipée<br />🚿 Salle de bain moderne<br />🛏️ Lit double confortable <br />🏢 Immeuble propre<br />🚗 PARKING SOUS-SOL<br /><br />📍 Emplacement idéal :<br />☕ Cafés & commerces<br />🛒 Marjane Market, Bd Abdelmoumen<br />🏥 Proche cliniques & hôpitaux<br />🌆 5 min Maarif, Marina, Corniche<br /><br />✨ Parfait pour séjours touristiques, professionnels ou médicaux.",New Studio Moderne Autonome Fibre & Parking,"Logement entier : appartement - Casablanca, Maroc","['4 voyageurs', '1 chambre', '1 lit', '1\xa0salle de bain']","[{'Salle de bain': ['Sèche-cheveux', 'Shampoing', 'Savon pour le corps', 'Eau chaude', 'Gel douche']}, {'Chambre et linge': ['Lave-linge', 'Cintres', 'Linge de lit', 'Oreillers et couvertures supplémentaires', 'Stores ou rideaux occultants', 'Fer à repasser', 'Espace de rangement pour les vêtements']}, {'Divertissement': ['Télévision']}, {'Famille': ['Vaisselle pour enfants', 'Grilles de fenêtre', 'Caches-prises', 'Barrières de sécurité pour bébé', 'Protections sur les coins de tables']}, {'Chauffage et climatisation': ['Climatisation', 'Chauffage']}, {'Sécurité à la maison': ['Détecteur de monoxyde de carbone', 'Extincteur', 'Trousse de premiers secours']}, {'Internet et bureau': ['Wifi']}, {'Cuisine et salle à manger': ['Cuisine', 'Réfrigérateur', 'Tout le nécessaire pour cuisiner', 'Vaisselle et couverts', 'Congélateur', 'Cuisinière Other', 'Four', 'Bouilloire électrique', 'Cafetière', 'Verres à vin', 'Compacteur de déchets', 'Table à manger', 'Café']}, {""Caractéristiques de l'emplacement"": ['Entrée privée']}, {'Extérieur': ['Patio ou balcon']}, {'Parking et installations': ['Stationnement gratuit sur place', 'Stationnement gratuit dans la rue']}, {'Services': ['Séjours longue durée autorisés']}]"
id,url,description,title,overview,items,amenities
690273712666803795,https://fr.airbnb.com/rooms/690273712666803795,"Bienvenue dans notre studio en verre lumineux, niché dans un jardin paisible à Casablanca.<br /><br />Structure en verre offrant une abondante lumière naturelle.<br /><br />À 25 min de l'aéroport, 3 min de Casanearshore. <br /><br />Parking gratuit. Idéal pour se ressourcer ou pour des shootings commerciaux (sur demande).<br /><br />Détendez-vous dans ce havre de paix inspirant et ressourçant.",Studio Naya,"Tiny house - Casablanca, Maroc","['2 voyageurs', '1 lit', '1\xa0salle de bain']","[{'Salle de bain': ['Sèche-cheveux', 'Produits de nettoyage', 'Shampoing', 'Après-shampoing', 'Eau chaude', 'Gel douche']}, {'Chambre et linge': ['Produits de base', 'Linge de lit', 'Oreillers et couvertures supplémentaires', 'Fer à repasser', 'Espace de rangement pour les vêtements']}, {'Divertissement': ['TV HD 55\xa0pouces avec Netflix, Amazon Prime Video', 'Livres et de quoi lire']}, {'Chauffage et climatisation': ['Climatisation\xa0: système split sans évacuation', 'Cheminée ou poêle (intérieur)\xa0: à éthanol', 'Chauffage\xa0: système split sans évacuation']}, {'Sécurité à la maison': ['Caméras de surveillance extérieures présentes sur place', 'Extincteur', 'Trousse de premiers secours']}, {'Internet et bureau': ['Wifi rapide (90\xa0Mbit/s)', 'Espace de travail dédié']}, {'Cuisine et salle à manger': ['Cuisine', 'Réfrigérateur', 'Tout le nécessaire pour cuisiner', 'Vaisselle et couverts', 'Bouilloire électrique', 'Cafetière\xa0: machine à expresso', 'Verres à vin', 'Table à manger', 'Café']}, {'Parking et installations': ['Stationnement gratuit sur place', 'Stationnement gratuit dans la rue']}, {'Services': ['Animaux acceptés', 'Dépôt de bagages autorisé', 'Séjours longue durée autorisés', 'Arrivée autonome', 'Serrure numérique']}]"
id,url,description,title,overview,items,amenities
1677009684471352731,https://fr.airbnb.com/rooms/1677009684471352731,"Appartement d'une chambre bien aménagé au cœur du quartier des Princesses, avec des finitions de haut niveau dans l'ensemble du logement. Espace séjour et coin repas ouvert avec grand canapé, télévision à écran plat et table à manger à finition noire. Cuisine entièrement équipée avec lave-vaisselle, lave-linge, machine Nespresso et four. La chambre dispose d'un lit double et d'une armoire sur mesure avec éclairage intégré. Wifi rapide avec la fibre, climatisation et parking souterrain dédié. Serrure connectée pour une arrivée autonome flexible à toute heure.",Hidden Hills • Entrée connectée et emplacement privilégié,"Logement entier : appartement - Casablanca, Maroc","['3 voyageurs', '1 chambre', '1 lit', '1\xa0salle de bain']","[{'Salle de bain': ['Sèche-cheveux', 'Produits de nettoyage', 'Shampoing', 'Après-shampoing', 'Savon pour le corps', 'Bidet', 'Eau chaude', 'Gel douche']}, {'Chambre et linge': ['Lave-linge', 'Cintres', 'Linge de lit', 'Stores ou rideaux occultants', 'Fer à repasser', 'Étendoir à linge', 'Espace de rangement pour les vêtements\xa0: armoire']}, {'Divertissement': ['Connexion Ethernet', 'Télévision']}, {'Famille': ['Lit pour bébé (payant)\xa0: disponible sur demande']}, {'Chauffage et climatisation': ['Climatisation', 'Chauffage central']}, {'Sécurité à la maison': ['Caméras de surveillance extérieures présentes sur place']}, {'Internet et bureau': ['Vitesse du réseau wifi\xa0: 20\xa0Mbps']}, {'Cuisine et salle à manger': ['Cuisine', 'Réfrigérateur', 'Vaisselle et couverts', 'Congélateur', 'Lave-vaisselle', 'Cuisinière électrique', 'Four double en acier inoxydable', 'Bouilloire électrique', 'Cafetière\xa0: Nespresso', 'Verres à vin', 'Grille-pain', 'Blender', 'Table à manger']}, {'Parking et installations': ['Stationnement gratuit sur place', 'Ascenseur']}, {'Services': ['Logement fumeur', 'Séjours longue durée autorisés', 'Arrivée autonome', 'Serrure connectée', 'Service de ménage disponible de 08:00 à 22:00, tous les jours\xa0: disponible moyennant un supplément']}]"
id,url,description,title,overview,items,amenities
1473943217737470291,https://fr.airbnb.com/rooms/1473943217737470291,"Situé à Anfa; en plein centre-ville de Casablanca,à proximité des principaux points d’intérêt de la ville :<br />🏙️ À 7 min de Casa-Port<br />🛍️ À 5 min du Stade Mohammed V<br />🕌 À 7 min de la Mosquée Hassan II et la corniche <br />🏢 À quelques pas des Twin Center et du quartier Maârif<br />L’appartement se compose d’une chambre confortable d’un salon lumineux avec une belle terrasse, d’une cuisine américaine entièrement équipée, et d’une salle de bain moderne. Idéal pour un séjour calme et élégant en plein centre.",Nouveau 1 BR Central & Quiet Spot Gauthier,"Logement entier : appartement - Casablanca, Maroc","['4 voyageurs', '1 chambre', '1 lit', '1\xa0salle de bain']","[{'Salle de bain': ['Sèche-cheveux', 'Produits de nettoyage', 'Shampoing', 'Savon pour le corps', 'Eau chaude', 'Gel douche']}, {'Chambre et linge': ['Lave-linge', 'Sèche-linge', 'Produits de base', 'Cintres', 'Linge de lit', 'Oreillers et couvertures supplémentaires', 'Fer à repasser', 'Étendoir à linge', 'Espace de rangement pour les vêtements']}, {'Divertissement': ['Connexion Ethernet', 'Télévision']}, {'Famille': ['Vaisselle pour enfants', 'Jeux de société']}, {'Chauffage et climatisation': ['Climatisation', 'Chauffage']}, {'Internet et bureau': ['Wifi']}, {'Cuisine et salle à manger': ['Cuisine', 'Réfrigérateur', 'Four à micro-ondes', 'Tout le nécessaire pour cuisiner', 'Vaisselle et couverts', 'Congélateur', 'Cuisinière à gaz Other', 'Four', 'Bouilloire électrique', 'Cafetière\xa0: Nespresso', 'Verres à vin', 'Blender', 'Table à manger', 'Café']}, {""Caractéristiques de l'emplacement"": ['Entrée privée']}, {'Parking et installations': ['Stationnement gratuit dans la rue', 'Ascenseur']}, {'Services': ['Animaux acceptés', 'Logement fumeur', 'Séjours longue durée autorisés', 'Arrivée autonome', 'Serrure numérique']}]"
id,url,title,description,overview,items,amenities
1577771381923768443,https://fr.airbnb.com/rooms/1577771381923768443,"Casa Anfa • Parking, salle de sport","Appartement 1BR premium à Beau Living Park, proche Casa Anfa / CFC, idéal pour un séjour business ou urbain à Casablanca. Profitez d’un salon lumineux, d’une chambre confortable, d’une cuisine équipée, d’un balcon côté cour, d’un parking privé, d’une salle de sport et d’une arrivée autonome. Services DAR & STAY disponibles : assistance séjour, navette aéroport sur demande et ménage optionnel pendant le séjour.","Logement entier : appartement - Casablanca, Maroc","['2 voyageurs', '1 chambre', '1 lit', '1\xa0salle de bain']","[{'Salle de bain': ['Sèche-cheveux', 'Produits de nettoyage', 'Shampoing', 'Savon pour le corps', 'Eau chaude', 'Gel douche']}, {'Chambre et linge': ['Lave-linge', 'Sèche-linge', 'Cintres', 'Linge de lit', 'Oreillers et couvertures supplémentaires', 'Stores ou rideaux occultants', 'Fer à repasser', 'Espace de rangement pour les vêtements']}, {'Divertissement': ['Télévision', 'Appareils de fitness']}, {'Famille': ['Lit pour bébé']}, {'Chauffage et climatisation': ['Climatisation', 'Chauffage']}, {'Sécurité à la maison': ['Caméras de surveillance extérieures présentes sur place', 'Extincteur', 'Trousse de premiers secours']}, {'Internet et bureau': ['Vitesse du réseau wifi\xa0: 22\xa0Mbps', 'Espace de travail dédié']}, {'Cuisine et salle à manger': ['Cuisine', 'Réfrigérateur', 'Tout le nécessaire pour cuisiner', 'Vaisselle et couverts', 'Cuisinière', 'Four', 'Bouilloire électrique', 'Cafetière', 'Verres à vin', 'Grille-pain', 'Blender', 'Table à manger', 'Machine à pain']}, {""Caractéristiques de l'emplacement"": ['Entrée privée']}, {'Parking et installations': ['Stationnement gratuit sur place', 'Salle de sport']}, {'Services': ['Logement fumeur', 'Arrivée autonome', 'Serrure numérique']}]"
id,url,title,description,overview,items,amenities
1718834290876699324,https://fr.airbnb.com/rooms/1718834290876699324,Maison de caractère en pleine nature ,"Bienvenue dans notre charmante maison de campagne, idéale pour un séjour en famille ou entre amis. Située dans un environnement paisible, elle peut accueillir jusqu’à 6 personnes, elle dispose de 3 chambres, 2 salles de bain, d’une piscine privée, d’une douche extérieure, d’un espace barbecue, d’un feu de camp, de cuisines intérieure et extérieure, ainsi que de coins repas et salons. À 7 min de Berrechid, 30 min de Casablanca, idéale pour un séjour en famille ou entre amis au cœur de la nature.","Logement entier : hébergement - Berrechid, Maroc","['6 voyageurs', '3 chambres', '4 lits', '2\xa0salles de bain']","[{'Salle de bain': ['Douche extérieure', 'Eau chaude']}, {'Chambre et linge': ['Lave-linge', 'Fer à repasser', 'Espace de rangement pour les vêtements\xa0: placard']}, {'Divertissement': ['Télévision', 'Appareils de fitness']}, {'Chauffage et climatisation': ['Climatisation', 'Cheminée']}, {'Sécurité à la maison': ['Caméras de surveillance extérieures présentes sur place']}, {'Internet et bureau': ['Wifi']}, {'Cuisine et salle à manger': ['Cuisine', 'Four', 'Bouilloire électrique', 'Cafetière\xa0: machine à expresso', 'Blender', 'Café']}, {'Extérieur': ['Brasero', 'Espace repas en plein air', 'Cuisine extérieure privée', 'Barbecue']}, {'Parking et installations': ['Stationnement gratuit sur place', 'Piscine']}, {'Services': ['Animaux acceptés']}]"
id,url,description,title,overview,items,amenities
1406451039864058454,https://fr.airbnb.com/rooms/1406451039864058454,"Surplombez Casablanca dans ce studio lumineux alliant confort et vue imprenable sur la ville et la Mosquée.<br />​Le confort : Lit double, 2 canapés, Wifi Fibre 20Mo & IPTV.<br />Le plus : Douche italienne (2022) & cuisine équipée avec machine à laver.<br />​Entre le Boulevard d'Anfa et le Maarif, profitez d'un emplacement stratégique dans un immeuble sécurisé avec gardien. Le refuge idéal pour explorer la ville ou un séjour pro. ✨",Studio moderne avec vue sur la ville et la mosquée / climatisation,"Logement entier : appartement - Casablanca, Maroc","['2 voyageurs', '1 chambre', '1 lit', '1\xa0salle de bain']","[{'Salle de bain': ['Sèche-cheveux', 'Shampoing', 'Après-shampoing', 'Eau chaude', 'Gel douche']}, {'Chambre et linge': ['Lave-linge', 'Fer à repasser', 'Étendoir à linge', 'Coffre-fort', 'Espace de rangement pour les vêtements\xa0: placard']}, {'Divertissement': ['Télévision']}, {'Chauffage et climatisation': ['Climatisation\xa0: système split sans évacuation', 'Chauffage\xa0: système split sans évacuation']}, {'Internet et bureau': ['Wifi']}, {'Cuisine et salle à manger': ['Cuisine', 'Réfrigérateur', 'Four à micro-ondes', 'Bouilloire électrique', 'Cafetière\xa0: cafetière filtre, cafetière manuelle', 'Grille-pain', 'Plaques de cuisson', 'Café']}, {'Parking et installations': ['Stationnement gratuit dans la rue', 'Ascenseur']}, {'Services': ['Arrivée autonome', 'Boîte à clé sécurisée']}]"
id,url,description,title,overview,items,amenities
1714644495882293203,https://fr.airbnb.com/rooms/1714644495882293203,"Charmant studio une chambre situé au cœur de Maarif, offrant un espace moderne, confortable et bien aménagé . <br /><br />L’appartement dispose d’une chambre cosy, d’un salon élégant, d’une cuisine équipée, d’une connexion Wi-Fi rapide et de la climatisation . Idéal pour couples, voyageurs solo ou séjours professionnels.<br /><br />- 2 min à pied du McDonald's Maarif<br />- 4 min à pied du Twin Center <br />- Entouré de cafés, restaurants, pharmacies et supermarchés<br />Accès facile aux transports en commun et aux taxis",Studio Moderne & Neuf | Cœur Maarif | Twin Center,"Logement entier : appartement - Casablanca, Maroc","['3 voyageurs', '1 chambre', '1 lit', '1\xa0salle de bain']","[{'Chambre et linge': ['Lave-linge']}, {'Divertissement': ['Télévision']}, {'Chauffage et climatisation': ['Climatisation']}, {'Internet et bureau': ['Wifi']}, {'Cuisine et salle à manger': ['Cuisine']}]"
id,url,description,title,overview,items,amenities
1550976470868697767,https://fr.airbnb.com/rooms/1550976470868697767,"Bienvenue dans votre duplex privé de 3 chambres dans le quartier Ghandi/financier de Casablanca, à quelques pas du centre commercial Ghandi, des cafés, des restaurants et des supermarchés. Cette maison moderne offre des espaces de vie spacieux, deux terrasses privées parfaites pour le café du matin ou le coucher du soleil, et une cuisine entièrement équipée. Idéal pour les familles, les voyageurs d'affaires ou les groupes à la recherche de confort, d'intimité et d'un emplacement haut de gamme au cœur de la ville.",Terrasses et coucher de soleil • Duplex Luxe 3 lits à Ghandi,"Logement entier : appartement - Casablanca, Maroc","['7 voyageurs', '3 chambres', '4 lits', '2,5\xa0salles de bain']","[{'Vues panoramiques': ['Vue panoramique sur la ville']}, {'Salle de bain': ['Baignoire', 'Sèche-cheveux', 'Produits de nettoyage', 'Shampoing', 'Après-shampoing', 'Savon pour le corps', 'Bidet', 'Eau chaude', 'Gel douche']}, {'Chambre et linge': ['Lave-linge (Gratuit) dans le logement', 'Produits de base', 'Cintres', 'Linge de lit', 'Oreillers et couvertures supplémentaires', 'Stores ou rideaux occultants', 'Fer à repasser', 'Étendoir à linge', 'Espace de rangement pour les vêtements\xa0: dressing, placard, armoire et commode']}, {'Divertissement': ['Connexion Ethernet', 'TV HD 55\xa0pouces avec Netflix']}, {'Famille': ['Lit pour bébé\xa0: disponible sur demande', 'Lit parapluie\xa0: disponible sur demande', 'Chaise haute', 'Vaisselle pour enfants', 'Caches-prises', 'Recommandations de baby-sitters']}, {'Chauffage et climatisation': ['Climatisation centrale', 'Chauffage']}, {'Sécurité à la maison': ['Sonomètres présents sur place', 'Caméras de surveillance extérieures présentes sur place', 'Détecteur de fumée', 'Détecteur de monoxyde de carbone', 'Extincteur', 'Trousse de premiers secours']}, {'Internet et bureau': ['Wifi', 'Espace de travail dédié']}, {'Cuisine et salle à manger': ['Cuisine', 'Réfrigérateur', 'Four à micro-ondes', 'Tout le nécessaire pour cuisiner', 'Vaisselle et couverts', 'Congélateur', 'Cuisinière à gaz', 'Four en acier inoxydable', 'Bouilloire électrique', 'Cafetière\xa0: cafetière filtre', 'Verres à vin', 'Grille-pain', 'Plaques de cuisson', 'Blender', 'Table à manger', 'Café']}, {""Caractéristiques de l'emplacement"": ['Entrée privée']}, {'Extérieur': ['Privé\xa0: patio ou balcon', 'Arrière-cour partagée – Clôture partielle', ""Mobilier d'extérieur"", 'Espace repas en plein air']}, {'Parking et installations': ['Garage résidentiel gratuit sur place\xa0: 1\xa0place', 'Stationnement gratuit dans la rue', 'Ascenseur']}, {'Services': ['Animaux acceptés', 'Dépôt de bagages autorisé', 'Séjours longue durée autorisés', 'Arrivée autonome', 'Serrure connectée']}]"
id,url,description,title,overview,items,amenities
1731419149218626054,https://fr.airbnb.com/rooms/1731419149218626054,"Offrez-vous un séjour de détente dans ce magnifique appartement <br /><br />. Le logement comprend :<br /><br />1 spacieuse suite parentale avec lit confortable<br />1 Séjour Spacieux <br />2 salles de bains <br />Une agréable terrasse offrant une vue dégagée sur la piscine et la mer<br />Appartement situé au 2ᵉ étage, lumineux et calme<br /><br />. Une résidence balnéaire sécurisée avec de nombreux équipements :<br />Grande piscine<br />Terrain de football<br />Supérette<br />Café<br />Mosquée<br /><br />. Accès:<br /><br />Plage accessible à pied en 2 minutes<br />Morocco Mall à 20 minutes",Suite avec Terrasse Vue Mer & Piscine,"Logement entier : appartement - Ben Abid, Maroc","['3 voyageurs', '1 chambre', '3 lits', '2\xa0salles de bain']","[{'Salle de bain': ['Eau chaude']}, {'Chambre et linge': ['Lave-linge', 'Produits de base', 'Cintres', 'Oreillers et couvertures supplémentaires', 'Stores ou rideaux occultants', 'Espace de rangement pour les vêtements']}, {'Divertissement': ['Télévision']}, {'Sécurité à la maison': ['Caméras de surveillance extérieures présentes sur place']}, {'Cuisine et salle à manger': ['Cuisine', 'Réfrigérateur']}]"
id,url,title,description,overview,items,amenities
1734709583535619401,https://fr.airbnb.com/rooms/1734709583535619401,Appartement à Tamaris avec piscine et proche de la plage,"Profitez d'un séjour paisible à Tamaris, Dar Bouazza, à seulement 5 minutes de la plage.<br /><br />L'espace : <br />Appartement au rez-de-chaussée pouvant accueillir jusqu'à 4 personnes, avec une chambre principale, 3 lits, un salon, un coin repas, une cuisine et une salle de bain.<br /><br />Équipements : <br />Wifi, climatisation, chauffage, télévision, lave-linge, parking gratuit, ascenseur et piscine pour enfants.<br /><br />IMPORTANT :<br />LA PISCINE EST RÉSERVÉE UNIQUEMENT AUX ENFANTS DE 5 À 11 ANS<br /><br />Accès des voyageurs : <br />Appartement entier, avec accueil personnel par l'hôte.<br /><br />Règlements : <br />Interdiction de fumer, d'organiser des fêtes et d'amener des animaux. Réservé aux couples mariés.","Logement entier : appartement - Tamaris, Maroc","['4 voyageurs', '1 chambre', '4 lits', '1\xa0salle de bain']","[{'Salle de bain': ['Produits de nettoyage', 'Shampoing', 'Après-shampoing', 'Savon pour le corps', 'Eau chaude', 'Gel douche']}, {'Chambre et linge': ['Lave-linge', 'Produits de base', 'Cintres', 'Linge de lit', 'Oreillers et couvertures supplémentaires', 'Étendoir à linge', 'Espace de rangement pour les vêtements']}, {'Divertissement': ['TV HD 42\xa0pouces']}, {'Famille': ['Baignoire pour bébé', 'Grilles de fenêtre']}, {'Chauffage et climatisation': ['Climatisation', 'Chauffage']}, {'Cuisine et salle à manger': ['Cuisine', 'Réfrigérateur', 'Four à micro-ondes', 'Tout le nécessaire pour cuisiner', 'Vaisselle et couverts', 'Congélateur', 'Bouilloire électrique', 'Blender', 'Table à manger']}, {""Caractéristiques de l'emplacement"": ['Accès à la plage']}, {'Extérieur': ['Jardin']}, {'Parking et installations': ['Stationnement gratuit dans la rue', 'Piscine', 'Ascenseur']}]"
id,url,description,title,overview,items,amenities
1626054898440222646,https://fr.airbnb.com/rooms/1626054898440222646,"Bienvenue dans votre maison élégante loin de chez vous, un appartement d'une chambre magnifiquement conçu qui allie confort moderne et élégance intemporelle.<br /><br />Entrez pour découvrir un espace de vie lumineux et ouvert où les lignes contemporaines épurées rencontrent les détails classiques. Le salon dispose de sièges moelleux, d'un éclairage chaleureux et d'un décor soigneusement sélectionné qui crée une atmosphère à la fois chaleureuse et raffinée, parfaite pour se détendre après une journée d'exploration.",LB Living appartement d'une chambre,"Logement entier : appartement - Casablanca, Maroc","['2 voyageurs', '1 chambre', '1 lit', '1\xa0salle de bain']","[{'Chambre et linge': ['Lave-linge']}, {'Divertissement': ['Télévision']}, {'Chauffage et climatisation': ['Climatisation']}, {'Internet et bureau': ['Wifi']}, {'Cuisine et salle à manger': ['Cuisine']}, {'Parking et installations': ['Stationnement gratuit sur place']}, {'Services': ['Arrivée autonome', 'Serrure numérique']}]"
id,url,title,description,overview,items,amenities
911033015894175296,https://fr.airbnb.com/rooms/911033015894175296,Appartement Calme à Oasis,"Appartement calme, élégant, central et très confortable. Tout est bien pensé : la literie est 100% coton égyptien, le matelas est très confortable, 4 oreillers différents parmi lesquels choisir. Le canapé est grand et confortable pour des moments de détente entre amis ou seul sur Netflix ou IPTV. La cuisine moderne et entièrement équipée pour de long séjour. La salle est propre et toute neuve. Le service de chambre est offert pour les longs séjour... Venez vite nous rendre visite !","Logement entier : appartement - Casablanca, Maroc","['3 voyageurs', '1 chambre', '1 lit', '1\xa0salle de bain']","[{'Vues panoramiques': ['Vue panoramique sur la ville']}, {'Salle de bain': ['Sèche-cheveux', 'Produits de nettoyage', 'Bidet', 'Eau chaude']}, {'Chambre et linge': ['Lave-linge', 'Sèche-linge', 'Produits de base', 'Cintres', 'Linge de lit', 'Oreillers et couvertures supplémentaires', 'Stores ou rideaux occultants', 'Fer à repasser', 'Espace de rangement pour les vêtements']}, {'Divertissement': ['TV avec abonnement standard au câble', ""Appareils de fitness\xa0: vélo elliptique, poids et haltères, vélo d'appartement, tapis de course, banc de musculation""]}, {'Famille': ['Chaise haute au sol\xa0: toujours dans le logement']}, {'Chauffage et climatisation': ['Climatisation', 'Chauffage']}, {'Internet et bureau': ['Wifi', 'Espace de travail dédié']}, {'Cuisine et salle à manger': ['Cuisine', 'Réfrigérateur', 'Four à micro-ondes', 'Tout le nécessaire pour cuisiner', 'Vaisselle et couverts', 'Mini réfrigérateur', 'Congélateur', 'Bouilloire électrique', 'Cafetière\xa0: Nespresso', 'Grille-pain', 'Plaques de cuisson', 'Table à manger', 'Café']}, {'Parking et installations': ['Stationnement gratuit sur place', 'Stationnement gratuit dans la rue', 'Ascenseur']}, {'Services': ['Dépôt de bagages autorisé', 'Séjours longue durée autorisés', 'Arrivée autonome', ""Personnel de l'immeuble"", 'Ménage disponible pendant le séjour']}]"
id,url,description,title,overview,items,amenities
1444832484905858504,https://fr.airbnb.com/rooms/1444832484905858504,"Profitez d’un séjour paisible dans ce studio moderne situé au cœur de la Marina. Entièrement équipé, il offre confort, calme et proximité immédiate des restaurants, commerces et de la promenade. Idéal pour un couple ou un voyageur solo en quête de détente et de style au bord de l’eau.",Studio prestige avec Terrasse sur la Marina,"Logement entier : appartement - Casablanca, Maroc","['2 voyageurs', '1 chambre', '1 lit', '1\xa0salle de bain']","[{'Salle de bain': ['Sèche-cheveux', 'Eau chaude']}, {'Chambre et linge': ['Linge de lit', 'Fer à repasser', 'Espace de rangement pour les vêtements']}, {'Divertissement': ['Télévision']}, {'Famille': ['Lit pour bébé']}, {'Chauffage et climatisation': ['Climatisation', 'Chauffage']}, {'Sécurité à la maison': ['Caméras de surveillance extérieures présentes sur place', 'Trousse de premiers secours']}, {'Internet et bureau': ['Wifi']}, {'Cuisine et salle à manger': ['Four à micro-ondes', 'Tout le nécessaire pour cuisiner', 'Vaisselle et couverts', 'Mini réfrigérateur', 'Bouilloire électrique', 'Cafetière\xa0: machine à expresso', 'Verres à vin', 'Plaques de cuisson', 'Kitchenette', 'Table à manger']}, {""Caractéristiques de l'emplacement"": [""Au bord de l'eau""]}, {'Extérieur': [""Mobilier d'extérieur"", 'Espace repas en plein air']}, {'Parking et installations': ['Stationnement gratuit dans un garage sur place', 'Ascenseur']}, {'Services': ['Séjours longue durée autorisés', 'Arrivée autonome', 'Boîte à clé sécurisée']}]"
id,url,description,title,overview,items,amenities
1752914929300208382,https://fr.airbnb.com/rooms/1752914929300208382,"Appartement grand, propre et ensoleillé pour les familles, emplacement calme et proche de tous, à seulement 2 min à pied de la Mosquée Hassan II et la plage(j accepte pas les couples non mariée ! ) <br />Résidence sécurisée avec des caméras, garage, ascenseur, cuisine tres bien équipée, Wi-Fi fibre, douche avec eau chaude(chauffe eau) , Ventilateur, TV (Netflix, YouTube) ..…. <br />Encore plus mieux en réalité que sur les photos.<br /><br />Vous pouvez toujours me retrouver sur IG  :  <br />ayuuub2.0<br /><br />Welcome",Nouvel et propre app a cote de la plage,"Logement entier : appartement - Casablanca, Maroc","['5 voyageurs', '2 chambres', '3 lits', '1\xa0salle de bain']","[{'Salle de bain': ['Shampoing', 'Eau chaude']}, {'Chambre et linge': ['Lave-linge', 'Sèche-linge', 'Cintres', 'Fer à repasser']}, {'Divertissement': ['Télévision']}, {'Chauffage et climatisation': ['Climatisation', 'Chauffage']}, {'Sécurité à la maison': ['Caméras de surveillance extérieures présentes sur place']}, {'Internet et bureau': ['Wifi']}, {'Cuisine et salle à manger': ['Cuisine', 'Réfrigérateur', 'Tout le nécessaire pour cuisiner', 'Cafetière']}, {""Caractéristiques de l'emplacement"": ['Accès à la plage']}, {'Parking et installations': ['Stationnement gratuit sur place']}]"
id,url,description,title,overview,items,amenities
1617523797352235845,https://fr.airbnb.com/rooms/1617523797352235845,"Situé à Mohammedia, l’appartement pied dans l’eau sur la corniche de Mohammedia est doté d’une terrasse, l’hébergement dispose d’une connexion WI-FI par fibre optique et d’une télévision smart, Il y’a une piscine , salle de sport et espaces jouets pour les enfants,<br /><br />Cet appartement climatisé <br />Comprend. Salon , cuisine américaine, chambre à coucher et une salle de bain <br />Casablanca vous attend à 24 km de l’appartement pied dans l’eau sur la corniche de Mannesmane.",M Océan mannesmane,"Logement entier : appartement - Mohammédia, Maroc","['4 voyageurs', '1 chambre', '1 lit', '1\xa0salle de bain']","[{'Salle de bain': ['Sèche-cheveux', 'Produits de nettoyage', 'Shampoing', 'Savon pour le corps', 'Douche extérieure', 'Eau chaude', 'Gel douche']}, {'Chambre et linge': ['Lave-linge', 'Cintres', 'Linge de lit', 'Oreillers et couvertures supplémentaires', 'Fer à repasser']}, {'Divertissement': ['Télévision', 'Appareils de fitness']}, {'Famille': ['Lit pour bébé', 'Chaise haute', 'Salle de jeux pour enfants', 'Aire de jeux extérieure']}, {'Chauffage et climatisation': ['Climatisation', 'Chauffage central']}, {'Sécurité à la maison': ['Caméras de surveillance extérieures présentes sur place']}, {'Internet et bureau': ['Wifi']}, {'Cuisine et salle à manger': ['Cuisine', 'Four à micro-ondes', 'Tout le nécessaire pour cuisiner', 'Vaisselle et couverts', 'Four Simple', 'Bouilloire électrique', 'Blender', 'Table à manger', 'Café']}, {""Caractéristiques de l'emplacement"": ['Accès à la plage', 'Accès gratuit au complexe hôtelier']}, {'Extérieur': ['Arrière-cour partagée', 'Espace repas en plein air']}, {'Parking et installations': ['Stationnement gratuit sur place', 'Stationnement gratuit dans la rue', 'Piscine', 'Ascenseur', 'Salle de sport partagée dans le bâtiment', 'Stationnement payant dans un garage sur place']}, {'Services': ['Arrivée autonome', 'Serrure numérique']}]"
id,url,title,description,overview,items,amenities
780461448870505332,https://fr.airbnb.com/rooms/780461448870505332,Appartement élégant avec terrasse - parking gratuit,"Appartement romantique et confortable situé dans le centre de Casablanca (Val-Fleuri Maarif) dans un tout nouvel immeuble de très haut standing.<br />Calme et très bien situé, avec toutes les commodités à deux pas. Supermarché Carrefour, station de tramway, banques, restaurants, souk traditionnel, pharmacie… Vous avez tout.<br />Literie d'hôtel 5 étoiles, draps et serviettes blancs, nettoyage et désinfection professionnels, cuisine entièrement équipée… nous avons pris soin de tous les détails. Nous souhaitons que vous puissiez passer le meilleur séjour possible.","Logement entier : appartement - Casablanca, Maroc","['3 voyageurs', '1 chambre', '2 lits', '1\xa0salle de bain']","[{'Vues panoramiques': ['Vue sur la cour']}, {'Salle de bain': ['Sèche-cheveux', 'Produits de nettoyage', 'Shampoing Carrefour ', 'Savon pour le corps Carrefour ', 'Eau chaude', 'Gel douche']}, {'Chambre et linge': ['Lave-linge (Gratuit) dans le logement', 'Produits de base', 'Cintres', 'Linge de lit', 'Oreillers et couvertures supplémentaires', 'Stores ou rideaux occultants', 'Fer à repasser', 'Étendoir à linge', 'Espace de rangement pour les vêtements\xa0: dressing, placard et armoire']}, {'Divertissement': ['TV HD 42\xa0pouces avec Netflix']}, {'Famille': ['Lit pour bébé\xa0: disponible sur demande']}, {'Chauffage et climatisation': ['Climatisation centrale', 'Chauffage central']}, {'Sécurité à la maison': ['Extincteur']}, {'Internet et bureau': ['Vitesse du réseau wifi\xa0: 21\xa0Mbps', 'Espace de travail dédié']}, {'Cuisine et salle à manger': ['Cuisine', 'Réfrigérateur Sierra ', 'Tout le nécessaire pour cuisiner', 'Vaisselle et couverts', 'Congélateur', 'Cuisinière électrique Silverline  en acier inoxydable', 'Four Silverline ', 'Bouilloire électrique', 'Cafetière\xa0: Nespresso', 'Verres à vin', 'Plaques de cuisson', 'Blender', 'Ustensiles de barbecue', 'Table à manger', 'Café']}, {""Caractéristiques de l'emplacement"": ['Entrée privée']}, {'Extérieur': ['Privé\xa0: patio ou balcon', 'Arrière-cour privée – Clôture intégrale', ""Mobilier d'extérieur"", 'Espace repas en plein air', 'Barbecue privé\xa0: au charbon de bois, à bois']}, {'Parking et installations': ['Stationnement gratuit sur place', 'Stationnement gratuit dans la rue', 'Ascenseur']}, {'Services': ['Animaux acceptés', 'Dépôt de bagages autorisé', 'Séjours longue durée autorisés', 'Arrivée autonome', 'Boîte à clé sécurisée', 'Ménage disponible pendant le séjour']}]"
id,url,description,title,overview,items,amenities
1747159354544332945,https://fr.airbnb.com/rooms/1747159354544332945,"Bienvenue dans ce bel appartement T2 neuf. Pensé pour offrir confort et tranquillité, il est idéal pour un séjour en couple, un voyage professionnel ou quelques jours de découverte de la ville.<br /><br />✨ Le logement comprend :<br /><br />* 🛏️ Une chambre confortable<br />* 🛋️ Un salon chaleureux et lumineux<br />* 🌿 Un balcon<br />* 🍽️ Une cuisine équipée<br />* 🚿 Une salle de bain moderne<br /><br />La résidence est neuve et récemment livrée.<br />⚠️ À noter : l’ascenseur n’est pas encore opérationnel.",Charmant T2 neuf avec balcon et clim – Casablanca,"Logement entier : appartement - Casablanca, Maroc","['3 voyageurs', '1 chambre', '1 lit', '1\xa0salle de bain']","[{'Salle de bain': ['Eau chaude']}, {'Chambre et linge': ['Lave-linge', 'Produits de base', 'Cintres', 'Fer à repasser']}, {'Divertissement': ['Télévision']}, {'Chauffage et climatisation': ['Climatisation', 'Chauffage']}, {'Internet et bureau': ['Wifi']}, {'Cuisine et salle à manger': ['Cuisine', 'Réfrigérateur', 'Tout le nécessaire pour cuisiner', 'Cafetière']}, {'Parking et installations': ['Stationnement gratuit sur place']}, {'Services': ['Arrivée autonome', ""Personnel de l'immeuble""]}]"
id,url,title,description,overview,items,amenities
1554584313779759217,https://fr.airbnb.com/rooms/1554584313779759217,Princesses Luxury Studio - Élégance & Lumière,"Séjournez dans ce  studio moderne et lumineux, situé au cœur du quartier prisé les princesses à Casablanca. Idéalement placé dans une résidence neuve et sécurisée 24h/24, ce logement offre un cadre élégant confortable et parfaitement équipé pour vos séjours professionnels ou touristiques.<br />Profiter d'un studio soigneusement aménagé, doté d'une connexion fibre optique au débit, d'un ascenseur et parking privé à la demande.","Logement entier : appartement en résidence - Casablanca, Maroc","['3 voyageurs', '1 chambre', '1 lit', '1\xa0salle de bain']","[{'Salle de bain': ['Sèche-cheveux', 'Produits de nettoyage', 'Shampoing', 'Savon pour le corps', 'Eau chaude', 'Gel douche']}, {'Chambre et linge': ['Lave-linge (Gratuit) dans le logement', 'Produits de base', 'Cintres', 'Linge de lit', 'Oreillers et couvertures supplémentaires', 'Fer à repasser', 'Étendoir à linge', 'Espace de rangement pour les vêtements\xa0: dressing']}, {'Divertissement': ['Connexion Ethernet', 'TV HD 50\xa0pouces avec Netflix']}, {'Chauffage et climatisation': ['Climatisation centrale', 'Chauffage central']}, {'Internet et bureau': ['Wifi', 'Espace de travail dédié', 'Routeur wifi portable']}, {'Cuisine et salle à manger': ['Cuisine', 'Réfrigérateur', 'Four à micro-ondes', 'Tout le nécessaire pour cuisiner', 'Vaisselle et couverts', 'Mini réfrigérateur', 'Congélateur', 'Cuisinière à induction Other', 'Four Double', 'Bouilloire électrique', 'Cafetière\xa0: machine à expresso, Nespresso', 'Plaques de cuisson', 'Café']}, {""Caractéristiques de l'emplacement"": ['Entrée privée', 'Laverie automatique à proximité']}, {'Extérieur': [""Mobilier d'extérieur""]}, {'Parking et installations': ['Stationnement gratuit dans la rue', 'Ascenseur']}, {'Services': ['Séjours longue durée autorisés', 'Ménage disponible pendant le séjour']}]"
id,url,title,description,overview,items,amenities
1221730948740042979,https://fr.airbnb.com/rooms/1221730948740042979,Superbe appartement • Toit-terrasse ensoleillé • Triangle d'Or • Centre,"Triangle d’Or de Casablanca !<br /><br />Posez vos valises dans ce superbe studio moderne, pensé pour allier confort, style et praticité. Entièrement équipé, il a tout ce qu’il faut pour que vous vous sentiez comme chez vous… voire mieux 😉<br /><br />🛍️ Emplacement imbattable !<br />Au pied de l’immeuble : hypermarché, salon de coiffure, et une multitude de restaurants pour satisfaire toutes vos envies — du brunch chill au dîner gourmand.","Logement entier : hébergement - Casablanca, Maroc","['5 voyageurs', '1 chambre', '2 lits', '1\xa0salle de bain']","[{'Salle de bain': ['Sèche-cheveux', 'Produits de nettoyage', 'Shampoing', 'Bidet', 'Eau chaude', 'Gel douche']}, {'Chambre et linge': ['Lave-linge', 'Produits de base', 'Cintres', 'Linge de lit', 'Fer à repasser', 'Étendoir à linge', 'Espace de rangement pour les vêtements\xa0: dressing et placard']}, {'Divertissement': ['Télévision']}, {'Chauffage et climatisation': ['Climatisation', ""Chauffage d'appoint""]}, {'Sécurité à la maison': ['Caméras de surveillance extérieures présentes sur place', 'Détecteur de fumée', 'Détecteur de monoxyde de carbone', 'Extincteur', 'Trousse de premiers secours']}, {'Internet et bureau': ['Wifi', 'Espace de travail dédié']}, {'Cuisine et salle à manger': ['Cuisine', 'Réfrigérateur', 'Four à micro-ondes', 'Tout le nécessaire pour cuisiner', 'Vaisselle et couverts', 'Congélateur', 'Lave-vaisselle', 'Bouilloire électrique', 'Cafetière\xa0: machine à expresso, Nespresso', 'Grille-pain', 'Plaques de cuisson', 'Machine à pain']}, {'Extérieur': ['Commun\xa0: patio ou balcon', 'Chaises longues']}, {'Parking et installations': ['Stationnement gratuit sur place', 'Stationnement gratuit dans la rue', 'Ascenseur']}, {'Services': ['Animaux acceptés', 'Dépôt de bagages autorisé', 'Séjours longue durée autorisés', 'Arrivée autonome', 'Serrure connectée', 'Service de ménage\xa0: disponible moyennant un supplément']}]"
id,url,description,title,overview,items,amenities
1405868212366752160,https://fr.airbnb.com/rooms/1405868212366752160,"Bienvenue dans ce studio luxueux au cœur de Casablanca Finance City. Profitez d'une future infinity pool , d'une salle de sport, et de transats pour bronzer. Le studio offre un salon élégant équipé d'une TV, une cuisine entièrement équipée, et une salle de bain moderne avec douche à l'italienne. Idéal pour un séjour raffiné dans l'un des quartiers les plus prestigieux de Casablanca.<br /><br /> À 20 m du Busway et du Tramway<br /> À 150 m du centre commercial Aeria Mall et du parc Anfa.",Studio cosy au cfc,"Logement entier : appartement - Casablanca, Maroc","['2 voyageurs', '1 chambre', '1 lit', '1\xa0salle de bain']","[{'Salle de bain': ['Eau chaude']}, {'Chambre et linge': ['Lave-linge', 'Sèche-linge (Gratuit)']}, {'Divertissement': ['Télévision', 'Appareils de fitness']}, {'Chauffage et climatisation': ['Climatisation']}, {'Sécurité à la maison': ['Détecteur de fumée', 'Détecteur de monoxyde de carbone', 'Extincteur']}, {'Internet et bureau': ['Wifi']}, {'Cuisine et salle à manger': ['Cuisine', 'Réfrigérateur', 'Cuisinière à gaz Other', 'Four', 'Bouilloire électrique', 'Cafetière']}, {'Parking et installations': ['Piscine commune', 'Ascenseur', 'Salle de sport']}]"
id,url,description,title,overview,items,amenities
1689978878104511862,https://fr.airbnb.com/rooms/1689978878104511862,"Séjournez dans notre studio moderne et élégant, conçu pour le confort et la détente ✨ Parfait pour les couples, les amis et les familles. Profitez d'un espace de vie confortable, d'une cuisine entièrement équipée, d'une salle de bain moderne, d'une terrasse privée, d'un parking GRATUIT, du Wi-Fi haut débit et de Netflix sur la télévision connectée. Situé dans un quartier privilégié, à proximité des restaurants, des cafés, des boutiques et des principales attractions : tout ce dont vous avez besoin est à quelques minutes seulement.",Studio ensoleillé en plein centre Maarif ,"Logement entier : appartement - Casablanca, Maroc","['3 voyageurs', '1 chambre', '1 lit', '1\xa0salle de bain']","[{'Salle de bain': ['Baignoire', 'Sèche-cheveux', 'Produits de nettoyage', 'Shampoing', 'Savon pour le corps', 'Eau chaude', 'Gel douche']}, {'Chambre et linge': ['Lave-linge', 'Produits de base', 'Cintres', 'Linge de lit', 'Oreillers et couvertures supplémentaires', 'Stores ou rideaux occultants', 'Fer à repasser', 'Étendoir à linge', 'Espace de rangement pour les vêtements']}, {'Divertissement': ['Télévision', 'Système audio', 'Livres et de quoi lire']}, {'Chauffage et climatisation': ['Climatisation', 'Chauffage central']}, {'Internet et bureau': ['Wifi', 'Espace de travail dédié']}, {'Cuisine et salle à manger': ['Cuisine', 'Réfrigérateur', 'Four à micro-ondes', 'Tout le nécessaire pour cuisiner', 'Vaisselle et couverts', 'Congélateur', 'Cuisinière électrique', 'Four', 'Cafetière', 'Verres à vin', 'Compacteur de déchets', 'Table à manger']}, {""Caractéristiques de l'emplacement"": ['Laverie automatique à proximité']}, {'Extérieur': ['Privé\xa0: patio ou balcon', ""Mobilier d'extérieur"", 'Espace repas en plein air']}, {'Parking et installations': ['Stationnement gratuit sur place']}, {'Services': ['Arrivée autonome', 'Boîte à clé sécurisée', 'Service de ménage\xa0: disponible moyennant un supplément']}]"
id,url,description,title,overview,items,amenities
1611537820762495018,https://fr.airbnb.com/rooms/1611537820762495018,"Appartement élégant au cœur d’Oasis Casablanca, dans une résidence neuve et sécurisée. <br />Logement moderne, propre et sans vis-à-vis, avec chambre confortable, salon lumineux et cuisine équipée. Profitez d’un balcon sans vis-à-vis, d’un parking privé sécurisé et du WiFi fibre haut débit. <br />Parfait compromis entre calme et emplacement stratégique pour visiter Casablanca. <br />Idéal pour couples ou personnes en quête de tranquillité. Tout est pensé pour un séjour agréable et sans compromis",Appartement élégant au cœur d’Oasis Casablanca,"Logement entier : appartement - Casablanca, Maroc","['2 voyageurs', '1 chambre', '1 lit', '1\xa0salle de bain']","[{'Vues panoramiques': ['Vue panoramique sur la ville']}, {'Salle de bain': ['Sèche-cheveux', 'Produits de nettoyage', 'Shampoing', 'Savon pour le corps', 'Bidet', 'Eau chaude', 'Gel douche']}, {'Chambre et linge': ['Lave-linge', 'Sèche-linge', 'Produits de base', 'Cintres', 'Linge de lit', 'Oreillers et couvertures supplémentaires', 'Stores ou rideaux occultants', 'Fer à repasser', 'Étendoir à linge', 'Espace de rangement pour les vêtements']}, {'Divertissement': ['Connexion Ethernet', 'Télévision', 'Livres et de quoi lire']}, {'Chauffage et climatisation': ['Climatisation']}, {'Sécurité à la maison': ['Détecteur de fumée', 'Détecteur de monoxyde de carbone', 'Extincteur', 'Trousse de premiers secours']}, {'Internet et bureau': ['Wifi', 'Espace de travail dédié']}, {'Cuisine et salle à manger': ['Cuisine', 'Réfrigérateur', 'Tout le nécessaire pour cuisiner', 'Vaisselle et couverts', 'Mini réfrigérateur', 'Congélateur', 'Cuisinière à induction Other en acier inoxydable', 'Four', 'Bouilloire électrique', 'Cafetière', 'Verres à vin', 'Grille-pain', 'Plaques de cuisson', 'Blender', 'Compacteur de déchets', 'Table à manger', 'Café', 'Machine à pain']}, {'Extérieur': ['Privé\xa0: patio ou balcon', ""Mobilier d'extérieur"", 'Espace repas en plein air']}, {'Parking et installations': ['Stationnement gratuit sur place', 'Stationnement gratuit dans la rue', 'Ascenseur']}, {'Services': ['Dépôt de bagages autorisé', 'Logement fumeur', 'Séjours longue durée autorisés', 'Arrivée autonome', 'Serrure numérique']}]"
id,url,title,description,overview,items,amenities
1498396401560748515,https://fr.airbnb.com/rooms/1498396401560748515,Appartement Élégant(Galerie d’Art)Netflix-Spotify,"Découvrez un appartement élégant au style unique, pensé comme une véritable galerie d’art moderne. Entre design raffiné, lumière naturelle et ambiance cosy, chaque détail a été choisi pour créer une atmosphère apaisante et inspirante. Idéal pour un séjour inoubliable, mêlant confort, modernité et créativité au cœur de la ville de Casablanca<br />À noter avant réservation : la connexion Wi-Fi est de très bas débit","Logement entier : appartement - Casablanca, Maroc","['4 voyageurs', '1 chambre', '1 lit', '1\xa0salle de bain']","[{'Salle de bain': ['Produits de nettoyage', 'Bidet', 'Eau chaude']}, {'Chambre et linge': ['Produits de base', 'Linge de lit', 'Oreillers et couvertures supplémentaires', 'Espace de rangement pour les vêtements\xa0: placard']}, {'Divertissement': ['Connexion Ethernet', 'Télévision', 'Livres et de quoi lire']}, {'Sécurité à la maison': ['Détecteur de fumée']}, {'Internet et bureau': ['Wifi', 'Espace de travail dédié', 'Routeur wifi portable']}, {'Cuisine et salle à manger': ['Cuisine', 'Réfrigérateur', 'Vaisselle et couverts', 'Congélateur', 'Cuisinière Other', 'Four', 'Cafetière', 'Verres à vin', 'Plaques de cuisson', 'Compacteur de déchets', 'Table à manger']}, {'Extérieur': ['Privé\xa0: patio ou balcon', ""Mobilier d'extérieur""]}, {'Parking et installations': ['Ascenseur']}, {'Services': ['Séjours longue durée autorisés']}]"
id,url,description,title,overview,items,amenities
1693535150722107463,https://fr.airbnb.com/rooms/1693535150722107463,"✨ Bienvenue dans votre studio cosy & moderne à Casablanca ✨<br /><br />Profitez d’un séjour confortable, lumineux et élégant juste en face de Anfa Park, au cœur de CFC. Idéalement situé à proximité immédiate de cafés, restaurants, supermarchés et toutes commodités. <br /><br />Le studio dispose d’un lit double confortable, d’un salon chaleureux avec Smart TV, Wi-Fi rapide, cuisine entièrement équipée, balcon lumineux, climatisation, parking privé gratuit et check-in autonome pour un séjour pratique et agréable.",1 BR | Vue CFC | Canapé électrique | salle de SPORT PRIVÉE,"Logement entier : appartement - Casablanca, Maroc","['2 voyageurs', '1 chambre', '1 lit', '1\xa0salle de bain']","[{'Salle de bain': ['Sèche-cheveux', 'Bidet', 'Eau chaude']}, {'Chambre et linge': ['Lave-linge', 'Produits de base', 'Cintres', 'Linge de lit', 'Oreillers et couvertures supplémentaires', 'Stores ou rideaux occultants', 'Fer à repasser', 'Étendoir à linge']}, {'Divertissement': ['Télévision', ""Appareils de fitness\xa0: poids et haltères, vélo d'appartement, banc de musculation, aviron""]}, {'Famille': ['Lit pour bébé', 'Vaisselle pour enfants']}, {'Chauffage et climatisation': ['Climatisation', 'Chauffage central']}, {'Sécurité à la maison': ['Caméras de surveillance extérieures présentes sur place']}, {'Internet et bureau': ['Wifi', 'Espace de travail dédié']}, {'Cuisine et salle à manger': ['Cuisine', 'Réfrigérateur', 'Tout le nécessaire pour cuisiner', 'Vaisselle et couverts', 'Congélateur', 'Four double en acier inoxydable', 'Bouilloire électrique', 'Blender', 'Compacteur de déchets', 'Table à manger', 'Machine à pain']}, {'Parking et installations': ['Stationnement gratuit sur place', 'Ascenseur', 'Salle de sport dans le bâtiment', 'Portier']}, {'Services': ['Animaux acceptés', 'Arrivée autonome', 'Boîte à clé sécurisée', 'Ménage disponible pendant le séjour']}]"
id,url,title,description,overview,items,amenities
1710079674076472914,https://fr.airbnb.com/rooms/1710079674076472914,Appartement de Charme au Cœur de Casablanca,"Découvrez un appartement moderne et éléaant au cour du Maârif à Casablanca. Climatisé et entièrement équipé, il dispose d'une Smart TV, d'un Wi-Fi haut débit de 50 Mbps et d'une cuisine complète avec tous les ustensiles nécessaires. Son ambiance chaleureuse et son emplacement idéal, à proximité des restaurants. cafés et commerces, en font le choix parfait pour un séjour confortable, que ce soit pour le travail ou les vacances.","Logement entier : appartement - Casablanca, Maroc","['3 voyageurs', '1 chambre', '1 lit', '1\xa0salle de bain']","[{'Chambre et linge': ['Lave-linge']}, {'Divertissement': ['Télévision']}, {'Chauffage et climatisation': ['Climatisation']}, {'Internet et bureau': ['Wifi']}, {'Cuisine et salle à manger': ['Cuisine', 'Réfrigérateur', 'Four à micro-ondes', 'Tout le nécessaire pour cuisiner', 'Vaisselle et couverts', 'Congélateur', 'Lave-vaisselle', 'Cuisinière', 'Four', 'Bouilloire électrique', 'Cafetière', 'Blender', 'Compacteur de déchets', 'Café']}, {'Parking et installations': ['Stationnement gratuit sur place']}]"
id,url,title,description,overview,items,amenities
22064258,https://fr.airbnb.com/rooms/22064258,Séjournez dans la villa Bougainvillier,"Dans charmante villa au quartier oasis, un loft atypique au style industriel et boheme,  veritable atelier d’artiste, independant, cosy, calme et chaleureux. Il est composée d'une chambre double avec un grand lit, dressing et salle de bain. Un salon avec vue sur piscine pouvant accueillier 3 lits simples. Une cuisine équipée et une autre salle de bain. Jardin privatif et piscine.","Logement entier : suite - Casablanca, Maroc","['4 voyageurs', '1 chambre', '3 lits', '2\xa0salles de bain']","[{'Vues panoramiques': ['Vue sur la piscine', 'Vue sur le jardin']}, {'Salle de bain': ['Sèche-cheveux', 'Shampoing', 'Eau chaude']}, {'Chambre et linge': ['Lave-linge (Gratuit) dans le logement', 'Produits de base', 'Cintres', 'Linge de lit', 'Oreillers et couvertures supplémentaires', 'Stores ou rideaux occultants', 'Fer à repasser', 'Coffre-fort', 'Espace de rangement pour les vêtements']}, {'Divertissement': ['TV 56\xa0pouces avec abonnement standard au câble']}, {'Famille': ['Lit pour bébé', 'Livres et jouets pour enfants', 'Vaisselle pour enfants', 'Grilles de fenêtre']}, {'Chauffage et climatisation': ['Climatiseur portable', 'Chauffage']}, {'Sécurité à la maison': ['Extincteur']}, {'Internet et bureau': ['Wifi', 'Espace de travail dédié']}, {'Cuisine et salle à manger': ['Cuisine', 'Réfrigérateur', 'Four à micro-ondes', 'Tout le nécessaire pour cuisiner', 'Vaisselle et couverts', 'Cuisinière', 'Cafetière']}, {""Caractéristiques de l'emplacement"": ['Entrée privée']}, {'Extérieur': ['Privé\xa0: patio ou balcon', 'Arrière-cour privée – Clôture intégrale', ""Mobilier d'extérieur"", 'Espace repas en plein air', 'Barbecue']}, {'Parking et installations': ['Stationnement gratuit sur place', 'Stationnement gratuit dans la rue', 'Piscine privée']}, {'Services': ['Animaux acceptés', 'Dépôt de bagages autorisé', 'Séjours longue durée autorisés', 'Arrivée autonome', ""Personnel de l'immeuble""]}]"
id,url,description,title,overview,items,amenities
1542915996298228368,https://fr.airbnb.com/rooms/1542915996298228368,"Entrez dans la B4-Suite Royale Luxueuse / Tropical Glow, où le rythme de Casablanca rencontre une touche de paradis. Détendez-vous dans un salon cosy et raffiné baigné d’une douce lumière, puis accédez à votre balcon privé entouré d’un décor végétal luxuriant. Savourez votre café du matin dans un havre de paix ou relaxez-vous sous les lumières de la ville. Une escapade sereine et vibrante, pensée pour le confort, la joie et des moments inoubliables.",B4-Suite Royal Luxueuse / Tropical Glow,"Logement entier : appartement - Casablanca, Maroc","['4 voyageurs', '1 chambre', '2 lits', '1\xa0salle de bain']","[{'Salle de bain': ['Sèche-cheveux', 'Produits de nettoyage', 'Shampoing', 'Après-shampoing', 'Savon pour le corps', 'Eau chaude', 'Gel douche']}, {'Chambre et linge': ['Lave-linge', 'Sèche-linge', 'Produits de base', 'Cintres', 'Linge de lit', 'Oreillers et couvertures supplémentaires', 'Stores ou rideaux occultants', 'Fer à repasser', 'Étendoir à linge', 'Coffre-fort', 'Espace de rangement pour les vêtements']}, {'Divertissement': ['Connexion Ethernet', 'Télévision', 'Appareils de fitness', 'Livres et de quoi lire']}, {'Famille': ['Lit pour bébé', 'Lit parapluie', 'Chaise haute', 'Caches-prises', 'Jeux de société']}, {'Chauffage et climatisation': ['Climatisation', 'Ventilateurs portables', 'Chauffage']}, {'Sécurité à la maison': ['Caméras de surveillance extérieures présentes sur place', 'Détecteur de fumée', 'Extincteur', 'Trousse de premiers secours']}, {'Internet et bureau': ['Wifi', 'Espace de travail dédié']}, {'Cuisine et salle à manger': ['Cuisine', 'Réfrigérateur', 'Four à micro-ondes', 'Tout le nécessaire pour cuisiner', 'Vaisselle et couverts', 'Congélateur', 'Cuisinière', 'Four', 'Bouilloire électrique', 'Cafetière', 'Grille-pain', 'Plaques de cuisson', 'Blender', 'Compacteur de déchets', 'Table à manger', 'Café']}, {""Caractéristiques de l'emplacement"": ['Entrée privée', 'Laverie automatique à proximité']}, {'Extérieur': [""Mobilier d'extérieur""]}, {'Parking et installations': ['Stationnement gratuit sur place', 'Stationnement gratuit dans la rue', 'Ascenseur']}, {'Services': ['Séjours longue durée autorisés', 'Arrivée autonome', 'Serrure connectée', 'Ménage disponible pendant le séjour']}]"
id,url,title,description,overview,items,amenities
1657546401712851089,https://fr.airbnb.com/rooms/1657546401712851089,NOUVEAU : 1 suite de luxe – 2 terrasses – Gare/Port/Voyageurs,"💎 Offrez-vous une expérience unique dans cette suite studio double terrasse haut standing au cœur de Belvédère, à deux pas de Place Yassir. 🏙️<br /><br />🛋️ Design moderne, finitions raffinées et confort absolu pour un séjour exceptionnel.<br />🌿 Profitez d’une double terrasse privée, idéale pour se détendre en toute tranquillité.<br />📍 Emplacement premium proche des gares 🚆, du centre-ville et du port ⚓.<br />❤️ Parfait pour couples ou voyageurs en quête de luxe et de sérénité.","Logement entier : appartement - Casablanca, Maroc","['4 voyageurs', '1 chambre', '2 lits', '1\xa0salle de bain']","[{'Salle de bain': ['Sèche-cheveux', 'Produits de nettoyage', 'Shampoing Chapo', 'Savon pour le corps Chapi', 'Eau chaude', 'Gel douche']}, {'Chambre et linge': ['Lave-linge', 'Sèche-linge', 'Cintres', 'Linge de lit', 'Oreillers et couvertures supplémentaires', 'Fer à repasser']}, {'Divertissement': ['Connexion Ethernet', 'Télévision']}, {'Famille': ['Chaise haute au sol', 'Jeux de société']}, {'Chauffage et climatisation': ['Climatisation', 'Chauffage central']}, {'Sécurité à la maison': ['Détecteur de fumée', 'Détecteur de monoxyde de carbone', 'Extincteur', 'Trousse de premiers secours']}, {'Internet et bureau': ['Wifi']}, {'Cuisine et salle à manger': ['Cuisine', 'Réfrigérateur Samsung', 'Four à micro-ondes', 'Vaisselle et couverts', 'Congélateur', 'Cuisinière à gaz Other', 'Four double en acier inoxydable', 'Bouilloire électrique', 'Cafetière\xa0: Nespresso', 'Verres à vin', 'Compacteur de déchets', 'Café']}, {'Parking et installations': ['Stationnement gratuit dans un garage sur place']}, {'Services': ['Logement fumeur', 'Arrivée autonome', 'Serrure numérique']}]"
id,url,title,description,overview,items,amenities
1473960899780502951,https://fr.airbnb.com/rooms/1473960899780502951,New 1 BR Séjour Prestige Gauthier 5min stade Med 5,"Situé à Anfa; en plein centre-ville de Casablanca,à proximité des principaux points d’intérêt de la ville :<br />🏙️ À 7 min de Casa-Port<br />🛍️ À 6 min du Stade Mohammed V<br />🕌 À 7 min de la Mosquée Hassan II et la corniche <br />🏢 À quelques pas des Twin Center et du quartier Maârif<br />L’appartement se compose d’une chambre confortable d’un salon lumineux avec une belle terrasse, d’une cuisine américaine entièrement équipée, et d’une salle de bain moderne. Idéal pour un séjour calme et élégant en plein centre.","Logement entier : appartement - Casablanca, Maroc","['4 voyageurs', '1 chambre', '1 lit', '1\xa0salle de bain']","[{'Salle de bain': ['Sèche-cheveux', 'Produits de nettoyage', 'Shampoing', 'Eau chaude', 'Gel douche']}, {'Chambre et linge': ['Lave-linge', 'Sèche-linge', 'Produits de base', 'Cintres', 'Linge de lit', 'Oreillers et couvertures supplémentaires', 'Fer à repasser', 'Étendoir à linge', 'Espace de rangement pour les vêtements']}, {'Divertissement': ['Connexion Ethernet', 'Télévision']}, {'Famille': ['Vaisselle pour enfants', 'Caches-prises', 'Jeux de société']}, {'Chauffage et climatisation': ['Climatisation', 'Chauffage']}, {'Internet et bureau': ['Wifi']}, {'Cuisine et salle à manger': ['Cuisine', 'Réfrigérateur', 'Four à micro-ondes', 'Tout le nécessaire pour cuisiner', 'Vaisselle et couverts', 'Congélateur', 'Lave-vaisselle', 'Cuisinière Other', 'Four', 'Bouilloire électrique', 'Cafetière', 'Verres à vin', 'Blender', 'Compacteur de déchets', 'Table à manger', 'Machine à pain']}, {""Caractéristiques de l'emplacement"": ['Entrée privée']}, {'Parking et installations': ['Stationnement gratuit dans la rue', 'Ascenseur']}, {'Services': ['Arrivée autonome', 'Serrure numérique', 'Ménage disponible pendant le séjour']}]"
id,url,title,description,overview,items,amenities
1588660475481020404,https://fr.airbnb.com/rooms/1588660475481020404,5 min de Mosquée Hassan II/ Parking /Vue sur Ville,"Studio entièrement NEUF, dans un immeuble moderne et SANS VIS-À-VIS , avec une terasse et au centre de Casablanca. <br /><br />Lumineux, confortable et cosy, il offre intimité et praticité. À deux pas des cafés, salons de beauté, supermarchés, restaurants, attractions et toutes commodités quotidiennes. <br /><br />Idéal pour un séjour professionnel ou touristique, au centre de la ville et proche de tout ce qui fait Casablanca agréable à explorer.","Logement entier : appartement - Casablanca, Maroc","['3 voyageurs', '1 chambre', '1 lit', '1\xa0salle de bain']","[{'Vues panoramiques': ['Vue panoramique sur la ville']}, {'Salle de bain': ['Sèche-cheveux', 'Produits de nettoyage', 'Shampoing', 'Bidet', 'Eau chaude']}, {'Chambre et linge': ['Lave-linge', 'Cintres', 'Linge de lit', 'Oreillers et couvertures supplémentaires', 'Stores ou rideaux occultants', 'Fer à repasser', 'Étendoir à linge', 'Espace de rangement pour les vêtements']}, {'Divertissement': ['TV HD avec Netflix']}, {'Famille': ['Lit pour bébé\xa0: disponible sur demande', 'Lit parapluie', ""Livres et jouets pour enfants  (Jusqu'à 2\xa0ans et Entre 2 et 5\xa0ans)"", 'Chaise haute de type siège de table payante\xa0: disponible sur demande', 'Baignoire pour bébé\xa0: disponible sur demande', 'Vaisselle pour enfants', 'Table à langer\xa0: disponible sur demande', 'Babyphone\xa0: disponible sur demande', 'Caches-prises', 'Protections sur les coins de tables', 'Recommandations de baby-sitters', 'Vélos pour enfants']}, {'Chauffage et climatisation': ['Climatisation', 'Chauffage']}, {'Sécurité à la maison': ['Caméras de surveillance extérieures présentes sur place']}, {'Internet et bureau': ['Wifi', 'Espace de travail dédié']}, {'Cuisine et salle à manger': ['Cuisine', 'Réfrigérateur', 'Tout le nécessaire pour cuisiner', 'Vaisselle et couverts', 'Mini réfrigérateur', 'Congélateur', 'Cuisinière', 'Four', 'Bouilloire électrique', 'Cafetière', 'Grille-pain', 'Plaques de cuisson', 'Blender', 'Table à manger']}, {""Caractéristiques de l'emplacement"": ['Entrée privée']}, {'Extérieur': ['Patio ou balcon', 'Espace repas en plein air']}, {'Parking et installations': ['Allée de stationnement gratuite sur place', 'Stationnement gratuit dans la rue', 'Ascenseur', 'Résidence protégée']}, {'Services': ['Séjours longue durée autorisés', 'Arrivée autonome', 'Serrure numérique']}]"
id,url,description,title,overview,items,amenities
1746601009155086381,https://fr.airbnb.com/rooms/1746601009155086381,"Logement lumineux de 1 chambre au rez-de-chaussée dans le quartier des Princesses, avec une terrasse privée de 12 m². Le salon et la salle à manger ouverts débouchent sur une cuisine entièrement équipée avec plaque de cuisson à gaz, four, lave-linge et machine Nespresso. Un somptueux canapé d'angle gris et un mur d'œuvres d'art sélectionnées donnent le ton, avec des touches de jaune moutarde et de vert sauge. La chambre dispose d'une tête de lit rembourrée, d'un dressing et d'une télévision. La salle d'eau dispose d'une douche à l'italienne à effet de pluie complète avec des équipements noirs mats. 47 m² au total, accès de plain-pied au rez-de-chaussée, sans ascenseur.","Retraite calme 1 chambre, terrasse privée – Les Princesses","Logement entier : appartement - Casablanca, Maroc","['2 voyageurs', '1 chambre', '1 lit', '1\xa0salle de bain']","[{'Salle de bain': ['Sèche-cheveux', 'Produits de nettoyage', 'Shampoing', 'Savon pour le corps', 'Bidet', 'Eau chaude', 'Gel douche']}, {'Chambre et linge': ['Lave-linge', 'Produits de base', 'Cintres', 'Linge de lit', 'Oreillers et couvertures supplémentaires', 'Stores ou rideaux occultants', 'Fer à repasser', 'Étendoir à linge', 'Espace de rangement pour les vêtements\xa0: dressing']}, {'Divertissement': ['Télévision']}, {'Famille': ['Lit parapluie (payant)\xa0: disponible sur demande', 'Grilles de fenêtre']}, {'Chauffage et climatisation': ['Climatisation', 'Ventilateurs portables', 'Chauffage']}, {'Sécurité à la maison': ['Caméras de surveillance extérieures présentes sur place']}, {'Internet et bureau': ['Vitesse du réseau wifi\xa0: 21\xa0Mbps']}, {'Cuisine et salle à manger': ['Cuisine', 'Réfrigérateur', 'Tout le nécessaire pour cuisiner', 'Vaisselle et couverts', 'Congélateur', 'Cuisinière à gaz en acier inoxydable', 'Four double en acier inoxydable', 'Bouilloire électrique', 'Cafetière\xa0: Nespresso', 'Verres à vin', 'Grille-pain', 'Blender']}, {""Caractéristiques de l'emplacement"": ['Laverie automatique à proximité']}, {'Extérieur': ['Privé\xa0: patio ou balcon', 'Arrière-cour privée – Clôture intégrale', ""Mobilier d'extérieur"", 'Espace repas en plein air']}, {'Parking et installations': ['Stationnement gratuit dans un garage sur place\xa0: 1\xa0place', 'Stationnement gratuit dans la rue', 'Ascenseur', 'Logement de plain-pied']}, {'Services': ['Dépôt de bagages autorisé', 'Séjours longue durée autorisés', 'Arrivée autonome', 'Boîte à clé sécurisée', 'Service de ménage disponible de 10:00 à 20:00, tous les jours\xa0: disponible moyennant un supplément']}]"
id,url,title,description,overview,items,amenities
1615301915714776084,https://fr.airbnb.com/rooms/1615301915714776084,Séjour moderne dans un appart-hôtel dans l'oasis de Casablanca,"Profitez d’un logement élégant et idéalement situé à Casablanca. Pensé pour offrir confort, calme et modernité, ce lieu vous accueille dans une atmosphère raffinée, parfaite aussi bien pour les séjours professionnels que pour les escapades urbaines. Chaque détail a été soigneusement conçu pour vous garantir une expérience agréable, dans un quartier central et paisible.","Logement entier : appartement - Casablanca, Maroc","['2 voyageurs', '1 chambre', '1 lit', '1\xa0salle de bain']","[{'Salle de bain': ['Shampoing', 'Eau chaude', 'Gel douche']}, {'Chambre et linge': ['Produits de base', 'Cintres', 'Linge de lit', 'Fer à repasser']}, {'Divertissement': ['Télévision']}, {'Chauffage et climatisation': ['Climatisation', 'Chauffage']}, {'Internet et bureau': ['Wifi']}, {'Cuisine et salle à manger': ['Cuisine']}, {'Services': ['Animaux acceptés']}]"
id,url,title,description,overview,items,amenities
1439987432773152904,https://fr.airbnb.com/rooms/1439987432773152904,Chambre Cosy en Bord de Mer,"Ce qui rend mon logement unique, c’est son accès direct à la plage depuis la résidence, un vrai luxe à Mohammedia. À quelques pas seulement, vous profitez du sable, de la mer, des jeux gratuits pour enfants, et de la corniche animée avec ses cafés et restaurants. La chambre se trouve dans un appartement calme, au sein d’une résidence sécurisée, idéale pour un séjour paisible en bord de mer.","Chambre · Mohammédia, Maroc","['1 chambre', 'Salle de bain partagée']","[{'Vues panoramiques': ['Vue sur la mer', ""Vue sur l'océan"", 'Vue sur le jardin', 'Vue sur la plage']}, {'Salle de bain': ['Produits de nettoyage', 'Shampoing', 'Après-shampoing', 'Savon pour le corps', 'Douche extérieure', 'Eau chaude', 'Gel douche']}, {'Chambre et linge': ['Lave-linge', 'Produits de base', 'Linge de lit', 'Stores ou rideaux occultants', 'Fer à repasser', 'Étendoir à linge', 'Espace de rangement pour les vêtements']}, {'Divertissement': ['Connexion Ethernet', 'Appareils de fitness', 'Livres et de quoi lire']}, {'Famille': ['Aire de jeux extérieure']}, {'Vie privée et sécurité': ['Serrure ou verrou sur la porte de la chambre', 'Caméras de surveillance extérieures présentes sur place']}, {'Internet et bureau': ['Wifi rapide (103\xa0Mbit/s)', 'Espace de travail dédié']}, {'Cuisine et salle à manger': ['Cuisine', 'Réfrigérateur arthur martin', 'Tout le nécessaire pour cuisiner', 'Vaisselle et couverts', 'Congélateur', 'Cuisinière', 'Four', 'Blender', 'Compacteur de déchets', 'Table à manger']}, {""Caractéristiques de l'emplacement"": [""Au bord de l'eau"", 'Accès à la plage']}, {'Extérieur': ['Arrière-cour partagée']}, {'Parking et installations': ['Stationnement gratuit sur place', 'Stationnement gratuit dans la rue']}, {'Services': [""Clés remises par l'hôte""]}]"
id,url,title,description,overview,items,amenities
1696794513587729255,https://fr.airbnb.com/rooms/1696794513587729255,2 chambres de luxe à Maarif | Tram à 1 minute et parking privé,"Bienvenue à WAM Living – Anoual Plaza, où le confort contemporain rencontre le charme marocain authentique au cœur de Casablanca. Profitez de 2 chambres spacieuses, de 2 balcons privés avec coin repas extérieur, d'une connexion Wi-Fi fibre haut débit, d'une télévision connectée, d'une arrivée autonome et d'un parking souterrain privé. Situé dans une résidence sécurisée avec sécurité 24h/24, 7j/7, salle de sport, espace de jeu pour enfants et jardins verdoyants. À deux pas du tramway, à proximité de Maarif, des principales cliniques, des restaurants, des cafés, des magasins, de la plage et de la corniche d'Ain Diab.","Logement entier : appartement - Casablanca, Maroc","['6 voyageurs', '2 chambres', '2 lits', '1\xa0salle de bain']","[{'Salle de bain': ['Produits de nettoyage', 'Shampoing', 'Savon pour le corps', 'Eau chaude']}, {'Chambre et linge': ['Lave-linge', 'Cintres', 'Linge de lit', 'Oreillers et couvertures supplémentaires', 'Stores ou rideaux occultants', 'Étendoir à linge', 'Espace de rangement pour les vêtements\xa0: placard et commode']}, {'Divertissement': ['Télévision', ""Appareils de fitness\xa0: vélo elliptique, poids et haltères, vélo d'appartement, tapis de course, tapis de yoga, banc de musculation""]}, {'Famille': ['Salle de jeux pour enfants']}, {'Chauffage et climatisation': ['Climatisation centrale', 'Chauffage central']}, {'Internet et bureau': ['Wifi', 'Espace de travail dédié']}, {'Cuisine et salle à manger': ['Cuisine', 'Réfrigérateur Beko', 'Tout le nécessaire pour cuisiner', 'Vaisselle et couverts', 'Congélateur', 'Cuisinière', 'Four', 'Bouilloire électrique', 'Cafetière\xa0: machine à expresso', 'Verres à vin', 'Grille-pain', 'Compacteur de déchets', 'Table à manger']}, {'Extérieur': ['Privé\xa0: patio ou balcon', 'Arrière-cour partagée – Clôture intégrale', ""Mobilier d'extérieur"", 'Espace repas en plein air']}, {'Parking et installations': ['Stationnement gratuit sur place', 'Stationnement gratuit dans la rue', 'Salle de sport partagée dans le bâtiment']}, {'Services': ['Animaux acceptés', 'Séjours longue durée autorisés', 'Arrivée autonome', 'Serrure numérique']}]"
id,url,description,title,overview,items,amenities
1632008948696180142,https://fr.airbnb.com/rooms/1632008948696180142,"✨ Dès votre arrivée, profitez d’une atmosphère chaleureuse et apaisante grâce à une décoration soignée aux tons naturels et à un espace pensé pour vous sentir comme chez vous.<br /><br />📍 Au cœur du Maarif (Bd Biranzarane), proche restaurants, cafés, commerces, moyens de transport, supermarchés et banques.<br /><br />🛋️ Lit King Size, 2 Smart TV (65” et 43”) avec Netflix, climatisation et Wi-Fi haut débit.<br /><br />🍽️ Cuisine bien équipée et balcon aménagé.<br /><br />🚗 Parking gratuit et check-in autonome.",Séjour confortable à Maarif•Parking gratuit•Télévision 65”•Lit « king size »,"Logement entier : appartement - Casablanca, Maroc","['3 voyageurs', '1 chambre', '1 lit', '1\xa0salle de bain']","[{'Salle de bain': ['Produits de nettoyage', 'Shampoing', 'Savon pour le corps', 'Bidet', 'Eau chaude', 'Gel douche']}, {'Chambre et linge': ['Lave-linge', 'Sèche-linge (Gratuit) dans le logement', 'Produits de base', 'Cintres', 'Linge de lit', 'Oreillers et couvertures supplémentaires', 'Stores ou rideaux occultants', 'Étendoir à linge', 'Espace de rangement pour les vêtements\xa0: placard']}, {'Divertissement': ['Connexion Ethernet', 'TV HD 65\xa0pouces avec Netflix']}, {'Chauffage et climatisation': ['Climatisation', 'Chauffage']}, {'Sécurité à la maison': ['Extincteur', 'Trousse de premiers secours']}, {'Internet et bureau': ['Wifi', 'Routeur wifi portable']}, {'Cuisine et salle à manger': ['Cuisine', 'Réfrigérateur', 'Four à micro-ondes', 'Tout le nécessaire pour cuisiner', 'Vaisselle et couverts', 'Congélateur', 'Cuisinière', 'Four Double', 'Bouilloire électrique', 'Cafetière', 'Verres à vin', 'Plaques de cuisson', 'Compacteur de déchets', 'Table à manger', 'Café']}, {""Caractéristiques de l'emplacement"": ['Entrée privée']}, {'Extérieur': ['Patio ou balcon', ""Mobilier d'extérieur""]}, {'Parking et installations': ['Stationnement gratuit sur place']}, {'Services': ['Arrivée autonome', 'Serrure numérique', 'Service de ménage disponible 2\xa0heures par jour, tous les jours\xa0: disponible moyennant un supplément']}]"
id,url,title,description,overview,items,amenities
1323405182491054811,https://fr.airbnb.com/rooms/1323405182491054811,Modern&Cosy 1BR | Oasis | WiFi + Parking,"Bienvenue chez Modern & Cosy Condos ✨<br />Spacieux appartement 1 chambre situé au 3ème étage dans la résidence B Living Oasis, rue des Colombes 📍<br />Donnant sur la rue, lumineux et agréable ☀️<br />Lit queen size, salon confortable avec Smart TV 📺<br />Cuisine entièrement équipée 🍽️<br />Fibre optique ⚡️, parking sécurisé 🚗 et laverie dans la résidence 🧺<br />Résidence style appart-hôtel","Logement entier : appartement - Casablanca, Maroc","['3 voyageurs', '1 chambre', '1 lit', '1\xa0salle de bain']","[{'Salle de bain': ['Sèche-cheveux', 'Produits de nettoyage', 'Shampoing', 'Eau chaude']}, {'Chambre et linge': [""Lave-linge\xa0: dans l'immeuble"", ""Sèche-linge\xa0: dans l'immeuble"", 'Produits de base', 'Cintres', 'Linge de lit', 'Fer à repasser', 'Étendoir à linge', 'Espace de rangement pour les vêtements']}, {'Divertissement': ['Connexion Ethernet', 'Télévision']}, {'Famille': ['Lit parapluie']}, {'Chauffage et climatisation': ['Climatisation', 'Chauffage']}, {'Internet et bureau': ['Vitesse du réseau wifi\xa0: 34\xa0Mbps', 'Espace de travail dédié']}, {'Cuisine et salle à manger': ['Cuisine', 'Réfrigérateur', 'Four à micro-ondes', 'Tout le nécessaire pour cuisiner', 'Vaisselle et couverts', 'Congélateur', 'Bouilloire électrique', 'Cafetière\xa0: Nespresso', 'Grille-pain', 'Plaques de cuisson', 'Blender', 'Table à manger', 'Café']}, {'Extérieur': [""Mobilier d'extérieur""]}, {'Parking et installations': ['Stationnement gratuit sur place', 'Ascenseur']}, {'Services': ['Séjours longue durée autorisés', 'Arrivée autonome', 'Boîte à clé sécurisée', 'Ménage disponible pendant le séjour']}]"
id,url,description,title,overview,items,amenities
1680308060362414103,https://fr.airbnb.com/rooms/1680308060362414103,"T2 moderne de 40 m², entièrement rénové, lumineux et exposé sud.<br />1 chambre avec lit double + canapé-lit dans le salon (3 pers max).<br /><br />WiFi fibre rapide, climatisation, TV IPTV avec films & séries, espace de travail, cuisine équipée, lave-linge.<br /><br />Situé au 2ᵉ étage à Bourgogne, proche Zerktouni, Mosquée Hassan II, Corniche et Marina Mall.<br />À 8 min en taxi de la gare Casa Port et 40 min de l’aéroport principal de Casablanca.<br />Central tout en restant calme.",T2 Moderne Bourgogne • Fibre • AC • Calme,"Logement entier : appartement - Casablanca, Maroc","['3 voyageurs', '1 chambre', '2 lits', '1\xa0salle de bain']","[{'Salle de bain': ['Eau chaude']}, {'Chambre et linge': ['Lave-linge', 'Cintres', 'Linge de lit', 'Oreillers et couvertures supplémentaires', 'Stores ou rideaux occultants', 'Étendoir à linge', 'Espace de rangement pour les vêtements\xa0: placard']}, {'Divertissement': ['Télévision', 'Livres et de quoi lire']}, {'Chauffage et climatisation': ['Climatisation', ""Chauffage d'appoint""]}, {'Internet et bureau': ['Wifi', 'Espace de travail dédié']}, {'Cuisine et salle à manger': ['Cuisine', 'Réfrigérateur', 'Tout le nécessaire pour cuisiner', 'Vaisselle et couverts', 'Congélateur', 'Cuisinière à gaz Other en acier inoxydable', 'Four', 'Bouilloire électrique', 'Cafetière\xa0: cafetière filtre', 'Verres à vin', 'Table à manger', 'Café']}, {'Services': ['Arrivée autonome', 'Boîte à clé sécurisée']}]"
id,url,description,title,overview,items,amenities
1753830966704201028,https://fr.airbnb.com/rooms/1753830966704201028,"Un studio calme et élégant dans une résidence sécurisée avec concierge 24h/24. Calme, sûr et confortable, avec une arrivée autonome rapide : vous êtes à l'intérieur quelques minutes après votre arrivée.<br /><br />L'ensemble du logement est à vous : lit de style hôtel avec surmatelas haut de gamme, climatisation puissante, connexion Wi-Fi rapide, télévision connectée avec Netflix et cuisine ouverte entièrement équipée. Un lieu paisible pour les couples, les voyageurs en solo et les séjours d'affaires à Casablanca.",Studio élégant avec climatisation · Près de Casa Port et de la médina,"Logement entier : appartement - Casablanca, Maroc","['2 voyageurs', '1 chambre', '2 lits', '1\xa0salle de bain']","[{'Salle de bain': ['Sèche-cheveux', 'Produits de nettoyage', 'Shampoing', 'Savon pour le corps', 'Bidet', 'Eau chaude', 'Gel douche']}, {'Chambre et linge': ['Lave-linge', 'Sèche-linge', 'Produits de base', 'Cintres', 'Linge de lit', 'Fer à repasser', 'Étendoir à linge', 'Espace de rangement pour les vêtements\xa0: armoire']}, {'Divertissement': ['Télévision']}, {'Chauffage et climatisation': ['Climatisation', 'Chauffage']}, {'Sécurité à la maison': ['Caméras de surveillance extérieures présentes sur place']}, {'Internet et bureau': ['Wifi']}, {'Cuisine et salle à manger': ['Cuisine', 'Réfrigérateur', 'Tout le nécessaire pour cuisiner', 'Four', 'Cafetière', 'Table à manger']}, {""Caractéristiques de l'emplacement"": ['Entrée privée', 'Laverie automatique à proximité']}, {'Extérieur': [""Mobilier d'extérieur""]}, {'Parking et installations': ['Stationnement gratuit sur place', 'Stationnement gratuit dans la rue', 'Ascenseur']}, {'Services': ['Dépôt de bagages autorisé', 'Séjours longue durée autorisés', 'Arrivée autonome', 'Boîte à clé sécurisée', 'Service de ménage disponible de 10:00 à 15:00, tous les jours\xa0: disponible moyennant un supplément']}]"
id,url,title,description,overview,items,amenities
1373888576790565382,https://fr.airbnb.com/rooms/1373888576790565382,Moderne et confortable 1BR |5 min de CFC|Lumineux+Parking+WiFi,"Bienvenue chez Modern & Cosy Condos ✨<br />Appartement 1 chambre situé au 1er étage sur la rue des Mouettes, quartier Beauséjour 📍<br />À seulement 5 minutes de Casablanca Finance City<br />Calme, propre et agréable 🌿<br />Lit queen size, salon confortable avec Smart TV 📺<br />Cuisine entièrement équipée 🍽️<br />Fibre optique ⚡️, parking sécurisé 🚗 et laverie dans la résidence 🧺","Logement entier : appartement - Casablanca, Maroc","['3 voyageurs', '1 chambre', '1 lit', '1\xa0salle de bain']","[{'Salle de bain': ['Sèche-cheveux', 'Produits de nettoyage', 'Eau chaude', 'Gel douche']}, {'Chambre et linge': ['Lave-linge (Gratuit) dans le bâtiment', 'Sèche-linge (Gratuit) dans le bâtiment', 'Produits de base', 'Cintres', 'Linge de lit', 'Oreillers et couvertures supplémentaires', 'Stores ou rideaux occultants', 'Fer à repasser', 'Étendoir à linge', 'Espace de rangement pour les vêtements']}, {'Divertissement': ['Télévision']}, {'Famille': ['Lit parapluie\xa0: disponible sur demande']}, {'Chauffage et climatisation': ['Climatisation', 'Chauffage']}, {'Internet et bureau': ['Wifi rapide (73\xa0Mbit/s)', 'Espace de travail dédié']}, {'Cuisine et salle à manger': ['Cuisine', 'Réfrigérateur', 'Four à micro-ondes', 'Tout le nécessaire pour cuisiner', 'Vaisselle et couverts', 'Congélateur', 'Cuisinière électrique', 'Four double en acier inoxydable', 'Bouilloire électrique', 'Cafetière\xa0: Nespresso', 'Verres à vin', 'Grille-pain', 'Plaques de cuisson', 'Blender', 'Table à manger', 'Café']}, {""Caractéristiques de l'emplacement"": ['Laverie automatique à proximité']}, {'Parking et installations': ['Stationnement gratuit dans un garage sur place', 'Ascenseur', 'Salle de sport']}, {'Services': ['Séjours longue durée autorisés', 'Arrivée autonome', 'Boîte à clé sécurisée', 'Service de ménage disponible de 12:00 à 15:30, tous les jours\xa0: disponible moyennant un supplément']}]"
id,url,title,description,overview,items,amenities
1731921609761566498,https://fr.airbnb.com/rooms/1731921609761566498,Studio familial à Casablanca,Profitez d'un logement élégant et central.,"Logement entier : appartement - Casablanca, Maroc","['4 voyageurs', 'Studio', '2 lits', '1\xa0salle de bain']","[{'Salle de bain': ['Eau chaude']}, {'Chambre et linge': ['Lave-linge', 'Produits de base']}, {'Divertissement': ['Télévision']}, {'Chauffage et climatisation': ['Climatisation', 'Chauffage']}, {'Sécurité à la maison': ['Détecteur de fumée', 'Détecteur de monoxyde de carbone']}, {'Internet et bureau': ['Wifi']}, {'Cuisine et salle à manger': ['Cuisine', 'Réfrigérateur']}, {'Parking et installations': ['Stationnement gratuit sur place']}]"
id,url,description,title,overview,items,amenities
958615502466785937,https://fr.airbnb.com/rooms/958615502466785937,"illys de B living affiche un style résolument unique.<br />Appartement  haut standing calme parfaitement équipé, une très belle terrasse avec jacuzzi privé froid ou chaud, un endroit idéal pour séjourner et visiter Casablanca.<br />tout à été fait pour passer un séjour de rêve.",Cosy/Lux/Unique/Jacuzzi/Parking/,"Logement entier : appartement - Casablanca, Maroc","['2 voyageurs', '1 chambre', '1 lit', '1,5\xa0salles de bain']","[{'Salle de bain': ['Sèche-cheveux', 'Produits de nettoyage', 'Shampoing', 'Eau chaude', 'Gel douche']}, {'Chambre et linge': [""Lave-linge\xa0: dans l'immeuble"", ""Sèche-linge\xa0: dans l'immeuble"", 'Produits de base', 'Cintres', 'Linge de lit', 'Oreillers et couvertures supplémentaires', 'Fer à repasser', 'Étendoir à linge', 'Coffre-fort', 'Espace de rangement pour les vêtements\xa0: placard']}, {'Divertissement': ['Connexion Ethernet', 'TV HD avec Netflix, abonnement standard au câble']}, {'Famille': ['Lit pour bébé\xa0: disponible sur demande']}, {'Chauffage et climatisation': ['Climatisation centrale', 'Chauffage central']}, {'Sécurité à la maison': ['Détecteur de fumée', 'Trousse de premiers secours']}, {'Internet et bureau': ['Wifi']}, {'Cuisine et salle à manger': ['Cuisine', 'Réfrigérateur', 'Four à micro-ondes', 'Tout le nécessaire pour cuisiner', 'Vaisselle et couverts', 'Cuisinière électrique', 'Bouilloire électrique', 'Cafetière\xa0: Nespresso', 'Verres à vin', 'Grille-pain', 'Blender', 'Table à manger', 'Machine à pain']}, {'Extérieur': ['Privé\xa0: patio ou balcon', 'Espace repas en plein air']}, {'Parking et installations': ['Stationnement gratuit dans un garage sur place', ""Jacuzzi privé\xa0: disponible toute l'année, ouverture 24h/24"", 'Ascenseur']}, {'Services': ['Séjours longue durée autorisés', 'Arrivée autonome', 'Boîte à clé sécurisée']}]"
id,url,title,description,overview,items,amenities
1688567535980599376,https://fr.airbnb.com/rooms/1688567535980599376,Parking sous sol studio climatisé 5 minutes maarif,"Studio moderne et climatisé situé en plein centre-ville de Casablanca, à seulement 5 minutes du quartier Maarif. Idéal pour un séjour confortable, il dispose d’un parking sécurisé en sous-sol, d’un espace lumineux et bien aménagé, ainsi que de toutes les commodités nécessaires. Proche des commerces, restaurants et transports, ce studio offre un emplacement parfait pour les voyageurs d’affaires ou de loisirs.","Logement entier : appartement - Casablanca, Maroc","['3 voyageurs', '1 chambre', '1 lit', '1\xa0salle de bain']","[{'Salle de bain': ['Eau chaude']}, {'Chambre et linge': ['Lave-linge', 'Cintres', 'Linge de lit', 'Fer à repasser', 'Espace de rangement pour les vêtements\xa0: dressing']}, {'Divertissement': ['Télévision']}, {'Chauffage et climatisation': ['Climatisation', 'Chauffage central']}, {'Sécurité à la maison': ['Trousse de premiers secours']}, {'Internet et bureau': ['Wifi']}, {'Cuisine et salle à manger': ['Cuisine', 'Congélateur', 'Cuisinière Other', 'Four', 'Cafetière', 'Blender', 'Café']}, {'Parking et installations': ['Stationnement gratuit sur place']}, {'Services': ['Animaux acceptés']}]"
id,url,description,title,overview,items,amenities
1238992013704462253,https://fr.airbnb.com/rooms/1238992013704462253,"Découvrez Casablanca depuis notre appartement idéalement situé en plein cœur de la ville. Doté d'une chambre confortable, d'un salon convivial et d'une cuisine ouverte, c'est l'endroit parfait pour une escapade citadine. Profitez du balcon privé sans vis-à-vis, d’un intérieur chaleureux et d’une décoration élégante. Une place de garage.<br />Réservez dès aujourd’hui pour une expérience authentique à Casablanca !<br /><br />Une chambre  avec un lit queen size et accès direct à un balcon charmant.",Suite LH | Séjour de luxe – Twin Center,"Logement entier : appartement - Casablanca, Maroc","['3 voyageurs', '1 chambre', '1 lit', '1\xa0salle de bain']","[{'Salle de bain': ['Baignoire', 'Sèche-cheveux', 'Produits de nettoyage', 'Shampoing', 'Après-shampoing', 'Savon pour le corps', 'Bidet', 'Eau chaude', 'Gel douche']}, {'Chambre et linge': ['Lave-linge', 'Produits de base', 'Cintres', 'Linge de lit', 'Oreillers et couvertures supplémentaires', 'Fer à repasser', 'Étendoir à linge', 'Coffre-fort', 'Espace de rangement pour les vêtements']}, {'Divertissement': ['Connexion Ethernet', 'Télévision', 'Système audio']}, {'Famille': ['Lit pour bébé', 'Lit parapluie\xa0: disponible sur demande']}, {'Chauffage et climatisation': ['Climatisation', 'Chauffage']}, {'Sécurité à la maison': ['Extincteur', 'Trousse de premiers secours']}, {'Internet et bureau': ['Wifi', 'Espace de travail dédié', 'Routeur wifi portable']}, {'Cuisine et salle à manger': ['Cuisine', 'Réfrigérateur', 'Tout le nécessaire pour cuisiner', 'Vaisselle et couverts', 'Congélateur', 'Cuisinière', 'Four', 'Bouilloire électrique', 'Cafetière', 'Verres à vin', 'Plaques de cuisson', 'Blender', 'Cuiseur à riz', 'Compacteur de déchets', 'Table à manger', 'Café']}, {'Parking et installations': ['Stationnement gratuit sur place', 'Stationnement gratuit dans la rue', 'Ascenseur', 'Stationnement payant sur place']}, {'Services': ['Animaux acceptés', 'Dépôt de bagages autorisé', 'Logement fumeur', 'Séjours longue durée autorisés', 'Arrivée autonome', 'Boîte à clé sécurisée', 'Service de ménage disponible de 11:30 à 15:30, tous les jours\xa0: disponible moyennant un supplément']}]"
id,url,description,title,overview,items,amenities
1676343304398296217,https://fr.airbnb.com/rooms/1676343304398296217,"Profitez d’un studio élégant à  CFC, idéal pour les séjours business ou détente.<br />Entièrement équipé pour votre confort : Wi-Fi, cuisine fonctionnelle, literie de qualité et espace de travail.<br />Vous bénéficiez également d’un accès à des prestations premium comme une salle de sport et un espace coworking, parfait pour allier travail et bien-être.<br />Situé dans un quartier calme à proximité des restaurants et centres d’affaires, ce studio est le choix idéal pour un séjour confortable à Casablanca.",Studio confortable à CFC + salle de sport et espace de coworking,"Logement entier : appartement - Casablanca, Maroc","['4 voyageurs', '1 chambre', '1 lit', '1\xa0salle de bain']","[{'Chambre et linge': ['Lave-linge']}, {'Divertissement': ['Télévision', 'Appareils de fitness']}, {'Chauffage et climatisation': ['Climatisation']}, {'Sécurité à la maison': ['Extincteur']}, {'Internet et bureau': ['Wifi', 'Espace de travail dédié']}, {'Cuisine et salle à manger': ['Cuisine']}, {'Parking et installations': ['Stationnement gratuit sur place']}]"
id,url,title,description,overview,items,amenities
1193278912228174979,https://fr.airbnb.com/rooms/1193278912228174979,La Cachette du Cerf – Oasis avec Jacuzzi privé,"Vivez un séjour unique à La Cachette du Cerf, un logement élégant au style naturel mêlant touches rustiques et modernes. Profitez de la terrasse privée avec jacuzzi, votre oasis intime pour des moments de détente sous le ciel bleu. Confort, ambiance chaleureuse et tranquillité se conjuguent pour vous offrir une expérience exceptionnelle.","Logement entier : appartement - Casablanca, Maroc","['2 voyageurs', '1 chambre', '1 lit', '1\xa0salle de bain']","[{'Salle de bain': ['Sèche-cheveux', 'Produits de nettoyage', 'Shampoing', 'Savon pour le corps', 'Eau chaude', 'Gel douche']}, {'Chambre et linge': ['Lave-linge (Gratuit) dans le logement', 'Produits de base', 'Cintres', 'Linge de lit', 'Oreillers et couvertures supplémentaires', 'Stores ou rideaux occultants', 'Fer à repasser', 'Étendoir à linge', 'Espace de rangement pour les vêtements\xa0: placard']}, {'Divertissement': ['Connexion Ethernet', 'TV HD avec Netflix, abonnement standard au câble, Chromecast', 'Pièce à thème']}, {'Famille': ['Lit parapluie\xa0: disponible sur demande']}, {'Chauffage et climatisation': ['Climatisation\xa0: système split sans évacuation', 'Cheminée ou poêle (intérieur)\xa0: à éthanol', 'Chauffage\xa0: système split sans évacuation']}, {'Sécurité à la maison': ['Détecteur de fumée', 'Trousse de premiers secours']}, {'Internet et bureau': ['Wifi', 'Espace de travail dédié']}, {'Cuisine et salle à manger': ['Cuisine', 'Réfrigérateur', 'Tout le nécessaire pour cuisiner', 'Vaisselle et couverts', 'Congélateur', 'Cuisinière à gaz Other', 'Four Double', 'Bouilloire électrique', 'Cafetière\xa0: Nespresso', 'Verres à vin', 'Blender', 'Table à manger', 'Café']}, {'Extérieur': ['Privé\xa0: patio ou balcon', ""Mobilier d'extérieur"", 'Espace repas en plein air']}, {'Parking et installations': ['Stationnement gratuit dans un garage sur place\xa0: 1\xa0place', 'Stationnement gratuit dans la rue', 'Jacuzzi privé\xa0: disponible à certaines périodes', 'Ascenseur']}, {'Services': ['Séjours longue durée autorisés', 'Arrivée autonome', 'Boîte à clé sécurisée', 'Service de ménage disponible 4\xa0heures par jour, tous les jours\xa0: disponible moyennant un supplément']}]"
id,url,description,title,overview,items,amenities
1500880588633650014,https://fr.airbnb.com/rooms/1500880588633650014,"Studio cosy à Palmier avec magnifique terrasse végétalisée.<br />Profitez d’un espace moderne, lumineux et bien équipé : cuisine fonctionnelle, Wi-Fi haut débit et climatisation. Idéal pour se détendre, travailler ou explorer Casablanca. Emplacement parfait à proximité de Bd Abdelmoumen, proche des commerces, restaurants et transports(tramway et taxi).","Studio D, à 2 km du stade Mohammed V de Casablanca","Logement entier : appartement - Casablanca, Maroc","['2 voyageurs', '1 chambre', '1 lit', '1\xa0salle de bain']","[{'Salle de bain': ['Sèche-cheveux', 'Produits de nettoyage', 'Shampoing', 'Savon pour le corps panthen ', 'Eau chaude', 'Gel douche']}, {'Chambre et linge': ['Lave-linge', 'Produits de base', 'Linge de lit', 'Oreillers et couvertures supplémentaires', 'Stores ou rideaux occultants', 'Fer à repasser', 'Étendoir à linge', 'Espace de rangement pour les vêtements\xa0: placard']}, {'Divertissement': ['Télévision']}, {'Chauffage et climatisation': ['Climatisation', 'Chauffage central']}, {'Internet et bureau': ['Wifi']}, {'Cuisine et salle à manger': ['Cuisine', 'Réfrigérateur', 'Four à micro-ondes', 'Tout le nécessaire pour cuisiner', 'Vaisselle et couverts', 'Congélateur', 'Cuisinière électrique Other', 'Four en acier inoxydable', 'Bouilloire électrique', 'Cafetière\xa0: Nespresso', 'Compacteur de déchets', 'Café']}, {'Extérieur': ['Espace repas en plein air']}, {'Parking et installations': ['Stationnement gratuit dans un garage sur place\xa0: 1\xa0place', 'Ascenseur']}, {'Services': ['Animaux acceptés', 'Logement fumeur', 'Arrivée autonome', 'Serrure numérique']}]"
id,url,title,description,overview,items,amenities
1597762128472831783,https://fr.airbnb.com/rooms/1597762128472831783,LH Suites · Confort premium à Oasis Palms,"Bienvenue à Oasis Palms Studio, un élégant appartement de 80 m² avec balcon, niché dans l'un des quartiers les plus prisés de Casablanca. Sa localisation stratégique vous place à proximité immédiate de toutes les commodités essentielles : gare, restaurants, supermarchés, bars, pharmacies et cliniques.<br />Ce studio allie confort et sérénité. Que ce soit pour un séjour d'affaires ou des vacances, Oasis Palms Studio peut accueillir jusqu'à trois personnes et promet une expérience inoubliable.","Logement entier : appartement - Casablanca, Maroc","['3 voyageurs', '1 chambre', '1 lit', '1\xa0salle de bain']","[{'Salle de bain': ['Sèche-cheveux', 'Produits de nettoyage', 'Shampoing', 'Après-shampoing', 'Bidet', 'Eau chaude', 'Gel douche']}, {'Chambre et linge': ['Lave-linge', 'Cintres', 'Linge de lit', 'Oreillers et couvertures supplémentaires', 'Fer à repasser', 'Étendoir à linge', 'Espace de rangement pour les vêtements\xa0: placard']}, {'Divertissement': ['Télévision', 'Appareils de fitness']}, {'Famille': ['Lit parapluie', 'Grilles de fenêtre']}, {'Chauffage et climatisation': ['Climatisation', 'Chauffage']}, {'Sécurité à la maison': ['Caméras de surveillance extérieures présentes sur place']}, {'Internet et bureau': ['Wifi']}, {'Cuisine et salle à manger': ['Cuisine', 'Réfrigérateur', 'Four à micro-ondes', 'Tout le nécessaire pour cuisiner', 'Vaisselle et couverts', 'Cuisinière électrique Other', 'Bouilloire électrique', 'Verres à vin', 'Grille-pain', 'Blender', 'Compacteur de déchets', 'Café']}, {'Extérieur': [""Mobilier d'extérieur""]}, {'Parking et installations': ['Stationnement gratuit sur place', 'Stationnement gratuit dans la rue', 'Ascenseur', 'Salle de sport', 'Résidence protégée']}, {'Services': ['Dépôt de bagages autorisé', 'Séjours longue durée autorisés', 'Service de ménage disponible 14\xa0heures par jour, tous les jours\xa0: disponible moyennant un supplément']}]"
id,url,title,description,overview,items,amenities
555968749774857945,https://fr.airbnb.com/rooms/555968749774857945,Chambre privée proche de l’aéroport Mohammed V,"Chambre privée avec une belle terrasse, douche, un espace de travail et un placard, <br /><br />Qui fait partie d’une maison moderne, avec un style 100% marocain, qui contient un petit jardin équipé d’une table.","Chambre · Deroua, Maroc","['1 lit simple', 'Salle de bain privée attenante']","[{'Vues panoramiques': ['Vue sur le jardin', 'Vue sur la cour']}, {'Salle de bain': ['Sèche-cheveux', 'Shampoing', 'Savon pour le corps', 'Douche extérieure', 'Eau chaude', 'Gel douche']}, {'Chambre et linge': ['Lave-linge (Gratuit) dans le bâtiment', 'Produits de base', 'Cintres', 'Linge de lit', 'Oreillers et couvertures supplémentaires', 'Fer à repasser', 'Moustiquaire', 'Espace de rangement pour les vêtements\xa0: placard']}, {'Divertissement': ['Télévision']}, {'Vie privée et sécurité': ['Serrure ou verrou sur la porte de la chambre', 'Caméras de surveillance extérieures présentes sur place']}, {'Internet et bureau': ['Wifi', 'Espace de travail dédié']}, {'Cuisine et salle à manger': ['Cuisine', 'Réfrigérateur', 'Vaisselle et couverts', 'Cafetière', 'Table à manger', 'Café']}, {'Extérieur': ['Patio ou balcon', 'Jardin', ""Mobilier d'extérieur"", 'Espace repas en plein air']}, {'Parking et installations': ['Allée de stationnement gratuite sur place\xa0: 1\xa0place', 'Stationnement gratuit dans la rue']}, {'Services': ['Animaux acceptés', ""Clés remises par l'hôte""]}]"
id,url,description,title,overview,items,amenities
1730611163362916016,https://fr.airbnb.com/rooms/1730611163362916016,"Bienvenue dans mon appartement, à quelques minutes de l'aéroport. L'appartement est situé dans l'une des meilleures résidences de la région, construite par Glorious, connue pour sa propreté, sa qualité et son design moderne. Vous pourrez profiter d'espaces verts privés, de terrains de jeux pour enfants, de terrains de football, d'une piscine de haut standing, d'une salle de sport et de belles forêts d'eucalyptus à proximité pour des promenades relaxantes dans la nature. C'est un endroit parfait pour se détendre dans un environnement calme tout en restant proche de Casablanca et de l'aéroport",Oasis moderne près de l'aéroport de Casablanca,"Logement entier : appartement - Nouaceur, Maroc","['3 voyageurs', '1 chambre', '1 lit', '2\xa0salles de bain']","[{'Salle de bain': ['Sèche-cheveux', 'Shampoing', 'Eau chaude']}, {'Chambre et linge': ['Lave-linge', 'Sèche-linge', 'Produits de base', 'Cintres', 'Fer à repasser']}, {'Divertissement': ['Télévision']}, {'Chauffage et climatisation': ['Climatisation', 'Chauffage']}, {'Internet et bureau': ['Wifi']}, {'Cuisine et salle à manger': ['Cuisine', 'Réfrigérateur', 'Tout le nécessaire pour cuisiner', 'Cafetière']}, {'Extérieur': [""Mobilier d'extérieur""]}, {'Parking et installations': ['Stationnement gratuit sur place', 'Jacuzzi']}]"
id,url,title,description,overview,items,amenities
1710024676907935256,https://fr.airbnb.com/rooms/1710024676907935256,Appartement Oasis près de la gare,"Découvrez ce studio moderne et élégant au cœur de Casablanca, à seulement 2 min à pied de la gare Oasis et 1 min de la Clinique Akdital. Profitez d’un espace confortable, parfaitement équipé, proche des commerces, restaurants et transports. Idéal pour couples, voyageurs d’affaires, touristes ou séjours médicaux. Réservez dès maintenant et profitez d’un séjour pratique et agréable.<br />Parking sous-sol<br />Netflix<br />Self-checking<br />cuisine equipée","Logement entier : hébergement - Casablanca, Maroc","['2 voyageurs', '1 chambre', '1 lit', '1\xa0salle de bain']","[{'Salle de bain': ['Sèche-cheveux', 'Shampoing', 'Savon pour le corps', 'Eau chaude', 'Gel douche']}, {'Chambre et linge': ['Lave-linge', 'Produits de base', 'Cintres', 'Linge de lit', 'Stores ou rideaux occultants', 'Fer à repasser', 'Étendoir à linge', 'Espace de rangement pour les vêtements']}, {'Divertissement': ['Télévision']}, {'Chauffage et climatisation': ['Climatisation', 'Chauffage central']}, {'Internet et bureau': ['Wifi', 'Espace de travail dédié']}, {'Cuisine et salle à manger': ['Cuisine', 'Réfrigérateur', 'Vaisselle et couverts', 'Congélateur', 'Cuisinière à gaz en acier inoxydable', 'Four simple en acier inoxydable', 'Verres à vin', 'Compacteur de déchets', 'Table à manger']}, {'Extérieur': ['Privé\xa0: patio ou balcon', ""Mobilier d'extérieur"", 'Espace repas en plein air']}, {'Parking et installations': ['Stationnement gratuit sur place']}, {'Services': ['Séjours longue durée autorisés', 'Arrivée autonome', 'Boîte à clé sécurisée', 'Service de ménage disponible tous les jours\xa0: disponible moyennant un supplément']}]"
id,url,description,title,overview,items,amenities
1713391926398831918,https://fr.airbnb.com/rooms/1713391926398831918,"Bienvenue dans votre deuxième maison, un lieu conçu pour vous apporter confort, tranquillité et un séjour inoubliable.",Le quartier de Limoun est proche de la pharmacie Amwaj de Sidi Rahal,"Logement entier : appartement - Sidi Rahhal Chataï, Maroc","['5 voyageurs', '1 chambre', '1 lit', '1\xa0salle de bain']","[{'Chambre et linge': ['Lave-linge']}, {'Divertissement': ['Télévision']}, {'Chauffage et climatisation': ['Climatisation']}, {'Sécurité à la maison': ['Caméras de surveillance extérieures présentes sur place']}, {'Internet et bureau': ['Wifi']}, {'Cuisine et salle à manger': ['Cuisine']}, {""Caractéristiques de l'emplacement"": ['Accès à la plage']}, {'Parking et installations': ['Stationnement gratuit sur place']}, {'Services': ['Logement fumeur']}]"
id,url,title,description,overview,items,amenities
1740860072659480100,https://fr.airbnb.com/rooms/1740860072659480100,"Moderne Luxure studio à Belvédère, Casablanca.","Parfait pour les couples (mariés) ou les voyageurs d'affaires. L’appartement dispose de Netflix, d’un balcon, d’une cuisine entièrement équipée et d’une connexion Wi-Fi haut débit.<br /><br />Situé à seulement 5 minutes de la gare de Casa-Voyageurs et à proximité du tramway, des restaurants et des commerces.<br /><br />Parfait pour un séjour confortable et pratique à Casablanca.","Logement entier : appartement - Casablanca, Maroc","['2 voyageurs', '1 chambre', '1 lit', '1\xa0salle de bain']","[{'Salle de bain': ['Sèche-cheveux', 'Shampoing', 'Eau chaude']}, {'Chambre et linge': ['Lave-linge', 'Produits de base', 'Fer à repasser']}, {'Divertissement': ['Télévision']}, {'Chauffage et climatisation': ['Climatisation', 'Chauffage']}, {'Internet et bureau': ['Wifi']}, {'Cuisine et salle à manger': ['Cuisine', 'Réfrigérateur']}, {'Parking et installations': ['Stationnement gratuit sur place']}]"
id,url,title,description,overview,items,amenities
1677903545055826297,https://fr.airbnb.com/rooms/1677903545055826297,Magnifique appartement avec piscines,"Offrez-vous une parenthèse au soleil dans ce chaleureux appartement en rez-de-jardin, au cœur d’une résidence sécurisée avec 3 piscines. À quelques minutes de la mer, profitez d’un cadre calme et confortable. Terrasse agréable, salon marocain spacieux, WiFi fibre haut débit, cuisine équipée, parking privé. Idéal en famille ou entre proches. Excellent rapport qualité/prix dans la zone — disponibilités limitées.","Logement entier : appartement - El Mansouria, Maroc","['7 voyageurs', '2 chambres', '3 lits', '1\xa0salle de bain']","[{'Salle de bain': ['Douche extérieure']}, {'Divertissement': ['Télévision']}, {'Chauffage et climatisation': ['Climatisation']}, {'Sécurité à la maison': ['Caméras de surveillance extérieures présentes sur place', 'Détecteur de fumée', 'Détecteur de monoxyde de carbone', 'Extincteur', 'Trousse de premiers secours']}, {'Internet et bureau': ['Wifi']}, {'Cuisine et salle à manger': ['Cuisine']}, {""Caractéristiques de l'emplacement"": ['Accès à la plage']}, {'Parking et installations': ['Stationnement gratuit sur place', 'Piscine']}, {'Services': ['Logement fumeur', 'Arrivée autonome', 'Serrure connectée']}]"
id,url,title,description,overview,items,amenities
1406474871474930010,https://fr.airbnb.com/rooms/1406474871474930010,Rooftop Suite Marrakchi*Vue Panoramique*Centrale,"Charmant studio au cœur de Casablanca avec une vue dégagée et terrasse ensoleillée.<br />Idéalement situé en plein centre-ville de Casa, ce studio au 7ᵉ étage vous séduira par son ambiance chaleureuse et sa décoration raffinée inspirée du style merrakchi. Sans vis-à-vis, il offre une grande terrasse baignée de soleil toute la journée, parfaite pour se détendre ou partager un repas en plein air.<br />Le studio allie confort moderne et touches artisanales, créant un cocon accueillant en plein centre urbain.","Logement entier : appartement - Casablanca, Maroc","['3 voyageurs', '1 chambre', '2 lits', '1\xa0salle de bain']","[{'Salle de bain': ['Sèche-cheveux', 'Produits de nettoyage', 'Shampoing l’oréal', 'Savon pour le corps Marseillais ', 'Eau chaude', 'Gel douche']}, {'Chambre et linge': ['Lave-linge\xa0: dans le logement', 'Linge de lit', 'Oreillers et couvertures supplémentaires', 'Espace de rangement pour les vêtements\xa0: placard']}, {'Divertissement': ['Télévision']}, {'Chauffage et climatisation': ['Climatisation centrale']}, {'Sécurité à la maison': ['Extincteur']}, {'Internet et bureau': ['Wifi', 'Espace de travail dédié']}, {'Cuisine et salle à manger': ['Cuisine', 'Réfrigérateur', 'Tout le nécessaire pour cuisiner', 'Vaisselle et couverts', 'Cuisinière électrique Other', 'Four', 'Bouilloire électrique', 'Cafetière\xa0: Nespresso', 'Verres à vin', 'Plaques de cuisson', 'Table à manger', 'Machine à pain']}, {'Extérieur': ['Privé\xa0: patio ou balcon', ""Mobilier d'extérieur"", 'Espace repas en plein air', 'Chaises longues']}, {'Parking et installations': ['Ascenseur', 'Stationnement payant dans la rue']}, {'Services': ['Logement fumeur']}]"
id,url,title,description,overview,items,amenities
891850486529512371,https://fr.airbnb.com/rooms/891850486529512371,The Velvet Oak – Appartement chic aux couleurs royales et au bois,"Entrez dans le confort raffiné du Velvet Oak, un studio magnifiquement rénové où les riches textures en bois se marient parfaitement avec les tons royaux de bleu royal et de cramoisi profond. Conçu avec un souci de sophistication, cet espace élégant offre une ambiance chaleureuse et luxueuse parfaite pour les voyageurs à la recherche de charme et de confort.<br /><br />Que vous soyez ici pour une escapade romantique, une retraite en solo ou une base chic pour explorer la ville, The Velvet Oak promet une expérience mémorable et raffinée.","Logement entier : appartement - Casablanca, Maroc","['2 voyageurs', '1 chambre', '1 lit', '1\xa0salle de bain']","[{'Salle de bain': ['Sèche-cheveux', 'Produits de nettoyage']}, {'Chambre et linge': ['Lave-linge', 'Produits de base', 'Fer à repasser']}, {'Divertissement': ['Télévision']}, {'Chauffage et climatisation': ['Climatisation', 'Chauffage']}, {'Sécurité à la maison': ['Caméras de surveillance extérieures présentes sur place', 'Détecteur de fumée']}, {'Internet et bureau': ['Wifi', 'Espace de travail dédié']}, {'Cuisine et salle à manger': ['Cuisine', 'Réfrigérateur', 'Tout le nécessaire pour cuisiner', 'Vaisselle et couverts']}, {'Parking et installations': ['Stationnement gratuit sur place']}, {'Services': ['Arrivée autonome', 'Serrure numérique']}]"
id,url,title,description,overview,items,amenities
1742105222658524850,https://fr.airbnb.com/rooms/1742105222658524850,Moderne et confortable | Premium 2 chambres Les Princesses,"Bienvenue chez Modern & Cosy Condos.<br /><br />Découvrez ce spacieux appartement de 2 chambres situé au 3ᵉ étage d'une résidence neuve et sécurisée, au cœur des Princesses. Idéal pour les familles, il dispose d'une suite parentale, de deux lits simples, d'un balcon traversant aménagé, d'une cuisine entièrement équipée, du Wi-Fi fibre, de Smart TV dans le salon et la suite, d'un parking en sous-sol et de tout le confort nécessaire pour un séjour inoubliable à Casablanca.","Logement entier : appartement - Casablanca, Maroc","['4 voyageurs', '2 chambres', '3 lits', '2\xa0salles de bain']","[{'Salle de bain': ['Sèche-cheveux', 'Produits de nettoyage', 'Eau chaude', 'Gel douche']}, {'Chambre et linge': ['Lave-linge', 'Cintres', 'Oreillers et couvertures supplémentaires', 'Stores ou rideaux occultants', 'Fer à repasser', 'Étendoir à linge', 'Espace de rangement pour les vêtements\xa0: placard']}, {'Divertissement': ['Connexion Ethernet', 'Télévision']}, {'Famille': ['Lit parapluie\xa0: disponible sur demande', 'Grilles de fenêtre']}, {'Chauffage et climatisation': ['Climatisation', 'Chauffage central']}, {'Internet et bureau': ['Wifi', 'Espace de travail dédié']}, {'Cuisine et salle à manger': ['Cuisine', 'Réfrigérateur', 'Tout le nécessaire pour cuisiner', 'Vaisselle et couverts', 'Congélateur', 'Cuisinière à induction', 'Four', 'Bouilloire électrique', 'Cafetière\xa0: Nespresso', 'Verres à vin', 'Grille-pain', 'Blender', 'Table à manger', 'Café']}, {'Extérieur': [""Mobilier d'extérieur""]}, {'Parking et installations': ['Stationnement gratuit sur place', 'Ascenseur']}, {'Services': ['Séjours longue durée autorisés', 'Arrivée autonome', 'Serrure numérique', 'Service de ménage\xa0: disponible moyennant un supplément']}]"
id,url,title,description,overview,items,amenities
965042299144798768,https://fr.airbnb.com/rooms/965042299144798768,Appartement Néoclassique centre-ville,"Bienvenue dans votre appartement à Casablanca !<br />Appartement néoclassique rénové, et non un logement destiné au business,Cet appartement appartient à notre famille. Au lieu de le laisser fermé au centre-ville, nous remercions Airbnb qui a encouragé des familles comme la nôtre à rouvrir leurs logements pour accueillir des voyageurs. L’appartement est resté tel qu’il est, avec notre propre ameublement et nos lits, simple et authentique, prêt à recevoir des invités dans une ambiance familiale","Logement entier : appartement - Casablanca, Maroc","['6 voyageurs', '3 chambres', '5 lits', '1,5\xa0salles de bain']","[{'Vues panoramiques': ['Vue panoramique sur la ville']}, {'Salle de bain': ['Eau chaude']}, {'Chambre et linge': ['Lave-linge (Gratuit) dans le logement', 'Cintres', 'Linge de lit', 'Oreillers et couvertures supplémentaires', 'Stores ou rideaux occultants', 'Fer à repasser', 'Étendoir à linge', 'Moustiquaire', 'Espace de rangement pour les vêtements\xa0: placard et armoire']}, {'Divertissement': ['Connexion Ethernet', 'TV HD 56\xa0pouces', 'Livres et de quoi lire']}, {'Famille': ['Lit pour bébé\xa0: toujours dans le logement', 'Livres et jouets pour enfants', 'Grilles de fenêtre', 'Jeux de société']}, {'Chauffage et climatisation': ['Ventilateurs portables', 'Chauffage radiant']}, {'Sécurité à la maison': ['Caméras de surveillance extérieures présentes sur place']}, {'Internet et bureau': ['Wifi', 'Espace de travail dédié']}, {'Cuisine et salle à manger': ['Cuisine', 'Réfrigérateur', 'Four à micro-ondes', 'Vaisselle et couverts', 'Congélateur', 'Cuisinière électrique CANDY en acier inoxydable', 'Four', 'Bouilloire électrique', 'Cafetière\xa0: machine à expresso', 'Verres à vin', 'Plaques de cuisson', 'Compacteur de déchets', 'Table à manger']}, {""Caractéristiques de l'emplacement"": ['Accès partagé à la plage']}, {'Extérieur': ['Privé\xa0: patio ou balcon']}, {'Parking et installations': ['Stationnement payant dans un garage non résidentiel', 'Parc de stationnement payant sur place\xa0: 1\xa0place']}, {'Services': ['Animaux acceptés', 'Séjours longue durée autorisés', 'Arrivée autonome', 'Boîte à clé sécurisée']}]"
id,url,title,description,overview,items,amenities
1090506307068652606,https://fr.airbnb.com/rooms/1090506307068652606,Appartement meublé à Riviera,Simplifiez vous la vie avec ce logement dans une résidence calme et moderne du quartier paisible des villa de Riviera.,"Logement entier : appartement - Casablanca, Maroc","['4 voyageurs', '1 chambre', '2 lits', '1\xa0salle de bain']","[{'Chambre et linge': ['Lave-linge']}, {'Divertissement': ['Télévision']}, {'Cuisine et salle à manger': ['Cuisine']}, {'Parking et installations': ['Stationnement gratuit sur place']}]"
id,url,title,description,overview,items,amenities
1692435675458666767,https://fr.airbnb.com/rooms/1692435675458666767,Chambre d’hôte,"Laissez-vous séduire par cet adorable hébergement, accessible","Chambre · Casablanca, Maroc","['1 lit', 'Salle de bain partagée']","[{'Chambre et linge': ['Lave-linge']}, {'Vie privée et sécurité': ['Serrure ou verrou sur la porte de la chambre', 'Sonomètres présents sur place', 'Caméras de surveillance extérieures présentes sur place']}, {'Internet et bureau': ['Wifi']}, {'Cuisine et salle à manger': ['Cuisine']}, {'Parking et installations': ['Stationnement gratuit sur place']}]"
id,url,title,description,overview,items,amenities
1637723386006814192,https://fr.airbnb.com/rooms/1637723386006814192,Studio Terrasse Parking fibre autonome clim cosy,"Séjournez dans un studio moderne avec terrasse privée, au cœur d’un quartier calme et sécurisé de Casablanca. Parfait pour un voyage d’affaires ou une escapade, il offre un lit confortable, un salon lumineux avec Smart TV, Netflix, YouTube, Wi-Fi haut débit, climatisation et cuisine équipée. À seulement 10 min du Twin Center, des restaurants, commerces et du quartier des affaires. Confort, emplacement et tranquillité réunis.","Logement entier : appartement en résidence - Casablanca, Maroc","['4 voyageurs', '1 chambre', '1 lit', '1\xa0salle de bain']","[{'Salle de bain': ['Sèche-cheveux', 'Produits de nettoyage', 'Shampoing', 'Après-shampoing', 'Savon pour le corps', 'Bidet', 'Douche extérieure', 'Eau chaude', 'Gel douche']}, {'Chambre et linge': ['Lave-linge (Gratuit) dans le logement', 'Produits de base', 'Cintres', 'Linge de lit', 'Oreillers et couvertures supplémentaires', 'Stores ou rideaux occultants', 'Fer à repasser', 'Étendoir à linge', 'Espace de rangement pour les vêtements\xa0: placard']}, {'Divertissement': ['TV HD avec Netflix, télévision par câble haut de gamme', 'Livres et de quoi lire']}, {'Famille': ['Lit pour bébé\xa0: toujours dans le logement', 'Lit parapluie', ""Livres et jouets pour enfants  (Jusqu'à 2\xa0ans, Entre 2 et 5\xa0ans, Entre 5 et 10\xa0ans et Plus de 10\xa0ans)"", 'Chaise haute de type siège de table\xa0: toujours dans le logement', 'Vaisselle pour enfants']}, {'Chauffage et climatisation': ['Climatisation centrale', 'Chauffage central']}, {'Sécurité à la maison': ['Caméras de surveillance extérieures présentes sur place', 'Trousse de premiers secours']}, {'Internet et bureau': ['Wifi', 'Espace de travail dédié']}, {'Cuisine et salle à manger': ['Cuisine', 'Réfrigérateur', 'Four à micro-ondes', 'Tout le nécessaire pour cuisiner', 'Vaisselle et couverts', 'Congélateur', 'Cuisinière électrique Other', 'Four', 'Bouilloire électrique', 'Cafetière\xa0: machine à expresso, Nespresso', 'Verres à vin', 'Grille-pain', 'Blender', 'Compacteur de déchets', 'Table à manger', 'Café', 'Machine à pain']}, {""Caractéristiques de l'emplacement"": ['Entrée privée']}, {'Extérieur': [""Mobilier d'extérieur"", 'Espace repas en plein air']}, {'Parking et installations': ['Allée de stationnement gratuite sur place', 'Stationnement gratuit dans la rue', 'Ascenseur']}, {'Services': ['Dépôt de bagages autorisé', 'Séjours longue durée autorisés', 'Arrivée autonome', 'Serrure numérique', 'Service de ménage disponible 24\xa0heures, tous les jours\xa0: disponible moyennant un supplément']}]"
id,url,title,description,overview,items,amenities
867080015525237740,https://fr.airbnb.com/rooms/867080015525237740,Butterfly 703: Harve de paix au Cœur de Casablanca,"Butterfly 703 🦋, un havre de paix où l'élégance d'une résidence moderne s'allie au confort des hôtels 5* en plein cœur de Casablanca !<br /><br />Relaxez-vous dans un salon spacieux au design moderne, équipé d'une Smart TV 55’ avec Netflix et IPTV pour des soirées de détente absolue. La chambre, véritable nid douillet, vous promet des nuits paisibles et réparatrices ☁️<br /><br />Depuis votre balcon privé, admirez les splendides couchers de soleil sur la ville, rendant chaque moment de votre séjour inoubliable ! ✨","Logement entier : appartement - Casablanca, Maroc","['4 voyageurs', '1 chambre', '1 lit', '1\xa0salle de bain']","[{'Vues panoramiques': ['Vue sur le port', 'Vue panoramique sur la ville', ""Vue sur l'océan""]}, {'Salle de bain': ['Sèche-cheveux', 'Produits de nettoyage', 'Eau chaude']}, {'Chambre et linge': ['Lave-linge (Gratuit) dans le bâtiment', 'Sèche-linge (Gratuit) dans le bâtiment', 'Cintres', 'Linge de lit', 'Fer à repasser', 'Étendoir à linge', 'Espace de rangement pour les vêtements\xa0: placard']}, {'Divertissement': ['Connexion Ethernet', 'TV HD 55\xa0pouces avec Netflix, abonnement standard au câble', 'Appareils de fitness']}, {'Famille': ['Lit pour bébé']}, {'Chauffage et climatisation': ['Climatisation', 'Chauffage']}, {'Sécurité à la maison': ['Trousse de premiers secours']}, {'Internet et bureau': ['Wifi', 'Espace de travail dédié']}, {'Cuisine et salle à manger': ['Cuisine', 'Réfrigérateur', 'Tout le nécessaire pour cuisiner', 'Vaisselle et couverts', 'Congélateur', 'Cuisinière à induction Other', 'Four', 'Bouilloire électrique', 'Cafetière\xa0: Nespresso', 'Plaques de cuisson', 'Table à manger', 'Café']}, {'Extérieur': ['Privé\xa0: patio ou balcon']}, {'Parking et installations': ['Stationnement gratuit dans un garage sur place', 'Ascenseur', 'Salle de sport partagée dans le bâtiment']}, {'Services': ['Dépôt de bagages autorisé', 'Logement fumeur', 'Arrivée autonome', 'Serrure numérique', 'Ménage disponible pendant le séjour']}]"
id,url,title,description,overview,items,amenities
1304314954358968182,https://fr.airbnb.com/rooms/1304314954358968182,Havre de paix Vue sur Mer,"Bienvenue dans ce charmant studio au style architectural espagnol unique et original, parfait pour une escapade romantique ou une parenthèse paisible. Situé dans une résidence calme entourée de somptueux jardins, ce cocon en face de la mer dispose d'une cheminée pour une atmosphère chaleureuse, un accès facile à la plage et à toutes les commodités. Laissez-vous séduire par l’ambiance chaleureuse et relaxante, idéale pour savourer des moments d’évasion en toute sérénité.","Logement entier : appartement - Tamaris, Maroc","['3 voyageurs', '1 chambre', '1 lit', '1\xa0salle de bain']","[{'Salle de bain': ['Sèche-cheveux', 'Eau chaude']}, {'Chambre et linge': ['Produits de base', 'Linge de lit']}, {'Divertissement': ['TV HD avec Netflix']}, {'Chauffage et climatisation': ['Climatisation centrale', 'Cheminée', 'Chauffage']}, {'Internet et bureau': ['Wifi']}, {'Cuisine et salle à manger': ['Cuisine', 'Réfrigérateur', 'Tout le nécessaire pour cuisiner', 'Vaisselle et couverts', 'Congélateur', 'Cuisinière Other', 'Four', 'Verres à vin']}, {""Caractéristiques de l'emplacement"": [""Au bord de l'eau"", 'Accès à la plage']}, {'Extérieur': ['Privé\xa0: patio ou balcon']}, {'Parking et installations': ['Stationnement gratuit sur place', 'Stationnement gratuit dans la rue']}, {'Services': ['Animaux acceptés', 'Dépôt de bagages autorisé', 'Séjours longue durée autorisés', 'Arrivée autonome', 'Serrure connectée', 'Ménage disponible pendant le séjour']}]"
id,url,title,description,overview,items,amenities
1619059152520326001,https://fr.airbnb.com/rooms/1619059152520326001,Appt chic proche de CMN | Parking + Wi-Fi gratuits,"Cet appartement confortable et spacieux de 3 chambres peut accueillir jusqu’à 6 personnes. Il dispose d’un salon lumineux avec un grand canapé et une télévision connectée, d’une cuisine ouverte entièrement équipée, ainsi que de 2,5 salles de bain.<br /><br />La chambre principale est équipée d’un lit king-size, tandis que les autres chambres sont aménagées avec des lits simples, idéal pour les familles ou les groupes. L’appartement comprend également un balcon, une climatisation centralisée, le WiFi haut débit, et une place de parking dédiée dans une résidence sécurisée.<br /><br />Situé à quelques minutes de l’aéroport, avec des commerces, cafés et services accessibles à pied, cet appartement offre à la fois confort et praticité pour un séjour agréable.","Logement entier : appartement en résidence - Nouaceur, Maroc","['6 voyageurs', '3 chambres', '5 lits', '2,5\xa0salles de bain']","[{'Vues panoramiques': ['Vue sur la cour', 'Vue sur le jardin']}, {'Salle de bain': ['Sèche-cheveux', 'Shampoing', 'Après-shampoing', 'Savon pour le corps', 'Bidet', 'Eau chaude', 'Gel douche']}, {'Chambre et linge': ['Lave-linge', 'Sèche-linge (Gratuit) dans le logement', 'Cintres', 'Linge de lit', 'Oreillers et couvertures supplémentaires', 'Stores ou rideaux occultants', 'Fer à repasser', 'Étendoir à linge', 'Espace de rangement pour les vêtements']}, {'Divertissement': ['TV HD 75\xa0pouces avec Netflix, Amazon Prime Video, Disney+, Hulu']}, {'Famille': ['Grilles de fenêtre', 'Aire de jeux extérieure']}, {'Chauffage et climatisation': ['Climatisation centrale', 'Chauffage central']}, {'Sécurité à la maison': ['Caméras de surveillance extérieures présentes sur place', 'Détecteur de fumée', 'Détecteur de monoxyde de carbone']}, {'Internet et bureau': ['Wifi', 'Espace de travail dédié']}, {'Cuisine et salle à manger': ['Cuisine', 'Réfrigérateur', 'Four à micro-ondes', 'Tout le nécessaire pour cuisiner', 'Vaisselle et couverts', 'Congélateur', 'Lave-vaisselle', 'Cuisinière à gaz', 'Four', 'Bouilloire électrique', 'Cafetière\xa0: cafetière filtre', 'Verres à vin', 'Table à manger', 'Café']}, {'Parking et installations': ['Stationnement gratuit dans un garage sur place']}, {'Services': ['Arrivée autonome', 'Serrure numérique', 'Service de ménage disponible 8\xa0heures par jour\xa0: disponible moyennant un supplément']}]"
id,url,description,title,overview,items,amenities
1675676651019659582,https://fr.airbnb.com/rooms/1675676651019659582,"Profitez d’un élégant appartement de 2 chambres et 2 salles de bains, idéalement situé au cœur de Casablanca. Détendez-vous sur sa grande terrasse aménagée avec vue dégagée, parfaite pour vos moments de détente. Vous bénéficierez d’une connexion Wi-Fi haut débit, d’une cuisine entièrement équipée et d’un check-in autonome pour une arrivée en toute simplicité. À quelques minutes des restaurants, commerces, transports et principaux centres d’intérêt de la ville.",Terrasse cosy avec vue by night,"Logement entier : appartement - Casablanca, Maroc","['4 voyageurs', '2 chambres', '3 lits', '2\xa0salles de bain']","[{'Salle de bain': ['Sèche-cheveux', 'Shampoing', 'Eau chaude', 'Gel douche']}, {'Chambre et linge': ['Lave-linge (Gratuit) dans le bâtiment', ""Sèche-linge\xa0: dans l'immeuble"", 'Cintres', 'Linge de lit', 'Stores ou rideaux occultants', 'Fer à repasser', 'Étendoir à linge', 'Coffre-fort', 'Espace de rangement pour les vêtements\xa0: placard']}, {'Divertissement': ['Télévision']}, {'Chauffage et climatisation': ['Climatisation', 'Chauffage central']}, {'Sécurité à la maison': ['Caméras de surveillance extérieures présentes sur place']}, {'Internet et bureau': ['Wifi']}, {'Cuisine et salle à manger': ['Cuisine', 'Tout le nécessaire pour cuisiner', 'Congélateur', 'Cuisinière électrique Teka', 'Four double Teka', 'Bouilloire électrique', 'Cafetière\xa0: Nespresso', 'Verres à vin', 'Grille-pain', 'Table à manger']}, {'Extérieur': [""Mobilier d'extérieur"", 'Espace repas en plein air']}, {'Parking et installations': ['Stationnement gratuit sur place', 'Stationnement gratuit dans la rue', ""Stationnement payant à l'extérieur de la propriété"", 'Stationnement payant sur place']}, {'Services': ['Dépôt de bagages autorisé', 'Arrivée autonome', 'Serrure connectée', 'Service de ménage disponible de 10:00 à 16:00, 5\xa0jours par semaine\xa0: disponible moyennant un supplément']}]"
id,url,description,title,overview,items,amenities
1428257635237768258,https://fr.airbnb.com/rooms/1428257635237768258,"Découvrez notre logement unique en plein cœur de Casablanca. La résidence Solstice est neuve et bien sécurisée avec caméras 24/24h à l’entrée. Bien située en face du marché, à 5min à pieds de la mosquée Hassan II et de la Corniche, 3min de l’hôpital... Appartement neuf et moderne avec chambre, salon, table à manger, cuisine, salle de bain et balcon tout équipés. Ménage assuré avant et après votre visite pour vous proposer un logement accueillant et élégant, de quoi passer un agréable séjour! ☀️","Solstice 12
Studio premium ensoleillé près de la mosquée Hassan II","Logement entier : appartement - Casablanca, Maroc","['3 voyageurs', '1 chambre', '2 lits', '1\xa0salle de bain']","[{'Salle de bain': ['Sèche-cheveux', 'Produits de nettoyage', 'Eau chaude']}, {'Chambre et linge': ['Lave-linge', 'Cintres', 'Linge de lit', 'Stores ou rideaux occultants', 'Fer à repasser', 'Étendoir à linge', 'Espace de rangement pour les vêtements']}, {'Divertissement': ['Télévision', 'Système audio']}, {'Chauffage et climatisation': ['Climatisation', 'Chauffage']}, {'Sécurité à la maison': ['Détecteur de fumée']}, {'Internet et bureau': ['Wifi', 'Espace de travail dédié', 'Routeur wifi portable']}, {'Cuisine et salle à manger': ['Cuisine', 'Réfrigérateur', 'Tout le nécessaire pour cuisiner', 'Vaisselle et couverts', 'Congélateur', 'Cuisinière', 'Four', 'Bouilloire électrique', 'Cafetière\xa0: Nespresso', 'Plaques de cuisson', 'Table à manger', 'Café']}, {""Caractéristiques de l'emplacement"": ['Entrée privée']}, {'Parking et installations': ['Stationnement gratuit dans la rue', ""Piscine (d'eau salée)"", 'Ascenseur', ""Stationnement payant à l'extérieur de la propriété""]}, {'Services': ['Animaux acceptés', 'Séjours longue durée autorisés', 'Arrivée autonome', 'Boîte à clé sécurisée', 'Ménage disponible pendant le séjour']}]"
id,url,description,title,overview,items,amenities
1615834385114150712,https://fr.airbnb.com/rooms/1615834385114150712,"Profitez d’un logement élégant et idéalement situé à Casablanca. Pensé pour offrir confort, calme et modernité, ce lieu vous accueille dans une atmosphère raffinée, parfaite aussi bien pour les séjours professionnels que pour les escapades urbaines. Chaque détail a été soigneusement conçu pour vous garantir une expérience agréable, dans un quartier central et paisible.",Séjour raffiné au cœur Oasis Casablanca,"Logement entier : appartement - Casablanca, Maroc","['4 voyageurs', '1 chambre', '1 lit', '1\xa0salle de bain']","[{'Salle de bain': ['Shampoing', 'Eau chaude', 'Gel douche']}, {'Chambre et linge': ['Produits de base', 'Cintres', 'Linge de lit', 'Fer à repasser']}, {'Divertissement': ['Télévision']}, {'Chauffage et climatisation': ['Climatisation', 'Chauffage']}, {'Internet et bureau': ['Wifi']}, {'Cuisine et salle à manger': ['Cuisine']}, {'Services': ['Animaux acceptés']}]"
id,url,title,description,overview,items,amenities
1479953413701704180,https://fr.airbnb.com/rooms/1479953413701704180,Appartement chic (design japonais) Netflix-Spotify,"Profitez d’un appartement luxueux, décoré avec goût, alliant confort moderne et prestations de qualité. Idéalement situé, il offre un cadre chic et chaleureux pour un séjour inoubliable.<br />À noter avant réservation : la connexion Wi-Fi est de très bas débit.","Logement entier : appartement - Casablanca, Maroc","['4 voyageurs', '1 chambre', '1 lit', '1\xa0salle de bain']","[{'Salle de bain': ['Produits de nettoyage', 'Bidet', 'Eau chaude']}, {'Chambre et linge': ['Produits de base', 'Linge de lit', 'Oreillers et couvertures supplémentaires', 'Espace de rangement pour les vêtements\xa0: commode']}, {'Divertissement': ['Connexion Ethernet', 'TV HD 55\xa0pouces avec Netflix', 'Système audio', 'Livres et de quoi lire']}, {'Sécurité à la maison': ['Caméras de surveillance extérieures présentes sur place', 'Détecteur de fumée']}, {'Internet et bureau': ['Wifi', 'Espace de travail dédié']}, {'Cuisine et salle à manger': ['Cuisine', 'Vaisselle et couverts', 'Four', 'Verres à vin', 'Compacteur de déchets', 'Table à manger']}, {'Parking et installations': ['Ascenseur']}, {'Services': ['Séjours longue durée autorisés']}]"
id,url,description,title,overview,items,amenities
1220385022347659652,https://fr.airbnb.com/rooms/1220385022347659652,"Appartement de luxe, lumineux, situé au 4e étage avec ascenseur, en plein centre-ville de Casablanca. Vue sur la ville, à deux pas du marché central, de la gare Casa-Port et d’un supermarché. Entièrement équipé : climatisation, cuisine moderne (frigo américain, four, micro-ondes), TV 65”, wifi, lave-linge, dressing. Confort absolu au cœur de la ville.",Appartement au cœur de Casablanca,"Logement entier : appartement - Casablanca, Maroc","['4 voyageurs', '2 chambres', '3 lits', '1,5\xa0salles de bain']","[{'Salle de bain': ['Produits de nettoyage']}, {'Chambre et linge': ['Lave-linge (Gratuit)', 'Linge de lit', 'Étendoir à linge', 'Espace de rangement pour les vêtements\xa0: dressing']}, {'Divertissement': ['Télévision']}, {'Famille': ['Vaisselle pour enfants', 'Caches-prises']}, {'Chauffage et climatisation': ['Climatisation', 'Chauffage']}, {'Sécurité à la maison': ['Détecteur de fumée', 'Extincteur']}, {'Internet et bureau': ['Wifi']}, {'Cuisine et salle à manger': ['Cuisine', 'Réfrigérateur Samsung ', 'Four à micro-ondes', 'Tout le nécessaire pour cuisiner', 'Vaisselle et couverts', 'Congélateur', 'Cuisinière à gaz Other', 'Four Samsung ', 'Bouilloire électrique', 'Café']}, {""Caractéristiques de l'emplacement"": ['Entrée privée']}, {'Parking et installations': ['Ascenseur', 'Stationnement payant sur place']}, {'Services': ['Service de ménage\xa0: disponible moyennant un supplément']}]"
id,url,title,description,overview,items,amenities
1567387809594422922,https://fr.airbnb.com/rooms/1567387809594422922,Grande villa andalouse avec garage privé et jardin,"Découvrez l'authentique Casablanca depuis cette superbe villa andalouse. Doté d'un jardin privé, d'une terrasse et d'un garage privé rare. Situé à seulement 0,2 km d'un grand marché et à moins de 2 km des souks et hammams traditionnels. Bien desservi par des arrêts de bus à proximité et une station de tramway. Une retraite spacieuse de 3 chambres, rafraîchie par des brises naturelles, alliant charme et commodité moderne.","Logement entier : hébergement - Casablanca, Maroc","['9 voyageurs', '3 chambres', '3 lits', '4\xa0salles de bain']","[{'Chambre et linge': ['Lave-linge']}, {'Divertissement': ['Télévision']}, {'Chauffage et climatisation': ['Cheminée']}, {'Sécurité à la maison': ['Caméras de surveillance extérieures présentes sur place']}, {'Internet et bureau': ['Wifi']}, {'Cuisine et salle à manger': ['Cuisine']}, {""Caractéristiques de l'emplacement"": ['Entrée privée', 'Accès au complexe hôtelier']}, {'Extérieur': ['Brasero', 'Espace repas en plein air']}, {'Parking et installations': ['Stationnement gratuit sur place']}, {'Services': ['Animaux acceptés', 'Logement fumeur', ""Clés remises par l'hôte""]}]"
id,url,description,title,overview,items,amenities
1615127899269203994,https://fr.airbnb.com/rooms/1615127899269203994,"Profitez d’un logement élégant et idéalement situé à Casablanca. Pensé pour offrir confort, calme et modernité, ce lieu vous accueille dans une atmosphère raffinée, parfaite aussi bien pour les séjours professionnels que pour les escapades urbaines. Chaque détail a été soigneusement conçu pour vous garantir une expérience agréable, dans un quartier central et paisible.",Séjour moderne dans la ville d'Oasis Casablanca,"Logement entier : appartement - Casablanca, Maroc","['4 voyageurs', '1 chambre', '1 lit', '1\xa0salle de bain']","[{'Salle de bain': ['Shampoing', 'Eau chaude', 'Gel douche']}, {'Chambre et linge': ['Produits de base', 'Cintres', 'Linge de lit', 'Fer à repasser']}, {'Divertissement': ['Télévision']}, {'Chauffage et climatisation': ['Climatisation', 'Chauffage']}, {'Internet et bureau': ['Wifi']}, {'Cuisine et salle à manger': ['Cuisine']}, {'Services': ['Animaux acceptés']}]"
id,url,description,title,overview,items,amenities
1716684334469850800,https://fr.airbnb.com/rooms/1716684334469850800,"À seulement 300 mètres de l'océan Atlantique et de la promenade maritime Hassan II, profitez d'un emplacement privilégié pour découvrir Casablanca et vous promener en bord de mer, de jour comme de nuit. De nombreux commerces sont accessibles à pied. L'appartement comprend deux chambres, un grand double salon, deux salles de bain, une cuisine équipée, un ascenseur, une place de parking en sous-sol et se situe dans une résidence calme, sécurisée avec concierge.",Appartement familial à 300 m de l’Atlantique,"Logement entier : appartement - Casablanca, Maroc","['7 voyageurs', '2 chambres', '7 lits', '2\xa0salles de bain']","[{'Salle de bain': ['Baignoire', 'Eau chaude', 'Gel douche']}, {'Chambre et linge': ['Lave-linge', 'Oreillers et couvertures supplémentaires', 'Stores ou rideaux occultants', 'Espace de rangement pour les vêtements\xa0: placard et armoire']}, {'Chauffage et climatisation': ['Climatisation', 'Chauffage central']}, {'Sécurité à la maison': ['Détecteur de fumée']}, {'Internet et bureau': ['Wifi']}, {'Cuisine et salle à manger': ['Cuisine']}, {'Parking et installations': ['Stationnement gratuit sur place']}]"
id,url,title,description,overview,items,amenities
1228462641264953437,https://fr.airbnb.com/rooms/1228462641264953437,2min du Tram + Fibre Optique ! Cozy et Central !,"Studio paisible, et surtout central !<br /><br />- WIFI Fibre Optique Parfait pour le télétravail<br />- Climatisé<br /><br />Idéalement situé au cœur de Casablanca, à seulement 2 minutes à pied de la station tramway.<br /><br />Cet espace lumineux et ensoleillé offre un cadre confortable et moderne, parfait pour profiter pleinement de la ville. <br /><br />Central, vous serez à proximité des commodités et des attractions locales, des Twin Center, Les Hôpitaux, et surtout des commerces et restaurants, tout en bénéficiant du calme","Logement entier : appartement - Casablanca, Maroc","['3 voyageurs', '1 chambre', '1 lit', '1\xa0salle de bain']","[{'Salle de bain': ['Sèche-cheveux', 'Produits de nettoyage', 'Bidet', 'Eau chaude']}, {'Chambre et linge': ['Lave-linge', 'Produits de base', 'Cintres', 'Linge de lit', 'Oreillers et couvertures supplémentaires', 'Stores ou rideaux occultants', 'Fer à repasser', 'Étendoir à linge', 'Espace de rangement pour les vêtements']}, {'Divertissement': ['Télévision']}, {'Famille': ['Lit pour bébé', 'Chaise haute']}, {'Chauffage et climatisation': ['Climatisation', 'Chauffage']}, {'Sécurité à la maison': ['Caméras de surveillance extérieures présentes sur place', 'Trousse de premiers secours']}, {'Internet et bureau': ['Wifi', 'Espace de travail dédié']}, {'Cuisine et salle à manger': ['Cuisine', 'Réfrigérateur', 'Four à micro-ondes', 'Tout le nécessaire pour cuisiner', 'Vaisselle et couverts', 'Mini réfrigérateur', 'Congélateur', 'Cuisinière', 'Bouilloire électrique', 'Plaques de cuisson', 'Table à manger', 'Café']}, {'Extérieur': ['Espace repas en plein air']}, {'Parking et installations': ['Stationnement gratuit sur place', 'Ascenseur', 'Stationnement payant sur place']}, {'Services': ['Animaux acceptés', 'Logement fumeur', 'Séjours longue durée autorisés', 'Arrivée autonome', 'Boîte à clé sécurisée']}]"
id,url,title,description,overview,items,amenities
1753519015862540299,https://fr.airbnb.com/rooms/1753519015862540299,C20 - Vintage 2 chambres - Au cœur de Casablanca,"Bel appartement vintage spacieux au cœur de Gauthier, Casablanca. Plein de caractère et de charme, il dispose de 2 chambres confortables, de 2 salles de bains, d'un grand salon et d'une cuisine entièrement équipée. Avec des espaces généreux et la climatisation dans tout le logement, il offre tout le confort nécessaire pour un séjour reposant. Parfaitement situé à proximité des restaurants, des cafés, des commerces et de tout ce que Gauthier a à offrir.","Logement entier : appartement - Casablanca, Maroc","['6 voyageurs', '2 chambres', '3 lits', '2\xa0salles de bain']","[{'Salle de bain': ['Baignoire', 'Sèche-cheveux', 'Eau chaude']}, {'Chambre et linge': ['Lave-linge', 'Produits de base', 'Cintres', 'Linge de lit', 'Fer à repasser', 'Étendoir à linge', 'Espace de rangement pour les vêtements']}, {'Divertissement': ['Télévision']}, {'Chauffage et climatisation': ['Climatisation', 'Chauffage']}, {'Internet et bureau': ['Wifi']}, {'Cuisine et salle à manger': ['Cuisine', 'Réfrigérateur', 'Four à micro-ondes', 'Tout le nécessaire pour cuisiner', 'Vaisselle et couverts', 'Congélateur', 'Lave-vaisselle', 'Cuisinière', 'Four', 'Cafetière', 'Verres à vin', 'Blender', 'Table à manger']}, {""Caractéristiques de l'emplacement"": ['Entrée privée']}, {'Parking et installations': ['Stationnement gratuit sur place', 'Ascenseur']}, {'Services': ['Arrivée autonome', 'Serrure connectée']}]"
id,url,title,description,overview,items,amenities
1015857622571513968,https://fr.airbnb.com/rooms/1015857622571513968,Appartement chic à proximité de la plage et des autoroutes ,"Détendez-vous dans ce logement calme et élégant , chaleureux et spacieux pour vous <br />parfaite  pour un couple et une famille et pour accueillir vos amis .<br /> wifi opérationnel pour les personnes télétravai l/ rallonge dispo pour brancher vos équipements <br />netflix / shahid VIP / IPTV","Logement entier : appartement - Mohammédia, Maroc","['4 voyageurs', '2 chambres', '1 lit', '1\xa0salle de bain']","[{'Salle de bain': ['Produits de nettoyage', 'Shampoing', 'Après-shampoing', 'Savon pour le corps', 'Eau chaude', 'Gel douche']}, {'Chambre et linge': ['Lave-linge', 'Produits de base', 'Cintres', 'Linge de lit', 'Oreillers et couvertures supplémentaires']}, {'Divertissement': ['TV HD avec Netflix']}, {'Internet et bureau': ['Wifi', 'Espace de travail dédié']}, {'Cuisine et salle à manger': ['Cuisine', 'Réfrigérateur', 'Four à micro-ondes', 'Tout le nécessaire pour cuisiner', 'Vaisselle et couverts', 'Congélateur', 'Cuisinière à gaz', 'Cafetière\xa0: machine à expresso, cafetière manuelle', 'Plaques de cuisson', 'Blender', 'Table à manger', 'Café', 'Machine à pain']}, {'Parking et installations': ['Stationnement gratuit dans un garage sur place', 'Ascenseur']}, {'Services': ['Animaux acceptés', ""Clés remises par l'hôte""]}]"
id,url,title,description,overview,items,amenities
1729686087920486025,https://fr.airbnb.com/rooms/1729686087920486025,Chambre privée – 2 lits simples,"Découvrez le confort d’un logement paisible et central à Kasbat Amine, Casablanca, proche des commodités et des transports. Chambre privée à 4ème étage avec deux lits simples, décor élégant. Salle de bain et cuisine partagées, bien entretenues et équipées. Conformément à la réglementation marocaine, les couples marocains doivent être mariés (avec certificat de mariage). Les voyageurs étrangers ou individuels sont les bienvenus. Merci de votre compréhension.","Chambre · Casablanca, Maroc","['2 lits simples', 'Salle de bain partagée']","[{'Chambre et linge': ['Lave-linge']}, {'Vie privée et sécurité': ['Serrure ou verrou sur la porte de la chambre', 'Caméras de surveillance extérieures présentes sur place']}, {'Internet et bureau': ['Wifi']}, {'Cuisine et salle à manger': ['Cuisine']}]"
id,url,description,title,overview,items,amenities
1568234262373954895,https://fr.airbnb.com/rooms/1568234262373954895,"Studio neuf, élégant et ultra lumineux à Casablanca, idéal pour week-end ou long séjour.<br /><br />Lit King size (180x200) avec linge hôtelier premium<br />Salon avec canapé-lit<br />Cuisine équipée (Nespresso, four, frigo, plaques)<br />Salle de bain moderne<br />WiFi haut débit, clim + chauffage<br />Parking privé gratuit<br />Check-in autonome + conciergerie 24/7<br />Sécurité 24/7<br /><br />Proche tramway, Twin Center, Maârif, restaurants et supermarchés (Carrefour, Marjane). Quartier calme et bien connecté.",Studio Lumineux & Moderne - Casablanca-Palmiers,"Logement entier : appartement - Casablanca, Maroc","['2 voyageurs', '1 chambre', '1 lit', '1\xa0salle de bain']","[{'Salle de bain': ['Sèche-cheveux', 'Produits de nettoyage', 'Eau chaude']}, {'Chambre et linge': ['Produits de base', 'Cintres', 'Linge de lit', 'Stores ou rideaux occultants', 'Fer à repasser', 'Étendoir à linge', 'Espace de rangement pour les vêtements\xa0: dressing et placard']}, {'Divertissement': ['Télévision']}, {'Chauffage et climatisation': ['Climatisation', 'Chauffage central']}, {'Sécurité à la maison': ['Caméras de surveillance extérieures présentes sur place']}, {'Internet et bureau': ['Wifi']}, {'Cuisine et salle à manger': ['Cuisine', 'Réfrigérateur LG', 'Tout le nécessaire pour cuisiner', 'Vaisselle et couverts', 'Cuisinière à gaz Other', 'Four double Bosh', 'Cafetière\xa0: machine à expresso, Nespresso', 'Verres à vin']}, {""Caractéristiques de l'emplacement"": ['Laverie automatique à proximité']}, {'Parking et installations': ['Stationnement gratuit sur place', 'Stationnement gratuit dans la rue', 'Ascenseur']}, {'Services': ['Arrivée autonome', 'Boîte à clé sécurisée', 'Service de ménage disponible 4\xa0heures par jour, 5\xa0jours par semaine\xa0: disponible moyennant un supplément']}]"
id,url,title,description,overview,items,amenities
1614333395456367479,https://fr.airbnb.com/rooms/1614333395456367479,Appart à Bouskoura à 15 mn de l’aéroport Mohamed 5,"Appartement à lotissement Safae Bouskoura<br />proche de la gare de train bouskoura (5 min 🚗).<br /><br />proche de la parc industriel bouskoura (5 min 🚶🏻‍♂️)<br /><br />5 min 🚗 de Mall (Myriades Bouskoura ➡️ Marjane, Macdonald, Alpha 55, Electroplanet, Lc waikiki, miniso, parc des jeux, Station⛽ ) <br /><br />12 min 🚗 à l'aéroport international Mohamed 5 ✈️<br /><br />12 min 🚗 de Casa Nearshore.<br /><br />8 min 🚗 à la Forêt Bouskoura <br /><br />7 min 🚗 à L'Hôpital Universitaire International Mohammed VI<br /><br />20 min 🚗 à la plage .","Logement entier : appartement - Bouskoura, Maroc","['4 voyageurs', '2 chambres', '3 lits', '1\xa0salle de bain']","[{'Salle de bain': ['Eau chaude']}, {'Chambre et linge': ['Cintres', 'Linge de lit', 'Étendoir à linge']}, {'Divertissement': ['Télévision']}, {'Chauffage et climatisation': ['Chauffage']}, {'Sécurité à la maison': ['Caméras de surveillance extérieures présentes sur place']}, {'Internet et bureau': ['Wifi']}, {'Cuisine et salle à manger': ['Cuisine', 'Tout le nécessaire pour cuisiner', 'Vaisselle et couverts', 'Congélateur', 'Cuisinière', 'Four', 'Compacteur de déchets', 'Table à manger']}, {'Parking et installations': ['Stationnement gratuit sur place']}]"
id,url,description,title,overview,items,amenities
1440553329636086808,https://fr.airbnb.com/rooms/1440553329636086808,"Profitez d'un séjour élégant et confortable dans le quartier des Roches Noires à Casablanca. Cet appartement lumineux est idéal pour les couples, les voyageurs en solo et les voyageurs d'affaires. Détendez-vous sur votre terrasse privée meublée et profitez d'une connexion Wi-Fi rapide, d'une télévision connectée, d'une cuisine entièrement équipée et d'un parking privé gratuit. L'arrivée autonome facilite l'arrivée, tandis que la Casa Voyageurs, les liaisons de tramway et le centre de Casablanca sont facilement accessibles.<br /><br />Après une journée bien remplie à Casablanca, revenez dans un espace paisible et confortable où vous pourrez vous détendre",Studio élégant près de Casa Voyageurs + parking,"Logement entier : appartement en résidence - Casablanca, Maroc","['3 voyageurs', '1 chambre', '1 lit', '1\xa0salle de bain']","[{'Salle de bain': ['Sèche-cheveux', 'Produits de nettoyage', 'Shampoing', 'Savon pour le corps', 'Eau chaude', 'Gel douche']}, {'Chambre et linge': ['Lave-linge', 'Cintres', 'Linge de lit', 'Oreillers et couvertures supplémentaires', 'Stores ou rideaux occultants', 'Fer à repasser', 'Étendoir à linge', 'Moustiquaire', 'Espace de rangement pour les vêtements\xa0: placard']}, {'Divertissement': ['Télévision']}, {'Chauffage et climatisation': ['Climatisation\xa0: système split sans évacuation', 'Chauffage']}, {'Sécurité à la maison': ['Détecteur de fumée', 'Extincteur', 'Trousse de premiers secours']}, {'Internet et bureau': ['Wifi']}, {'Cuisine et salle à manger': ['Cuisine', 'Réfrigérateur', 'Tout le nécessaire pour cuisiner', 'Vaisselle et couverts', 'Congélateur', 'Cuisinière à gaz Other', 'Four', 'Bouilloire électrique', 'Cafetière', 'Grille-pain', 'Plaques de cuisson', 'Blender', 'Compacteur de déchets', 'Table à manger', 'Café', 'Machine à pain']}, {""Caractéristiques de l'emplacement"": ['Laverie automatique à proximité']}, {'Parking et installations': ['Stationnement gratuit sur place', 'Stationnement gratuit dans la rue', 'Ascenseur']}, {'Services': ['Dépôt de bagages autorisé', 'Séjours longue durée autorisés', 'Arrivée autonome', 'Serrure connectée', 'Service de ménage disponible de 10:30 à 12:00, tous les jours\xa0: disponible moyennant un supplément']}]"
id,url,description,title,overview,items,amenities
1282632877519610903,https://fr.airbnb.com/rooms/1282632877519610903,"Bienvenue ! <br /><br />Amoureux des horizons lointains,  j’ai eu la chance de voyager à travers le monde et de séjourner dans de nombreux Airbnbs. Chaque séjour m'a inspiré à créer un espace rassemblant le meilleur de ces expériences.<br />L’idée est simple : un lieu confortable, propre, pratique et sécurisé, où les voyageurs se sentiront comme chez eux.<br />J’ai hâte de vous accueillir ! N’hésitez pas à me contacter pour plus d'info.<br /><br />À très vite !",Charmant logement proche Hopital M6 et Aeroport M5,"Logement entier : appartement - Bouskoura, Maroc","['2 voyageurs', '1 chambre', '2 lits', '1\xa0salle de bain']","[{'Salle de bain': ['Sèche-cheveux', 'Produits de nettoyage', 'Shampoing', 'Savon pour le corps', 'Eau chaude', 'Gel douche']}, {'Chambre et linge': ['Lave-linge', 'Cintres', 'Linge de lit', 'Stores ou rideaux occultants', 'Fer à repasser', 'Espace de rangement pour les vêtements']}, {'Divertissement': ['Télévision']}, {'Chauffage et climatisation': ['Climatisation centrale', ""Chauffage d'appoint""]}, {'Internet et bureau': ['Wifi']}, {'Cuisine et salle à manger': ['Cuisine', 'Réfrigérateur', 'Tout le nécessaire pour cuisiner', 'Vaisselle et couverts', 'Mini réfrigérateur', 'Cuisinière', 'Four', 'Bouilloire électrique', 'Cafetière', 'Grille-pain', 'Plaques de cuisson', 'Table à manger', 'Café']}, {'Parking et installations': ['Stationnement gratuit sur place', 'Stationnement gratuit dans la rue', 'Ascenseur']}, {'Services': ['Séjours longue durée autorisés', 'Arrivée autonome', 'Serrure connectée']}]"
id,url,description,title,overview,items,amenities
1694043769085676207,https://fr.airbnb.com/rooms/1694043769085676207,"Découvrez la vie urbaine moderne dans cet élégant appartement de 2 chambres à Abdelmoumen, Casablanca. Cet appartement lumineux dispose d'un séjour spacieux, de deux chambres confortables, d'une cuisine entièrement équipée et d'une salle de bain moderne. Situé dans une résidence sécurisée avec ascenseur, il offre un confort optimal. Situé à deux pas du tramway, des centres d'affaires et des commodités locales, il est idéal pour les professionnels ou les petites familles à la recherche d'un logement central de grande qualité au cœur de la ville.",Appartement spacieux dans le centre d'Abdelmoumen,"Logement entier : appartement - Casablanca, Maroc","['5 voyageurs', '2 chambres', '3 lits', '1,5\xa0salles de bain']","[{'Chambre et linge': ['Lave-linge']}, {'Divertissement': ['Télévision']}, {'Cuisine et salle à manger': ['Cuisine']}]"
id,url,title,description,overview,items,amenities
1742812851041304530,https://fr.airbnb.com/rooms/1742812851041304530,"Retraite avec balcon | Vue sur la mer, la mosquée Hassan-II et le patrimoine ","Réveillez-vous dans le vrai Casablanca. Ce tout nouveau studio sur le boulevard principal vous place à deux minutes de la mosquée Hassan-II et à cinq minutes de l'océan Atlantique. Un véritable quartier marocain vous entoure dès que vous sortez. Cuisine entièrement équipée, lave-linge, cabine de douche, télévision connectée et connexion Wi-Fi rapide. Tout ce dont vous avez besoin. Rien que vous n’ayez besoin.","Logement entier : appartement - Casablanca, Maroc","['3 voyageurs', '1 chambre', '2 lits', '1\xa0salle de bain']","[{'Salle de bain': ['Produits de nettoyage', 'Shampoing', 'Savon pour le corps', 'Eau chaude', 'Gel douche']}, {'Chambre et linge': ['Lave-linge', 'Produits de base', 'Linge de lit', 'Oreillers et couvertures supplémentaires', 'Stores ou rideaux occultants', 'Espace de rangement pour les vêtements']}, {'Divertissement': ['Télévision']}, {'Sécurité à la maison': ['Détecteur de fumée', 'Détecteur de monoxyde de carbone', 'Extincteur', 'Trousse de premiers secours']}, {'Internet et bureau': ['Wifi', 'Espace de travail dédié']}, {'Cuisine et salle à manger': ['Cuisine', 'Réfrigérateur', 'Four à micro-ondes', 'Tout le nécessaire pour cuisiner', 'Vaisselle et couverts', 'Congélateur', 'Cuisinière électrique Other', 'Plaques de cuisson', 'Table à manger']}, {""Caractéristiques de l'emplacement"": [""Au bord de l'eau"", 'Accès à la plage', 'Entrée privée', 'Laverie automatique à proximité']}, {'Extérieur': ['Privé\xa0: patio ou balcon']}, {'Parking et installations': ['Stationnement gratuit sur place', 'Ascenseur', 'Stationnement payant sur place']}, {'Services': ['Dépôt de bagages autorisé', 'Séjours longue durée autorisés', 'Service de ménage\xa0: disponible moyennant un supplément']}]"
id,url,title,description,overview,items,amenities
1113799421514205708,https://fr.airbnb.com/rooms/1113799421514205708,Appartement sécurisé haut standing avec balcon,"Vous souhaitez profiter d'un cadre luxueux et calme? Vous êtes à la bonne adresse.<br />Notre studio flambant neuf, d'une superficie de 52 mètres carrés idéalement situé au cœur de Casablanca, est équipé d'un lit double confortable, d'un coin salon avec canapé, d'une kitchenette entièrement équipée et d'une salle de bain moderne avec douche. <br />Vous pourrez profiter d'une connexion Wi-Fi haut débit gratuite, d'une smart télévision à écran plat et d'une climatisation réversible pour un confort optimal.","Logement entier : appartement - Casablanca, Maroc","['2 voyageurs', '1 chambre', '1\xa0salle de bain']","[{'Salle de bain': ['Eau chaude']}, {'Chambre et linge': ['Lave-linge', 'Produits de base', 'Cintres', 'Linge de lit', 'Oreillers et couvertures supplémentaires', 'Fer à repasser', 'Étendoir à linge', 'Espace de rangement pour les vêtements\xa0: placard']}, {'Divertissement': ['Télévision']}, {'Chauffage et climatisation': ['Climatisation', 'Chauffage']}, {'Sécurité à la maison': ['Caméras de surveillance extérieures présentes sur place', 'Détecteur de fumée']}, {'Internet et bureau': ['Wifi', 'Espace de travail dédié']}, {'Cuisine et salle à manger': ['Cuisine', 'Réfrigérateur', 'Four à micro-ondes', 'Tout le nécessaire pour cuisiner', 'Vaisselle et couverts', 'Congélateur', 'Cuisinière à gaz Other', 'Four simple en acier inoxydable', 'Bouilloire électrique', 'Cafetière\xa0: Nespresso', 'Grille-pain', 'Plaques de cuisson', 'Table à manger', 'Café', 'Machine à pain']}, {""Caractéristiques de l'emplacement"": ['Entrée privée']}, {'Parking et installations': ['Stationnement gratuit sur place', 'Ascenseur']}, {'Services': ['Logement fumeur', 'Séjours longue durée autorisés', 'Arrivée autonome', 'Serrure numérique']}]"
id,url,title,description,overview,items,amenities
1500275208469766904,https://fr.airbnb.com/rooms/1500275208469766904,Appart Casablanca Centre • 6 pers • Calme&Confort,"Vivez Casablanca comme un local : confort, espace et authenticité<br />Bienvenue dans cet appartement spacieux, décoré avec soin, situé au cœur de Casablanca, à deux pas de la Mosquée et à proximité immédiate des quartiers Maarif et Gauthier. Parfait pour les familles, groupes d’amis ou voyageurs d’affaires, il allie le charme de la tradition marocaine à tout le confort moderne.<br />2 chambres , salon,  cuisine équipée, salle de bain moderne avec douche italienne. Idéal pour familles, groupes, pros.","Logement entier : appartement - Casablanca, Maroc","['6 voyageurs', '2 chambres', '3 lits', '1\xa0salle de bain']","[{'Divertissement': ['Télévision']}, {'Internet et bureau': ['Wifi']}, {'Cuisine et salle à manger': ['Cuisine']}, {'Parking et installations': ['Stationnement gratuit sur place']}]"
id,url,title,description,overview,items,amenities
1588547783870956087,https://fr.airbnb.com/rooms/1588547783870956087,Prime 2BR/2BA : 7 personnes + parking gratuit et grande table,"Appartement 2 chambres / 2 salles de bain moderne, spacieux et baigné de lumière naturelle.<br />Salon élégant, cuisine entièrement équipée et chambres au confort hôtelier pour un séjour relaxant.<br /><br />Idéal pour voyageurs business, couples ou familles recherchant calme, standing et praticité.<br /><br />✔ Très lumineux<br />✔ WiFi rapide & Smart TV<br />✔ Résidence calme et sécurisée<br />✔ Parfait court ou long séjour<br /><br />Installez-vous… et profitez simplement.","Logement entier : appartement - Casablanca, Maroc","['7 voyageurs', '2 chambres', '5 lits', '2\xa0salles de bain']","[{'Salle de bain': ['Sèche-cheveux', 'Produits de nettoyage', 'Shampoing', 'Savon pour le corps', 'Eau chaude', 'Gel douche']}, {'Chambre et linge': ['Lave-linge', 'Cintres', 'Oreillers et couvertures supplémentaires', 'Fer à repasser', 'Étendoir à linge', 'Espace de rangement pour les vêtements\xa0: dressing et placard']}, {'Divertissement': ['Télévision']}, {'Famille': ['Lit pour bébé', 'Lit parapluie']}, {'Chauffage et climatisation': ['Climatisation', 'Chauffage']}, {'Internet et bureau': ['Wifi']}, {'Cuisine et salle à manger': ['Cuisine', 'Réfrigérateur', 'Four à micro-ondes', 'Tout le nécessaire pour cuisiner', 'Vaisselle et couverts', 'Congélateur', 'Four', 'Bouilloire électrique', 'Cafetière\xa0: Nespresso', 'Verres à vin', 'Blender', 'Compacteur de déchets', 'Table à manger', 'Café']}, {'Parking et installations': ['Stationnement gratuit dans un garage sur place\xa0: 1\xa0place', 'Stationnement gratuit dans la rue']}, {'Services': ['Dépôt de bagages autorisé']}]"
id,url,description,title,overview,items,amenities
1722398969800526579,https://fr.airbnb.com/rooms/1722398969800526579,"Profitez d'un séjour élégant dans cet appartement d'une chambre magnifiquement meublé, avec vue sur l'emblématique Twin Center au cœur de Casablanca. Doté d'une chambre confortable, d'une salle de bain moderne, d'un décor élégant, d'une cuisine entièrement équipée et d'un salon lumineux, il est parfait pour les affaires ou les loisirs. Idéalement situé à distance de marche des restaurants, des cafés, des commerces et des principales attractions de la ville.",Élégant appartement d'1 chambre | Vue sur le Twin Center ,"Logement entier : appartement - Casablanca, Maroc","['4 voyageurs', '1 chambre', '1 lit', '1\xa0salle de bain']","[{'Chambre et linge': ['Lave-linge']}, {'Divertissement': ['Télévision']}, {'Chauffage et climatisation': ['Climatisation']}, {'Internet et bureau': ['Wifi']}, {'Cuisine et salle à manger': ['Cuisine']}, {'Parking et installations': ['Stationnement gratuit sur place']}]"
id,url,title,description,overview,items,amenities
1746729895520414028,https://fr.airbnb.com/rooms/1746729895520414028,Nouvel appart à Gauthier | Tram & Parc Ligue Arabe,"Bienvenue dans notre appartement, situé à Gauthier, l’un des quartiers animés de Casablanca.<br /><br />Profitez d’un emplacement privilégié, entouré de restaurants, cafés, commerces et commodités. Sa situation centrale permet d’explorer Casablanca et ses attractions.<br /><br />Pour un séjour professionnel ou de loisirs, cet appartement offre un équilibre entre confort, praticité et vie urbaine.<br /><br />Réservez et vivez une expérience authentique à Casablanca, au cœur de Gauthier. Nous serons ravis de vous accueillir !","Logement entier : appartement - Casablanca, Maroc","['3 voyageurs', '1 chambre', '1 lit', '1\xa0salle de bain']","[{'Salle de bain': ['Sèche-cheveux', 'Produits de nettoyage', 'Shampoing', 'Savon pour le corps', 'Eau chaude', 'Gel douche']}, {'Chambre et linge': ['Lave-linge', 'Produits de base', 'Cintres', 'Linge de lit', 'Oreillers et couvertures supplémentaires', 'Stores ou rideaux occultants', 'Fer à repasser', 'Étendoir à linge', 'Espace de rangement pour les vêtements']}, {'Divertissement': ['Connexion Ethernet', 'Télévision']}, {'Chauffage et climatisation': ['Climatisation', 'Chauffage']}, {'Sécurité à la maison': ['Détecteur de fumée', 'Détecteur de monoxyde de carbone']}, {'Internet et bureau': ['Wifi']}, {'Cuisine et salle à manger': ['Cuisine', 'Réfrigérateur', 'Tout le nécessaire pour cuisiner', 'Vaisselle et couverts', 'Congélateur', 'Cuisinière', 'Four', 'Bouilloire électrique', 'Cafetière', 'Verres à vin', 'Table à manger', 'Café']}, {'Extérieur': ['Privé\xa0: patio ou balcon']}, {'Parking et installations': ['Stationnement gratuit dans la rue', 'Ascenseur', 'Portier']}, {'Services': ['Animaux acceptés', 'Séjours longue durée autorisés', 'Arrivée autonome', 'Serrure numérique', 'Service de ménage\xa0: disponible moyennant un supplément']}]"
id,url,description,title,overview,items,amenities
1744231882016715924,https://fr.airbnb.com/rooms/1744231882016715924,"Bienvenue dans ce superbe studio neuf au design contemporain. Entièrement meublé et décoré avec soin, il offre un espace élégant, confortable et parfaitement équipé pour un séjour sans compromis. Chaque détail a été pensé pour vous faire sentir comme chez vous, que vous soyez en voyage d’affaires ou en escapade. Un véritable cocon moderne où confort et raffinement se rencontrent.",Cosy Appartement - Riviera/Oasis,"Logement entier : appartement - Casablanca, Maroc","['4 voyageurs', '1 chambre', '1 lit', '1\xa0salle de bain']","[{'Salle de bain': ['Sèche-cheveux', 'Shampoing', 'Eau chaude']}, {'Chambre et linge': ['Lave-linge', 'Sèche-linge', 'Produits de base', 'Cintres', 'Fer à repasser']}, {'Divertissement': ['Télévision']}, {'Chauffage et climatisation': ['Climatisation', 'Chauffage']}, {'Internet et bureau': ['Wifi']}, {'Cuisine et salle à manger': ['Cuisine', 'Tout le nécessaire pour cuisiner']}, {'Extérieur': [""Mobilier d'extérieur""]}, {'Parking et installations': ['Stationnement gratuit sur place']}]"
id,url,title,description,overview,items,amenities
1551964344880877619,https://fr.airbnb.com/rooms/1551964344880877619,Lit - Lit dans une chambre partagée,"Situé au cœur de Casablanca, avec des transports pratiques et une gamme complète de restaurants, de magasins et d'équipements à proximité.<br /><br />Des lits partagés sont fournis. Chaque lit est pour 1 personne uniquement.La maison est abordable, propre, sûre et fiable.L'appartement est situé au 7e étage avec une vue panoramique sur la ville. Il dispose de 2 salles de bain, d'eau chaude 24 heures sur 24 et d'une connexion Wi-Fi haut débit gratuite pour répondre à vos besoins quotidiens et à vos besoins de voyage.","Chambre · Casablanca, Maroc","['1 lit simple', 'Toilettes avec lavabo']","[{'Vues panoramiques': ['Vue panoramique sur la ville']}, {'Salle de bain': ['Sèche-cheveux', 'Shampoing', 'Savon pour le corps', 'Bidet', 'Eau chaude', 'Gel douche']}, {'Chambre et linge': ['Cintres', 'Linge de lit', 'Oreillers et couvertures supplémentaires', 'Stores ou rideaux occultants', 'Fer à repasser', 'Étendoir à linge', 'Espace de rangement pour les vêtements\xa0: placard, armoire et commode']}, {'Sécurité à la maison': ['Détecteur de fumée', 'Détecteur de monoxyde de carbone']}, {'Internet et bureau': ['Wifi', 'Espace de travail dédié']}, {'Cuisine et salle à manger': ['Cuisine', 'Réfrigérateur', 'Tout le nécessaire pour cuisiner', 'Vaisselle et couverts', 'Cuisinière à gaz Other', 'Four', 'Bouilloire électrique', 'Verres à vin', 'Plaques de cuisson', 'Cuiseur à riz', 'Compacteur de déchets', 'Table à manger']}, {'Extérieur': ['Privé\xa0: patio ou balcon']}, {'Services': ['Logement fumeur', 'Séjours longue durée autorisés', ""Clés remises par l'hôte""]}]"
id,url,description,title,overview,items,amenities
1742348207529841813,https://fr.airbnb.com/rooms/1742348207529841813,"Bienvenue à Urban Palms 320, un studio confortable, moderne et bien conçu de 45 m² situé dans le quartier très central de Franceville à Casablanca. <br /><br />Niché dans une zone de villa calme sur une rue latérale paisible et conçu avec un confort moderne à l'esprit, cet appartement lumineux bénéficie d'une vue dégagée sur les villas environnantes et se distingue par son calme.<br /><br />Que vous veniez pour le plaisir ou pour affaires, Urban Palms 320 offre le parfait équilibre entre la commodité d'un emplacement central et la tranquillité d'un quartier résidentiel.",Urban Palms 320 | Studio au design élégant - Central,"Logement entier : appartement - Casablanca, Maroc","['3 voyageurs', '1 chambre', '1 lit', '1\xa0salle de bain']","[{'Salle de bain': ['Sèche-cheveux', 'Produits de nettoyage', 'Shampoing', 'Savon pour le corps', 'Gel douche']}, {'Chambre et linge': ['Lave-linge', 'Cintres', 'Fer à repasser', 'Étendoir à linge', 'Espace de rangement pour les vêtements\xa0: placard']}, {'Divertissement': ['Télévision']}, {'Famille': ['Lit parapluie (payant)\xa0: disponible sur demande']}, {'Chauffage et climatisation': ['Climatisation', 'Chauffage central']}, {'Internet et bureau': ['Wifi']}, {'Cuisine et salle à manger': ['Cuisine', 'Réfrigérateur Candy', 'Four à micro-ondes', 'Vaisselle et couverts', 'Cuisinière à induction Other', 'Bouilloire électrique', 'Cafetière\xa0: Nespresso', 'Verres à vin', 'Grille-pain', 'Blender', 'Table à manger', 'Café']}, {'Extérieur': [""Mobilier d'extérieur""]}, {'Parking et installations': ['Stationnement gratuit sur place', 'Stationnement gratuit dans la rue', 'Ascenseur', 'Résidence protégée']}, {'Services': ['Dépôt de bagages autorisé', 'Arrivée autonome', 'Serrure connectée', 'Service de ménage disponible de 10:00 à 16:00, 6\xa0jours par semaine\xa0: disponible moyennant un supplément']}]"
id,url,description,title,overview,items,amenities
1557784904191189167,https://fr.airbnb.com/rooms/1557784904191189167,"Profitez de ce studio d’exception, idéalement situé au cœur de Casablanca, dans le quartier central et vivant de Maarif, à proximité immédiate de toutes les commodités.<br />Entièrement neuf et d’une propreté irréprochable, Studio Laimoon a été aménagé avec des meubles de qualité, des tapisseries raffinées et un matelas haut de gamme, afin d’offrir un confort absolu dans un cadre élégant. <br />Chaque détail a été pensé pour garantir une experience 5* ou chaque voyageur se sent comme chez lui.",Chic & Confort | Studio au Cœur de Casablanca,"Logement entier : appartement - Casablanca, Maroc","['3 voyageurs', '1 chambre', '3 lits', '1\xa0salle de bain']","[{'Salle de bain': ['Sèche-cheveux', 'Produits de nettoyage', 'Shampoing', 'Après-shampoing', 'Savon pour le corps', 'Eau chaude', 'Gel douche']}, {'Chambre et linge': ['Lave-linge', 'Sèche-linge\xa0: dans le logement', 'Fer à repasser']}, {'Divertissement': ['Télévision']}, {'Chauffage et climatisation': ['Climatisation', 'Chauffage central']}, {'Sécurité à la maison': ['Sonomètres présents sur place', 'Caméras de surveillance extérieures présentes sur place', 'Trousse de premiers secours']}, {'Internet et bureau': ['Wifi']}, {'Cuisine et salle à manger': ['Cuisine', 'Réfrigérateur', 'Vaisselle et couverts', 'Congélateur', 'Lave-vaisselle', 'Cuisinière électrique Other', 'Four Double', 'Bouilloire électrique', 'Cafetière\xa0: machine à expresso', 'Verres à vin', 'Blender', 'Compacteur de déchets', 'Table à manger', 'Café']}, {'Extérieur': ['Privé\xa0: patio ou balcon', 'Arrière-cour privée']}, {'Parking et installations': ['Stationnement gratuit sur place', 'Ascenseur', 'Logement de plain-pied']}, {'Services': ['Arrivée autonome', 'Serrure numérique']}]"
id,url,title,description,overview,items,amenities
1631113792688062281,https://fr.airbnb.com/rooms/1631113792688062281,Spacieux 2 pièces à 3mn de la mosquée Hassan II,"Découvrez Casablanca et ses alentours  depuis ce cocon niché au 3e étage  d’un immeuble moderne. <br />Cette perle climatisée,  offre design épuré et balcon  avec vue océan:<br />- Chambre avec literie hôtelière XL<br />- Cuisine full équipée, WiFi fibre, TV 4K, . <br />- Salle de bain italienne. <br />- Calme absolu, ascenseur et parking public.<br /><br />Idéal pour un séjour en famille ou entre amis : tourisme et plage sans voiture ! <br />Non-fumeur. Check-in flexible à partir de 14h.<br /><br />Réservez votre séjour 5 étoiles à Casablanca","Logement entier : appartement - Casablanca, Maroc","['4 voyageurs', '1 chambre', '2 lits', '1\xa0salle de bain']","[{'Chambre et linge': ['Lave-linge']}, {'Divertissement': ['Télévision']}, {'Chauffage et climatisation': ['Climatisation']}, {'Sécurité à la maison': ['Caméras de surveillance extérieures présentes sur place', 'Détecteur de fumée']}, {'Internet et bureau': ['Wifi']}, {'Cuisine et salle à manger': ['Cuisine']}, {'Parking et installations': ['Stationnement payant sur place']}, {'Services': ['Arrivée autonome', 'Serrure connectée']}]"
id,url,title,description,overview,items,amenities
1369384619318985530,https://fr.airbnb.com/rooms/1369384619318985530,"Le spot idéal : Patio privé, IPTV & 5G","Emplacement Stratégique, Calme & Connecté📍 <br /><br />Idéalement situé à Ghandi-Riviera, profitez d'un accès inégalé aux grandes artères et au tram , vous plaçant au cœur de l'action.<br /><br />Découvrez les Incontournables de Casablanca 🌳🏟️🛍️ <br /><br />Votre séjour vous offre une proximité immédiate avec les points d'intérêt majeurs :<br /> • Anfa Park : 2,8 km. <br />• Complexe Mohammed V : env. 2 km. <br />• Marché Bab Marrakech : 2,7 km (un marché traditionnel, parfait pour s'immerger dans l'ambiance locale).","Logement entier : appartement - Casablanca, Maroc","['3 voyageurs', '1 chambre', '2 lits', '1\xa0salle de bain']","[{'Vues panoramiques': ['Vue sur la cour']}, {'Salle de bain': ['Produits de nettoyage', 'Shampoing', 'Après-shampoing', 'Savon pour le corps', 'Bidet', 'Eau chaude', 'Gel douche']}, {'Chambre et linge': ['Lave-linge', 'Cintres', 'Linge de lit', 'Stores ou rideaux occultants', 'Fer à repasser', 'Étendoir à linge', 'Espace de rangement pour les vêtements\xa0: placard']}, {'Divertissement': ['Télévision', 'Livres et de quoi lire', 'Cinéma', 'Pièce à thème']}, {'Famille': ['Livres et jouets pour enfants', 'Jeux de société']}, {'Chauffage et climatisation': ['Climatisation', 'Chauffage central']}, {'Internet et bureau': ['Wifi', 'Routeur wifi portable']}, {'Cuisine et salle à manger': ['Cuisine', 'Réfrigérateur', 'Tout le nécessaire pour cuisiner', 'Vaisselle et couverts', 'Congélateur', 'Cuisinière électrique Other', 'Four Simple', 'Bouilloire électrique', 'Cafetière\xa0: machine à expresso', 'Verres à vin', 'Plaques de cuisson', 'Table à manger', 'Café']}, {""Caractéristiques de l'emplacement"": ['Laverie automatique à proximité']}, {'Extérieur': ['Privé\xa0: patio ou balcon', ""Mobilier d'extérieur"", 'Espace repas en plein air', 'Chaises longues']}, {'Parking et installations': ['Stationnement gratuit dans la rue', 'Ascenseur', 'Logement de plain-pied']}, {'Services': ['Animaux acceptés', 'Dépôt de bagages autorisé', 'Séjours longue durée autorisés', 'Arrivée autonome', 'Serrure numérique', 'Service de ménage\xa0: disponible moyennant un supplément']}]"
id,url,description,title,overview,items,amenities
1619871839894335598,https://fr.airbnb.com/rooms/1619871839894335598,"🏠 Studio moderne et élégant au quartier 2 Mars – Casablanca, calme et sécurisé avec Parking Sous-Sol<br /><br />🛋️ Séjour confortable et lumineux<br />🍳 Cuisine américaine équipée<br />🚿 Salle de bain moderne<br />🛏️ Lit double confortable <br />🏢 Immeuble propre<br />🚗 PARKING SOUS-SOL<br /><br />📍 Emplacement idéal :<br />☕ Cafés & commerces<br />🛒 Marjane Market, Bd Abdelmoumen<br />🏥 Proche cliniques & hôpitaux<br />🌆 5 min Maarif, Marina, Corniche<br /><br />✨ Parfait pour séjours touristiques, professionnels ou médicaux.",Cosy Studio | Fibre & Espace Télétravail Autonome,"Logement entier : appartement - Casablanca, Maroc","['4 voyageurs', '1 chambre', '1 lit', '1\xa0salle de bain']","[{'Salle de bain': ['Sèche-cheveux', 'Produits de nettoyage', 'Shampoing', 'Après-shampoing', 'Savon pour le corps', 'Eau chaude', 'Gel douche']}, {'Chambre et linge': ['Lave-linge', 'Produits de base', 'Cintres', 'Linge de lit', 'Oreillers et couvertures supplémentaires', 'Stores ou rideaux occultants', 'Fer à repasser', 'Étendoir à linge', 'Espace de rangement pour les vêtements']}, {'Divertissement': ['Télévision']}, {'Famille': ['Vaisselle pour enfants', 'Caches-prises']}, {'Chauffage et climatisation': ['Climatisation', 'Chauffage']}, {'Sécurité à la maison': ['Détecteur de monoxyde de carbone', 'Extincteur', 'Trousse de premiers secours']}, {'Internet et bureau': ['Wifi', 'Espace de travail dédié']}, {'Cuisine et salle à manger': ['Cuisine', 'Réfrigérateur', 'Tout le nécessaire pour cuisiner', 'Vaisselle et couverts', 'Cuisinière Other', 'Four', 'Bouilloire électrique', 'Cafetière', 'Verres à vin', 'Compacteur de déchets', 'Table à manger', 'Café']}, {""Caractéristiques de l'emplacement"": ['Entrée privée']}, {'Parking et installations': ['Stationnement gratuit sur place', 'Stationnement gratuit dans la rue', 'Ascenseur']}, {'Services': ['Séjours longue durée autorisés', 'Arrivée autonome', 'Serrure connectée']}]"
id,url,description,title,overview,items,amenities
1743650056973401739,https://fr.airbnb.com/rooms/1743650056973401739,"Profitez d’un séjour confortable dans cet appartement spacieux, lumineux et entièrement équipé, situé à proximité de Morocco Mall et sur l’axe menant à Dar Bouazza. Il comprend une chambre élégante, un salon avec deux canapés-lits, une cuisine complète, un balcon aménagé, la climatisation et une Smart TV.<br />Idéal pour un séjour en couple ou pour un déplacement professionnel.","Vue panoramique, Piscine, parking et wifi","Logement entier : appartement en résidence - Nouaceur, Maroc","['2 voyageurs', '1 chambre', '1 lit', '1,5\xa0salles de bain']","[{'Salle de bain': ['Sèche-cheveux', 'Produits de nettoyage', 'Shampoing', 'Après-shampoing', 'Savon pour le corps', 'Eau chaude', 'Gel douche']}, {'Chambre et linge': ['Lave-linge', 'Produits de base', 'Cintres', 'Linge de lit', 'Oreillers et couvertures supplémentaires', 'Stores ou rideaux occultants', 'Fer à repasser', 'Espace de rangement pour les vêtements']}, {'Divertissement': ['Livres et de quoi lire']}, {'Famille': ['Lit parapluie\xa0: disponible sur demande']}, {'Chauffage et climatisation': ['Chauffage']}, {'Sécurité à la maison': ['Caméras de surveillance extérieures présentes sur place', 'Détecteur de fumée']}, {'Internet et bureau': ['Wifi']}, {'Cuisine et salle à manger': ['Cuisine', 'Réfrigérateur', 'Four à micro-ondes', 'Tout le nécessaire pour cuisiner', 'Vaisselle et couverts', 'Congélateur', 'Lave-vaisselle', 'Cuisinière', 'Four', 'Bouilloire électrique', 'Cafetière', 'Verres à vin', 'Grille-pain', 'Blender', 'Cuiseur à riz', 'Ustensiles de barbecue']}, {""Caractéristiques de l'emplacement"": ['Accès à la plage']}, {'Extérieur': [""Mobilier d'extérieur""]}, {'Parking et installations': ['Stationnement gratuit sur place', 'Piscine']}, {'Services': ['Arrivée autonome', 'Boîte à clé sécurisée']}]"
id,url,description,title,overview,items,amenities
1545823201662486557,https://fr.airbnb.com/rooms/1545823201662486557,"Profitez d’un espace élégant au cœur d’un quartier calme et central. Conçu pour votre confort, il allie modernité, praticité et une atmosphère idéale pour se détendre.",Oasis de luxe au cœur de Casablanca,"Logement entier : appartement - Casablanca, Maroc","['3 voyageurs', '1 chambre', '1 lit', '1\xa0salle de bain']","[{'Salle de bain': ['Sèche-cheveux', 'Produits de nettoyage', 'Shampoing', 'Après-shampoing', 'Savon pour le corps', 'Eau chaude', 'Gel douche']}, {'Chambre et linge': ['Lave-linge', 'Cintres', 'Linge de lit', 'Oreillers et couvertures supplémentaires', 'Fer à repasser', 'Étendoir à linge', 'Espace de rangement pour les vêtements\xa0: dressing']}, {'Divertissement': ['Connexion Ethernet', 'TV HD 55\xa0pouces avec Netflix']}, {'Chauffage et climatisation': ['Climatisation', 'Chauffage central']}, {'Sécurité à la maison': ['Caméras de surveillance extérieures présentes sur place', 'Détecteur de monoxyde de carbone']}, {'Internet et bureau': ['Wifi', 'Espace de travail dédié']}, {'Cuisine et salle à manger': ['Cuisine', 'Réfrigérateur', 'Four à micro-ondes', 'Tout le nécessaire pour cuisiner', 'Vaisselle et couverts', 'Congélateur', 'Four double en acier inoxydable', 'Bouilloire électrique', 'Cafetière\xa0: Nespresso', 'Verres à vin', 'Blender', 'Table à manger', 'Machine à pain']}, {""Caractéristiques de l'emplacement"": ['Entrée privée']}, {'Parking et installations': ['Stationnement gratuit sur place', 'Ascenseur']}, {'Services': ['Arrivée autonome', 'Serrure numérique', 'Service de ménage\xa0: disponible moyennant un supplément']}]"
id,url,description,title,overview,items,amenities
1142466971116765469,https://fr.airbnb.com/rooms/1142466971116765469,"Niché dans une villa paisible, ce charmant chalet est parfait pour se ressourcer. À seulement 5 minutes à pied de la plage, il offre également l'accès à une piscine privée.<br />Avec son style rustique et son ambiance chaleureuse, il vous fera sentir comme chez vous. Profitez de la terrasse en bois et alternez entre baignade dans la piscine et balades rafraîchissantes en bord de mer.<br />Ce chalet moderne et convivial est idéal pour des vacances mémorables.",Charmant Chalet calme et moderne à Dar Bouazza ,"Logement entier : cabane - Ben Abid, Maroc","['3 voyageurs', '1 chambre', '1 lit', '1\xa0salle de bain']","[{'Salle de bain': ['Produits de nettoyage', 'Shampoing', 'Eau chaude']}, {'Chambre et linge': ['Produits de base', 'Cintres', 'Linge de lit', 'Étendoir à linge', 'Espace de rangement pour les vêtements\xa0: placard']}, {'Divertissement': ['Télévision', 'Jeux géants']}, {'Famille': ['Caches-prises', 'Jeux de société']}, {'Chauffage et climatisation': ['Climatiseur portable']}, {'Internet et bureau': ['Espace de travail dédié']}, {'Cuisine et salle à manger': ['Cuisine', 'Tout le nécessaire pour cuisiner', 'Mini réfrigérateur', 'Congélateur', 'Four Simple', 'Bouilloire électrique', 'Cafetière\xa0: machine à expresso', 'Compacteur de déchets', 'Table à manger', 'Café']}, {""Caractéristiques de l'emplacement"": ['Accès à la plage']}, {'Extérieur': ['Jardin', ""Mobilier d'extérieur"", 'Espace repas en plein air', 'Chaises longues']}, {'Parking et installations': ['Stationnement gratuit sur place', ""Piscine extérieure privée\xa0: disponible toute l'année, ouverture 24h/24""]}, {'Services': ['Animaux acceptés', 'Séjours longue durée autorisés', ""Clés remises par l'hôte""]}]"
id,url,description,title,overview,items,amenities
1753046546305111648,https://fr.airbnb.com/rooms/1753046546305111648,"Découvrez cette élégante Suite Boutique, idéalement située en plein cœur de Maarif, l’un des quartiers les plus prisés de Casablanca. <br /><br />Un espace neuf, lumineux et chaleureux, au design soigné, pensé pour vous offrir confort et bien-être. Un véritable cocon chic et cosy, parfait pour profiter pleinement de Casablanca.",Élégante Suite Boutique • Design & Confort,"Logement entier : appartement - Casablanca, Maroc","['2 voyageurs', '1 chambre', '1 lit', '1\xa0salle de bain']","[{'Salle de bain': ['Eau chaude']}, {'Chambre et linge': ['Lave-linge', 'Produits de base', 'Cintres', 'Fer à repasser', 'Espace de rangement pour les vêtements\xa0: placard']}, {'Divertissement': ['Télévision']}, {'Chauffage et climatisation': ['Climatisation centrale', 'Chauffage central']}, {'Sécurité à la maison': ['Caméras de surveillance extérieures présentes sur place']}, {'Internet et bureau': ['Wifi']}, {'Cuisine et salle à manger': ['Cuisine']}]"
id,url,description,title,overview,items,amenities
1705233574386095565,https://fr.airbnb.com/rooms/1705233574386095565,"Profitez d'un séjour confortable et paisible dans cet élégant logement, équipé de tout ce dont vous avez besoin pour passer un séjour agréable. Il bénéficie d'un emplacement idéal à proximité des services essentiels et des sites importants, avec une ambiance chaleureuse et une propreté irréprochable qui vous donnent l'impression d'être chez vous. Convient aux personnes seules, aux couples et aux familles à la recherche de confort et de détente.",Le quartier de Limoun est proche de la pharmacie Amwaj de Sidi Rahal,"Logement entier : appartement - Sidi Rahhal Chataï, Maroc","['5 voyageurs', '1 chambre', '1 lit', '1\xa0salle de bain']","[{'Chambre et linge': ['Lave-linge']}, {'Divertissement': ['Télévision']}, {'Sécurité à la maison': ['Caméras de surveillance extérieures présentes sur place']}, {'Internet et bureau': ['Wifi']}, {'Cuisine et salle à manger': ['Cuisine']}, {""Caractéristiques de l'emplacement"": ['Accès à la plage']}, {'Services': ['Logement fumeur']}]"
id,url,title,description,overview,items,amenities
1702775335122430281,https://fr.airbnb.com/rooms/1702775335122430281,"Maarif • Design 1 chambre, balcon et parking","Appartement 1BR design de 63 m² hors balcon à Terre de Lys, entre Maârif et Les Princesses, idéal pour les voyageurs internationaux, les séjours business ou en couple à Casablanca. Profitez d’un salon premium avec Smart TV 82”, d’une chambre séparée, d’une cuisine compacte équipée, d’un balcon aménagé, d’un parking privé au sous-sol et d’une arrivée autonome par serrure connectée. Résidence sécurisée 24/7, Carrefour Market en bas de l’immeuble, cafés et commerces à proximité.","Logement entier : appartement - Casablanca, Maroc","['2 voyageurs', '1 chambre', '1 lit', '1\xa0salle de bain']","[{'Salle de bain': ['Sèche-cheveux', 'Produits de nettoyage', 'Shampoing', 'Savon pour le corps', 'Eau chaude', 'Gel douche']}, {'Chambre et linge': ['Produits de base', 'Cintres', 'Linge de lit', 'Oreillers et couvertures supplémentaires', 'Stores ou rideaux occultants', 'Fer à repasser', 'Étendoir à linge', 'Coffre-fort', 'Espace de rangement pour les vêtements\xa0: placard']}, {'Divertissement': ['Télévision']}, {'Famille': ['Grilles de fenêtre', 'Jeux de société']}, {'Chauffage et climatisation': ['Climatisation', 'Chauffage central']}, {'Sécurité à la maison': ['Caméras de surveillance extérieures présentes sur place', 'Détecteur de fumée', 'Extincteur', 'Trousse de premiers secours']}, {'Internet et bureau': ['Wifi rapide (227\xa0Mbit/s)']}, {'Cuisine et salle à manger': ['Cuisine', 'Tout le nécessaire pour cuisiner', 'Vaisselle et couverts', 'Mini réfrigérateur', 'Cuisinière électrique Teka', 'Four simple en acier inoxydable', 'Bouilloire électrique', 'Cafetière\xa0: Nespresso', 'Verres à vin', 'Grille-pain', 'Blender', 'Table à manger']}, {""Caractéristiques de l'emplacement"": ['Entrée privée']}, {'Extérieur': ['Privé\xa0: patio ou balcon', ""Mobilier d'extérieur""]}, {'Parking et installations': ['Stationnement gratuit sur place', 'Ascenseur', 'Résidence protégée']}, {'Services': ['Logement fumeur', 'Séjours longue durée autorisés', 'Arrivée autonome', 'Serrure connectée', 'Service de ménage disponible de 12:00 à 16:00, tous les jours\xa0: disponible moyennant un supplément']}]"
id,url,title,description,overview,items,amenities
1736342932064747434,https://fr.airbnb.com/rooms/1736342932064747434,Élégante suite d'1 chambre avec balcon | Vue sur le Twin Center,"Bienvenue au Goodmove Apart Hotel, où l'élégance moderne rencontre le confort de qualité hôtelière.<br /><br />Cette suite d'une chambre magnifiquement conçue peut accueillir jusqu'à 4 voyageurs et offre un mélange parfait de style et de fonctionnalité. La chambre dispose d'un lit queen size confortable, tandis que le salon spacieux comprend un canapé-lit, ce qui en fait un choix idéal pour les couples, les familles, les amis ou les voyageurs d'affaires.","Logement entier : appartement - Casablanca, Maroc","['2 voyageurs', '1 chambre', '1 lit', '1\xa0salle de bain']","[{'Salle de bain': ['Sèche-cheveux', 'Produits de nettoyage', 'Shampoing', 'Après-shampoing', 'Savon pour le corps', 'Eau chaude', 'Gel douche']}, {'Chambre et linge': ['Lave-linge', 'Produits de base', 'Cintres', 'Linge de lit', 'Oreillers et couvertures supplémentaires', 'Fer à repasser', 'Étendoir à linge', 'Espace de rangement pour les vêtements']}, {'Divertissement': ['Télévision']}, {'Chauffage et climatisation': ['Climatisation', 'Chauffage']}, {'Internet et bureau': ['Wifi']}, {'Cuisine et salle à manger': ['Cuisine', 'Réfrigérateur', 'Tout le nécessaire pour cuisiner', 'Vaisselle et couverts', 'Cuisinière', 'Four', 'Verres à vin', 'Compacteur de déchets']}, {'Extérieur': ['Patio ou balcon', ""Mobilier d'extérieur""]}, {'Parking et installations': ['Ascenseur']}, {'Services': ['Animaux acceptés']}]"
id,url,description,title,overview,items,amenities
660664447924091093,https://fr.airbnb.com/rooms/660664447924091093,"Appartement charmant et confortable dans le centre-ville, avec parking privé gratuit <br /><br />Trouvez votre bonheur dans notre appartement calme et sûr, là où les rues animées de Casablanca rencontrent le confort de la maison. Il est parfait pour les amis, les familles et les voyages d'affaires. Profitez du charme de la ville avec des journées faciles et des nuits confortables, et créez des souvenirs durables.<br /><br />C'est plus qu'un séjour, c'est le début de votre aventure à Casablanca.","Appartement dans le centre-ville, parking gratuit","Logement entier : appartement - Casablanca, Maroc","['4 voyageurs', '1 chambre', '1 lit', '1\xa0salle de bain']","[{'Salle de bain': ['Sèche-cheveux', 'Produits de nettoyage', 'Shampoing', 'Savon pour le corps', 'Eau chaude', 'Gel douche']}, {'Chambre et linge': ['Lave-linge (Gratuit) dans le logement', 'Produits de base', 'Cintres', 'Oreillers et couvertures supplémentaires', 'Fer à repasser', 'Étendoir à linge', 'Espace de rangement pour les vêtements\xa0: placard']}, {'Divertissement': ['TV HD avec Fire TV, Netflix', 'Livres et de quoi lire']}, {'Famille': ['Lit pour bébé\xa0: toujours dans le logement', 'Livres et jouets pour enfants']}, {'Chauffage et climatisation': ['Climatisation centrale', 'Chauffage central']}, {'Internet et bureau': ['Wifi rapide (226\xa0Mbit/s)', 'Espace de travail dédié']}, {'Cuisine et salle à manger': ['Cuisine', 'Réfrigérateur', 'Four à micro-ondes', 'Tout le nécessaire pour cuisiner', 'Vaisselle et couverts', 'Mini réfrigérateur', 'Congélateur', 'Cuisinière électrique', 'Four en acier inoxydable', 'Bouilloire électrique', 'Cafetière\xa0: Nespresso', 'Grille-pain', 'Blender', 'Compacteur de déchets', 'Table à manger', 'Café']}, {'Parking et installations': ['Stationnement gratuit dans un garage sur place\xa0: 1\xa0place', 'Ascenseur']}, {'Services': ['Séjours longue durée autorisés', 'Arrivée autonome', 'Serrure connectée']}]"
id,url,title,description,overview,items,amenities
1547388516582886675,https://fr.airbnb.com/rooms/1547388516582886675,Séjour élégant avec terrasse et vue sur la ville,"Appartement lumineux avec 2 chambres, 2 salles de bain, un grand séjour et une terrasse avec vue panoramique sans vis-à-vis. Situé à deux pas de la gare Casa Port, avec un train direct depuis l’aéroport et une navette de bus à proximité. À seulement 2 minutes des sites touristiques et historiques de Casablanca. Immeuble sécurisé 24h/24 avec conciergerie 7j/7. Confort, modernité et emplacement idéal pour un séjour parfait.","Logement entier : appartement - Casablanca, Maroc","['4 voyageurs', '2 chambres', '2 lits', '2\xa0salles de bain']","[{'Vues panoramiques': ['Vue sur le jardin']}, {'Salle de bain': ['Sèche-cheveux', 'Produits de nettoyage', 'Shampoing', 'Gel douche']}, {'Chambre et linge': ['Lave-linge', 'Sèche-linge', 'Cintres', 'Linge de lit', 'Stores ou rideaux occultants', 'Fer à repasser', 'Espace de rangement pour les vêtements']}, {'Divertissement': ['Télévision', 'Appareils de fitness']}, {'Chauffage et climatisation': ['Climatisation', 'Chauffage']}, {'Sécurité à la maison': ['Caméras de surveillance extérieures présentes sur place', 'Trousse de premiers secours']}, {'Internet et bureau': ['Wifi', 'Espace de travail dédié']}, {'Cuisine et salle à manger': ['Cuisine', 'Réfrigérateur Teka', 'Tout le nécessaire pour cuisiner', 'Vaisselle et couverts', 'Congélateur', 'Cuisinière électrique Teka', 'Four teka', 'Bouilloire électrique', 'Cafetière', 'Verres à vin', 'Grille-pain', 'Compacteur de déchets', 'Table à manger']}, {'Parking et installations': ['Stationnement gratuit sur place', 'Ascenseur']}, {'Services': ['Dépôt de bagages autorisé', 'Arrivée autonome', ""Personnel de l'immeuble""]}]"
id,url,title,description,overview,items,amenities
1263917545924572882,https://fr.airbnb.com/rooms/1263917545924572882,LH Suites : Élégance & lumière – Les Princesses,"🌿 Bienvenue chez LH Suites – Les Princesses<br />Situé au 2e étage d’un immeuble calme et sécurisé, ce bel appartement de 55 m² vous accueille au cœur du quartier vivant et recherché des Princesses – Maârif.<br />Baigné de lumière, soigneusement aménagé et décoré avec goût, il offre tout le confort nécessaire pour un séjour agréable, que ce soit pour quelques nuits ou plus.<br /><br />🌆 À pied, profitez facilement des restaurants, cafés, commerces et transports du centre de Casablanca.","Logement entier : appartement - Casablanca, Maroc","['2 voyageurs', '1 chambre', '1 lit', '1\xa0salle de bain']","[{'Salle de bain': ['Sèche-cheveux', 'Bidet']}, {'Chambre et linge': ['Lave-linge', 'Sèche-linge', 'Produits de base', 'Cintres', 'Linge de lit', 'Fer à repasser', 'Espace de rangement pour les vêtements\xa0: placard']}, {'Divertissement': ['Connexion Ethernet', 'Télévision']}, {'Famille': ['Lit pour bébé', 'Chaise haute\xa0: toujours dans le logement']}, {'Chauffage et climatisation': ['Climatisation', 'Chauffage']}, {'Sécurité à la maison': ['Détecteur de fumée', 'Extincteur']}, {'Internet et bureau': ['Wifi', 'Espace de travail dédié']}, {'Cuisine et salle à manger': ['Cuisine', 'Réfrigérateur', 'Tout le nécessaire pour cuisiner', 'Vaisselle et couverts', 'Congélateur', 'Four', 'Bouilloire électrique', 'Cafetière\xa0: Nespresso', 'Verres à vin', 'Cuiseur à riz', 'Compacteur de déchets', 'Table à manger', 'Café', 'Machine à pain']}, {'Extérieur': ['Espace repas en plein air', 'Barbecue']}, {'Parking et installations': ['Stationnement gratuit sur place', 'Ascenseur']}, {'Services': ['Animaux acceptés', 'Séjours longue durée autorisés', 'Arrivée autonome', ""Personnel de l'immeuble"", 'Ménage disponible pendant le séjour']}]"
id,url,title,description,overview,items,amenities
1701349478093097371,https://fr.airbnb.com/rooms/1701349478093097371,"Appartement à casabay Sidi Rahal,4 piscines &plage","Séjournez à Kettani Casabay à Sidi Rahal dans un appartement moderne, spacieux et lumineux, parfait pour familles, amis ou couples. Profitez des 4 piscines privées, des espaces verts aménagés, de l’aire de jeux pour enfants, de la résidence sécurisée avec parking gratuit et de l’accès direct à une plage privée avec Un chiringuito ,des animations pour enfants et adultes, et de nombreuses activités nautiques vous attendent. Confort, sécurité et ambiance relaxante garantis pour un séjour mémorable.","Logement entier : appartement - Sidi Rahhal Chataï, Maroc","['6 voyageurs', '2 chambres', '3 lits', '2\xa0salles de bain']","[{'Vues panoramiques': ['Vue sur la piscine', 'Vue sur le jardin', 'Vue sur le parc']}, {'Salle de bain': ['Sèche-cheveux', 'Produits de nettoyage', 'Shampoing', 'Savon pour le corps Bain douche', 'Bidet', 'Douche extérieure', 'Eau chaude', 'Gel douche']}, {'Chambre et linge': ['Lave-linge', 'Cintres', 'Linge de lit', 'Oreillers et couvertures supplémentaires', 'Stores ou rideaux occultants', 'Fer à repasser', 'Étendoir à linge', 'Coffre-fort', 'Espace de rangement pour les vêtements\xa0: placard']}, {'Divertissement': ['Connexion Ethernet', 'TV HD 65\xa0pouces avec télévision par câble haut de gamme, Chromecast, Amazon Prime Video, Apple\xa0TV, Disney+, Fire TV, HBO Max, Hulu, Netflix, Roku, abonnement standard au câble', 'Système audio avec Bluetooth et sorties auxiliaires']}, {'Famille': ['Livres et jouets pour enfants  (Entre 2 et 5\xa0ans)', 'Vaisselle pour enfants', 'Jeux de société', 'Aire de jeux extérieure']}, {'Chauffage et climatisation': ['Ventilateurs portables']}, {'Sécurité à la maison': ['Caméras de surveillance extérieures présentes sur place', 'Détecteur de fumée', 'Extincteur', 'Trousse de premiers secours']}, {'Internet et bureau': ['Wifi', 'Espace de travail dédié', 'Routeur wifi portable']}, {'Cuisine et salle à manger': ['Cuisine', 'Réfrigérateur Bosh', 'Tout le nécessaire pour cuisiner', 'Vaisselle et couverts', 'Congélateur', 'Cuisinière électrique Other', 'Four Simple', 'Bouilloire électrique', 'Grille-pain', 'Plaques de cuisson', 'Blender', 'Cuiseur à riz', 'Compacteur de déchets', 'Ustensiles de barbecue', 'Table à manger', 'Café', 'Machine à pain']}, {""Caractéristiques de l'emplacement"": [""Au bord de l'eau"", 'Accès privé à la plage\xa0– Bord de mer', 'Entrée privée']}, {'Extérieur': ['Arrière-cour partagée – Clôture intégrale', ""Mobilier d'extérieur"", 'Espace repas en plein air', 'Barbecue privé\xa0: au charbon de bois', 'Articles essentiels pour la plage', 'Chaises longues']}, {'Parking et installations': ['Stationnement gratuit sur place', 'Stationnement gratuit dans la rue', 'Piscine', 'Résidence protégée']}, {'Services': ['Séjours longue durée autorisés', 'Arrivée autonome', 'Serrure numérique', 'Service de ménage disponible de 10:00 à 18:00, 2\xa0jours par semaine\xa0: disponible moyennant un supplément']}]"
id,url,title,description,overview,items,amenities
1651998871390096253,https://fr.airbnb.com/rooms/1651998871390096253,Joli et moderne studio près de la gare TGV,"✨ Studio moderne & cosy au cœur de Casablanca – Boulevard Émile Zola<br />🚆 À 1 min du TGV Casa Voyageurs | 🚋 Tramway juste en face<br />🌇 Proche du quartier Centre-Ville & Maarif<br />🚗 Parking inclus | 🌿 Calme & lumineux | ☀️ Balcon privé<br />📺 Netflix/IPTV | 📶 Wifi rapide fibre | ❄️ Clim centrale<br />💼 Espace de travail | 🎁 Pack de bienvenue offert<br />Idéal pour 1 à 3 voyageurs – séjour professionnel, escapade en couple ou télétravail.<br />Réservez votre parenthèse urbaine à Casablanca ! 🌟","Logement entier : appartement - Casablanca, Maroc","['3 voyageurs', 'Studio', '2 lits', '0\xa0salle de bain']","[{'Salle de bain': ['Sèche-cheveux', 'Produits de nettoyage', 'Eau chaude']}, {'Chambre et linge': ['Lave-linge', 'Cintres', 'Linge de lit', 'Oreillers et couvertures supplémentaires', 'Fer à repasser', 'Étendoir à linge', 'Espace de rangement pour les vêtements']}, {'Divertissement': ['Télévision']}, {'Chauffage et climatisation': ['Climatisation', 'Chauffage']}, {'Sécurité à la maison': ['Caméras de surveillance extérieures présentes sur place']}, {'Internet et bureau': ['Wifi']}, {'Cuisine et salle à manger': ['Cuisine', 'Réfrigérateur', 'Four à micro-ondes', 'Tout le nécessaire pour cuisiner', 'Vaisselle et couverts', 'Four', 'Cafetière', 'Verres à vin', 'Plaques de cuisson', 'Table à manger', 'Café']}, {""Caractéristiques de l'emplacement"": ['Entrée privée']}, {'Extérieur': ['Espace repas en plein air']}, {'Parking et installations': ['Stationnement gratuit sur place', ""Stationnement payant à l'extérieur de la propriété""]}, {'Services': ['Séjours longue durée autorisés']}]"
id,url,title,description,overview,items,amenities
1268867186807280524,https://fr.airbnb.com/rooms/1268867186807280524,Charmant studio avec vue mer,"Bienvenue dans ce charmant studio face à la mer, où détente et beauté se rencontrent. Profitez d'un balcon offrant une vue imprenable sur l'océan et un magnifique jardin, parfait pour savourer votre café au matin, bercé par le chant des oiseaux. À l'intérieur, une cheminée chaleureuse vous attend pour des soirées romantiques ou des moments conviviaux entre amis. Que vous cherchiez à vous ressourcer ou à explorer, ce refuge est l'endroit idéal pour créer des souvenirs inoubliables.","Logement entier : appartement - Tamaris, Maroc","['3 voyageurs', '1 chambre', '1 lit', '1\xa0salle de bain']","[{'Vues panoramiques': ['Vue sur la plage', 'Vue sur le jardin', ""Vue sur l'océan"", 'Vue sur la mer']}, {'Salle de bain': ['Sèche-cheveux', 'Eau chaude', 'Gel douche']}, {'Chambre et linge': ['Linge de lit', 'Stores ou rideaux occultants', 'Espace de rangement pour les vêtements\xa0: placard']}, {'Divertissement': ['Connexion Ethernet', 'TV HD 55\xa0pouces avec Netflix']}, {'Chauffage et climatisation': ['Climatisation centrale', 'Cheminée', 'Chauffage']}, {'Internet et bureau': ['Wifi']}, {'Cuisine et salle à manger': ['Cuisine', 'Réfrigérateur', 'Tout le nécessaire pour cuisiner', 'Vaisselle et couverts', 'Congélateur', 'Cuisinière à gaz Other', 'Four', 'Cafetière\xa0: machine à expresso', 'Verres à vin', 'Café']}, {""Caractéristiques de l'emplacement"": [""Au bord de l'eau"", 'Accès à la plage', 'Entrée privée', 'Accès au complexe hôtelier']}, {'Extérieur': ['Privé\xa0: patio ou balcon', ""Mobilier d'extérieur"", 'Espace repas en plein air']}, {'Parking et installations': ['Stationnement gratuit dans la rue']}, {'Services': ['Animaux acceptés', 'Logement fumeur', 'Séjours longue durée autorisés', 'Arrivée autonome', 'Serrure connectée', 'Service de ménage disponible 24\xa0heures, tous les jours\xa0: disponible moyennant un supplément']}]"
id,url,description,title,overview,items,amenities
1424852167796355371,https://fr.airbnb.com/rooms/1424852167796355371,"Découvrez notre logement unique en plein cœur de Casablanca. La résidence Solstice est neuve et bien sécurisée avec caméras 24/24h à l’entrée. Bien située en face du marché, à 5min à pieds de la mosquée Hassan II et de la Corniche, 3min de l’hôpital... Appartement neuf et moderne avec chambre, salon, table à manger, cuisine, salle de bain et balcon tout équipés. Ménage assuré avant et après votre visite pour vous proposer un logement accueillant et élégant, de quoi passer un agréable séjour! ☀️","Solstice 32
Studio premium ensoleillé près de la mosquée Hassan II","Logement entier : appartement - Casablanca, Maroc","['3 voyageurs', '1 chambre', '2 lits', '1\xa0salle de bain']","[{'Salle de bain': ['Sèche-cheveux', 'Produits de nettoyage', 'Eau chaude']}, {'Chambre et linge': ['Lave-linge', 'Cintres', 'Linge de lit', 'Stores ou rideaux occultants', 'Fer à repasser', 'Étendoir à linge', 'Espace de rangement pour les vêtements']}, {'Divertissement': ['Télévision', 'Système audio']}, {'Chauffage et climatisation': ['Climatisation', 'Chauffage']}, {'Sécurité à la maison': ['Détecteur de fumée']}, {'Internet et bureau': ['Wifi', 'Espace de travail dédié', 'Routeur wifi portable']}, {'Cuisine et salle à manger': ['Cuisine', 'Réfrigérateur', 'Tout le nécessaire pour cuisiner', 'Vaisselle et couverts', 'Congélateur', 'Cuisinière', 'Four', 'Bouilloire électrique', 'Cafetière\xa0: Nespresso', 'Plaques de cuisson', 'Table à manger', 'Café']}, {""Caractéristiques de l'emplacement"": ['Entrée privée']}, {'Parking et installations': ['Stationnement gratuit dans la rue', 'Ascenseur', ""Stationnement payant à l'extérieur de la propriété""]}, {'Services': ['Animaux acceptés', 'Séjours longue durée autorisés', 'Arrivée autonome', 'Boîte à clé sécurisée', 'Ménage disponible pendant le séjour']}]"
id,url,title,description,overview,items,amenities
1746633270893936881,https://fr.airbnb.com/rooms/1746633270893936881,3CH Vue Mer-2 Piscine | Autonome•Netflix•Wi-Fi,"🌊 Appartement moderne 3 chambres avec vue mer dans une résidence sécurisée.<br /><br />– 🛏️ 2 lits Queen + 2 lits simples<br />– 🛁 2 salles de bain (douche à l’italienne & baignoire)<br />– 🍳 Cuisine entièrement équipée<br />– 🛋️ Salon avec TV 65”, Netflix & Wi-Fi Fibre<br />– 🍽️ Salle à manger 6 places<br />– 🌅 Grande terrasse avec vue mer<br />– 🏊 2 piscines (adultes & enfants)<br />– 🚗 Parking gratuit","Logement entier : appartement - Mohammédia, Maroc","['7 voyageurs', '3 chambres', '4 lits', '2\xa0salles de bain']","[{'Salle de bain': ['Baignoire', 'Sèche-cheveux', 'Produits de nettoyage', 'Shampoing', 'Après-shampoing', 'Savon pour le corps', 'Bidet', 'Eau chaude', 'Gel douche']}, {'Chambre et linge': ['Lave-linge', 'Produits de base', 'Cintres', 'Linge de lit', 'Oreillers et couvertures supplémentaires', 'Stores ou rideaux occultants', 'Fer à repasser', 'Étendoir à linge', 'Espace de rangement pour les vêtements']}, {'Divertissement': ['Connexion Ethernet', 'Télévision']}, {'Famille': ['Vaisselle pour enfants', 'Caches-prises']}, {'Chauffage et climatisation': ['Climatisation', 'Chauffage']}, {'Sécurité à la maison': ['Détecteur de fumée', 'Détecteur de monoxyde de carbone', 'Extincteur']}, {'Internet et bureau': ['Wifi']}, {'Cuisine et salle à manger': ['Cuisine', 'Réfrigérateur', 'Tout le nécessaire pour cuisiner', 'Vaisselle et couverts', 'Congélateur', 'Cuisinière Other', 'Four', 'Bouilloire électrique', 'Cafetière', 'Verres à vin', 'Blender', 'Compacteur de déchets', 'Table à manger', 'Café']}, {""Caractéristiques de l'emplacement"": ['Accès à la plage', 'Entrée privée']}, {'Parking et installations': ['Stationnement gratuit sur place', 'Piscine', 'Ascenseur', 'Portier', 'Résidence protégée']}, {'Services': ['Séjours longue durée autorisés']}]"
id,url,title,description,overview,items,amenities
1044686695357255527,https://fr.airbnb.com/rooms/1044686695357255527,"Perla 403, une Oasis luxueuse au coeur de CASA !","Perla 403 💎 , un havre de paix où l'élégance d'une résidence moderne s'allie au confort des hôtels 5* en plein cœur de Casablanca !<br /><br />Relaxez-vous dans un salon spacieux au design moderne, équipé d'une Smart TV 55’ avec Netflix et IPTV pour des soirées de détente absolue. La chambre, véritable nid douillet, vous promet des nuits paisibles et réparatrices ☁️<br /><br />Depuis votre balcon privé, admirez les splendides couchers de soleil sur la ville, rendant chaque moment de votre séjour inoubliable ! ✨","Logement entier : appartement - Casablanca, Maroc","['4 voyageurs', '1 chambre', '1 lit', '1\xa0salle de bain']","[{'Vues panoramiques': ['Vue sur le port', 'Vue sur la mer']}, {'Salle de bain': ['Sèche-cheveux', 'Produits de nettoyage', 'Shampoing', 'Savon pour le corps', 'Eau chaude', 'Gel douche']}, {'Chambre et linge': ['Lave-linge (Gratuit) dans le bâtiment', 'Sèche-linge (Gratuit) dans le bâtiment', 'Produits de base', 'Cintres', 'Linge de lit', 'Oreillers et couvertures supplémentaires', 'Stores ou rideaux occultants', 'Fer à repasser', 'Étendoir à linge', 'Espace de rangement pour les vêtements']}, {'Divertissement': ['Connexion Ethernet', 'Télévision', 'Appareils de fitness', 'Livres et de quoi lire']}, {'Famille': ['Lit pour bébé\xa0: disponible sur demande', 'Jeux de société']}, {'Chauffage et climatisation': ['Climatisation', 'Cheminée', 'Chauffage']}, {'Sécurité à la maison': ['Trousse de premiers secours']}, {'Internet et bureau': ['Wifi', 'Espace de travail dédié']}, {'Cuisine et salle à manger': ['Cuisine', 'Réfrigérateur', 'Four à micro-ondes', 'Tout le nécessaire pour cuisiner', 'Vaisselle et couverts', 'Congélateur', 'Four', 'Bouilloire électrique', 'Cafetière\xa0: Nespresso', 'Verres à vin', 'Grille-pain', 'Plaques de cuisson', 'Blender', 'Table à manger', 'Café']}, {'Extérieur': ['Patio ou balcon', 'Espace repas en plein air']}, {'Parking et installations': ['Stationnement gratuit sur place', 'Ascenseur', 'Salle de sport privée dans le bâtiment', 'Stationnement payant dans un garage non résidentiel']}, {'Services': ['Dépôt de bagages autorisé', 'Logement fumeur', 'Séjours longue durée autorisés', 'Arrivée autonome', 'Serrure numérique', 'Ménage disponible pendant le séjour']}]"
id,url,title,description,overview,items,amenities
1684173751905252422,https://fr.airbnb.com/rooms/1684173751905252422,"""Appart vue mer, terrasse, piscine, plage à pied""","Bienvenue dans ce bel appartement de 88m2, entierement meuble et decore avec soin, avec une terrasse offrant une vue degagee sur l'ocean. Ideal pour un sejour en famille ou entre amis : 2 chambres confortables, 2 televisions, acces a pied a la plage, deux piscines dans la residence securisee, place de parking souterraine incluse et salle de sport a proximite. Un cadre calme et agreable, a quelques minutes des commerces. Wifi fiable disponible sur place. Au plaisir de vous accueillir !","Logement entier : appartement - El Mansouria, Maroc","['4 voyageurs', '2 chambres', '3 lits', '2\xa0salles de bain']","[{'Salle de bain': ['Sèche-cheveux', 'Shampoing', 'Eau chaude']}, {'Chambre et linge': ['Lave-linge', 'Produits de base', 'Cintres', 'Fer à repasser']}, {'Divertissement': ['Télévision']}, {'Famille': ['Lit pour bébé']}, {'Chauffage et climatisation': ['Climatisation', 'Chauffage']}, {'Internet et bureau': ['Wifi', 'Espace de travail dédié']}, {'Cuisine et salle à manger': ['Cuisine', 'Réfrigérateur', 'Cafetière']}, {""Caractéristiques de l'emplacement"": ['Accès à la plage']}, {'Extérieur': [""Mobilier d'extérieur""]}, {'Parking et installations': ['Stationnement gratuit sur place', 'Piscine']}, {'Services': [""Clés remises par l'hôte""]}]"
id,url,title,description,overview,items,amenities
1201475967976177212,https://fr.airbnb.com/rooms/1201475967976177212,Rez de jardin avec piscine privée,"C'est un appartement en rez de jardin avec une piscine privée , un intérieur ouvert et ensoleillé avec une vue sur le jardin et la piscine , une grande terrasse aussi  ,une cuisine bien équipée , 2 télévision 55 pouces et une de 32 pouces avec iptv et compte Netflix. C'est un logement familial qui se situe dans une residence privée (sun square tranche 2 ) avec des espaces verts et des piscines collectives et vous bénéficiez d'une place au garage .","Logement entier : appartement - Tamaris, Maroc","['6 voyageurs', '3 chambres', '2 lits', '2\xa0salles de bain']","[{'Salle de bain': ['Produits de nettoyage', 'Bidet', 'Eau chaude']}, {'Chambre et linge': ['Lave-linge', 'Cintres', 'Linge de lit', 'Oreillers et couvertures supplémentaires', 'Étendoir à linge', 'Espace de rangement pour les vêtements\xa0: dressing']}, {'Divertissement': ['Télévision']}, {'Chauffage et climatisation': ['Climatisation', 'Cheminée', ""Chauffage d'appoint""]}, {'Sécurité à la maison': ['Caméras de surveillance extérieures présentes sur place']}, {'Internet et bureau': ['Wifi']}, {'Cuisine et salle à manger': ['Cuisine', 'Réfrigérateur Samsung', 'Four à micro-ondes', 'Tout le nécessaire pour cuisiner', 'Vaisselle et couverts', 'Mini réfrigérateur', 'Congélateur', 'Lave-vaisselle', 'Four en acier inoxydable', 'Bouilloire électrique', 'Cafetière\xa0: machine à expresso', 'Grille-pain', 'Blender', 'Ustensiles de barbecue', 'Table à manger', 'Café', 'Machine à pain']}, {""Caractéristiques de l'emplacement"": ['Laverie automatique à proximité']}, {'Extérieur': [""Mobilier d'extérieur"", 'Espace repas en plein air', 'Barbecue privé\xa0: au charbon de bois']}, {'Parking et installations': ['Stationnement gratuit sur place', 'Stationnement gratuit dans la rue', 'Piscine', 'Ascenseur', 'Logement de plain-pied']}, {'Services': ['Animaux acceptés', 'Séjours longue durée autorisés', 'Service de ménage\xa0: disponible moyennant un supplément', ""Clés remises par l'hôte""]}]"
id,url,title,description,overview,items,amenities
1620086947873313695,https://fr.airbnb.com/rooms/1620086947873313695,"Studio C306 
Haut Standing - CFC 
Beau Living Park","✨ UNE ADRESSE D’EXCEPTION<br />Vivez l’expérience CFC dans un appartement moderne d’une résidence neuve de haut standing. Rooftop panoramique 🌇, coworking 💼, buanderie 🧺 et prestations premium. À deux pas du boulevard Sidi Abderrahmane, tramway et busway. Luxe, confort et emplacement stratégique pour un séjour inoubliable ✨. Réservez dès maintenant.","Logement entier : appartement - Casablanca, Maroc","['4 voyageurs', '1 chambre', '2 lits', '1\xa0salle de bain']","[{'Salle de bain': ['Sèche-cheveux', 'Produits de nettoyage', 'Douche extérieure', 'Eau chaude']}, {'Chambre et linge': ['Lave-linge', 'Sèche-linge (Gratuit) dans le bâtiment', 'Produits de base', 'Cintres', 'Linge de lit', 'Stores ou rideaux occultants', 'Fer à repasser', 'Étendoir à linge']}, {'Divertissement': ['Connexion Ethernet', 'Télévision', ""Appareils de fitness\xa0: vélo elliptique, poids et haltères, vélo d'appartement, tapis de course, tapis de yoga, banc de musculation, aviron""]}, {'Famille': ['Lit parapluie\xa0: disponible sur demande', 'Grilles de fenêtre']}, {'Chauffage et climatisation': ['Climatisation centrale', 'Chauffage central']}, {'Sécurité à la maison': ['Détecteur de monoxyde de carbone']}, {'Internet et bureau': ['Wifi', 'Espace de travail dédié']}, {'Cuisine et salle à manger': ['Cuisine', 'Réfrigérateur', 'Four à micro-ondes', 'Tout le nécessaire pour cuisiner', 'Vaisselle et couverts', 'Congélateur', 'Cuisinière à induction Other', 'Four simple en acier inoxydable', 'Bouilloire électrique', 'Table à manger', 'Café']}, {""Caractéristiques de l'emplacement"": ['Entrée privée', 'Laverie automatique à proximité']}, {'Extérieur': ['Arrière-cour partagée – Clôture intégrale']}, {'Parking et installations': ['Stationnement gratuit sur place', 'Stationnement gratuit dans la rue', 'Ascenseur', 'Salle de sport partagée dans le bâtiment']}, {'Services': ['Animaux acceptés', 'Dépôt de bagages autorisé', 'Logement fumeur', 'Séjours longue durée autorisés', 'Arrivée autonome', 'Serrure connectée']}]"
id,url,title,description,overview,items,amenities
1647874092411317952,https://fr.airbnb.com/rooms/1647874092411317952,Fabuleux Studio Palmier | Terrasse & Parking,"Studio haut standing au cœur du quartier Palmier à Casablanca. Profitez d’une terrasse privée sans vis-à-vis, d’un parking sécurisé gratuit et d’une arrivée autonome 24h/24. Le logement comprend une suite parentale, une cuisine entièrement équipée, un salon élégant avec Smart TV et Wi-Fi haut débit. À seulement 80 m du tramway, à proximité immédiate des restaurants, commerces, centres d’affaires et attractions de la ville.","Logement entier : appartement - Casablanca, Maroc","['3 voyageurs', '1 chambre', '3 lits', '1\xa0salle de bain']","[{'Salle de bain': ['Sèche-cheveux', 'Produits de nettoyage', 'Eau chaude']}, {'Chambre et linge': ['Lave-linge', 'Produits de base', 'Cintres', 'Linge de lit', 'Oreillers et couvertures supplémentaires', 'Stores ou rideaux occultants', 'Fer à repasser', 'Espace de rangement pour les vêtements\xa0: placard']}, {'Divertissement': ['Connexion Ethernet', 'Télévision']}, {'Famille': ['Table à langer\xa0: toujours dans le logement']}, {'Chauffage et climatisation': ['Climatisation', 'Ventilateur au plafond', 'Chauffage central']}, {'Sécurité à la maison': ['Caméras de surveillance extérieures présentes sur place']}, {'Internet et bureau': ['Wifi', 'Espace de travail dédié']}, {'Cuisine et salle à manger': ['Cuisine', 'Réfrigérateur Candy', 'Four à micro-ondes', 'Tout le nécessaire pour cuisiner', 'Vaisselle et couverts', 'Congélateur', 'Cuisinière à gaz Other en acier inoxydable', 'Four', 'Bouilloire électrique', 'Cafetière', 'Table à manger', 'Café']}, {""Caractéristiques de l'emplacement"": ['Entrée privée', 'Laverie automatique à proximité']}, {'Extérieur': ['Espace repas en plein air']}, {'Parking et installations': ['Stationnement gratuit sur place', 'Stationnement gratuit dans la rue', 'Ascenseur']}, {'Services': ['Animaux acceptés', 'Logement fumeur', 'Séjours longue durée autorisés', 'Arrivée autonome', 'Serrure connectée']}]"
id,url,title,description,overview,items,amenities
1503555927027527370,https://fr.airbnb.com/rooms/1503555927027527370,"Escapade paisible dans l'oasis, PS5 + bureau et fibre","Appartement moderne et confortable dans le quartier calme de l'Oasis de Casablanca. Profitez d'un accès rapide au centre-ville, aux magasins, aux restaurants et aux transports tout en restant dans un quartier sûr et paisible. L'appartement dispose d'une cuisine entièrement équipée, d'une chambre confortable, d'un salon, d'un balcon et d'une connexion Wi-Fi rapide, parfaite pour les séjours professionnels ou de loisirs.","Logement entier : appartement - Casablanca, Maroc","['2 voyageurs', '1 chambre', '1 lit', '1\xa0salle de bain']","[{'Salle de bain': ['Sèche-cheveux', 'Produits de nettoyage', 'Shampoing', 'Après-shampoing', 'Savon pour le corps', 'Bidet', 'Eau chaude', 'Gel douche']}, {'Chambre et linge': ['Lave-linge', 'Sèche-linge (Gratuit) dans le bâtiment', 'Cintres', 'Linge de lit', 'Stores ou rideaux occultants', 'Fer à repasser', 'Étendoir à linge', 'Espace de rangement pour les vêtements\xa0: placard']}, {'Divertissement': ['Connexion Ethernet', 'Télévision', 'Console de jeu\xa0: PS5', 'Appareils de fitness', 'Livres et de quoi lire']}, {'Chauffage et climatisation': ['Climatisation', 'Chauffage']}, {'Sécurité à la maison': ['Caméras de surveillance extérieures présentes sur place', 'Détecteur de fumée', 'Détecteur de monoxyde de carbone']}, {'Internet et bureau': ['Wifi', 'Espace de travail dédié']}, {'Cuisine et salle à manger': ['Cuisine', 'Réfrigérateur', 'Four à micro-ondes', 'Tout le nécessaire pour cuisiner', 'Vaisselle et couverts', 'Congélateur', 'Cuisinière', 'Bouilloire électrique', 'Cafetière', 'Verres à vin', 'Grille-pain', 'Blender', 'Table à manger', 'Café']}, {'Parking et installations': ['Stationnement gratuit sur place', 'Ascenseur', 'Salle de sport']}, {'Services': ['Animaux acceptés', 'Dépôt de bagages autorisé', 'Arrivée autonome', ""Personnel de l'immeuble""]}]"
id,url,title,description,overview,items,amenities
1265411759391425871,https://fr.airbnb.com/rooms/1265411759391425871,Maison Mers Sultan,Joli appartement spacieux aéré endroit calme au centre de casablanca avec 2 chambres et un salon 2 grandes terrasses avec une place de parking au 5ème etage avec ascenseur sans vis a vis pas très loin a l'ancienne médina juste à coté il ya le supermarché.                     Loin de station tramway 5min mc donalds église catholique notre-dame de lourdes habbous,"Logement entier : appartement - Casablanca, Maroc","['4 voyageurs', '2 chambres', '3 lits', '1\xa0salle de bain']","[{'Chambre et linge': ['Lave-linge']}, {'Divertissement': ['Télévision']}, {'Internet et bureau': ['Wifi']}, {'Cuisine et salle à manger': ['Cuisine']}, {'Parking et installations': ['Stationnement gratuit sur place', 'Stationnement payant sur place']}, {'Services': [""Clés remises par l'hôte""]}]"
id,url,description,title,overview,items,amenities
1500262188673253861,https://fr.airbnb.com/rooms/1500262188673253861,"✨  Profitez de notre studio moderne, confortable et luxueux, idéal pour les couples 💑, les amis 👭 ou les voyageurs en déplacement professionnel.<br /><br />🌟 Emplacement Idéal :<br />Studio romantique au cœur de Bourgogne Casablanca, proche des Mosquée Hassan 2 ,Marina , Saqala , Marjane…<br /><br />🛋 Espace Confortable :<br />Salon lumineux avec patio, cuisine américaine équipée, chambre avec Belle terrasse.<br /><br />❤️ Parfait pour les Couples :<br />Séjour intime et cosy , Wi-Fi rapide et climatisation, idéal pour moments 💕",Studio moderne –Bourgogne proche Mosquée Hassan II,"Logement entier : appartement - Casablanca, Maroc","['4 voyageurs', '1 chambre', '1 lit', '1\xa0salle de bain']","[{'Salle de bain': ['Produits de nettoyage', 'Shampoing', 'Après-shampoing', 'Savon pour le corps', 'Bidet', 'Eau chaude', 'Gel douche']}, {'Chambre et linge': ['Lave-linge', 'Sèche-linge', 'Produits de base', 'Cintres', 'Linge de lit', 'Oreillers et couvertures supplémentaires', 'Stores ou rideaux occultants', 'Fer à repasser', 'Espace de rangement pour les vêtements']}, {'Divertissement': ['Connexion Ethernet', 'Télévision']}, {'Famille': ['Vaisselle pour enfants', 'Grilles de fenêtre', 'Jeux de société']}, {'Chauffage et climatisation': ['Climatisation', 'Chauffage']}, {'Internet et bureau': ['Wifi']}, {'Cuisine et salle à manger': ['Cuisine', 'Réfrigérateur', 'Tout le nécessaire pour cuisiner', 'Vaisselle et couverts', 'Congélateur', 'Cuisinière Other', 'Four', 'Bouilloire électrique', 'Cafetière']}, {""Caractéristiques de l'emplacement"": ['Entrée privée']}, {'Parking et installations': ['Stationnement gratuit dans la rue']}, {'Services': ['Arrivée autonome', 'Serrure numérique']}]"
id,url,title,description,overview,items,amenities
1731882201065448000,https://fr.airbnb.com/rooms/1731882201065448000,Studio design | Vue panoramique et art - 5 min du CFC,Et si votre séjour à Casablanca devenait bien plus qu’un simple passage… une véritable expérience ?,"Logement entier : appartement - Casablanca, Maroc","['3 voyageurs', '1 chambre', '1 lit', '1\xa0salle de bain']","[{'Salle de bain': ['Sèche-cheveux', 'Produits de nettoyage', 'Shampoing', 'Savon pour le corps', 'Eau chaude', 'Gel douche']}, {'Chambre et linge': ['Lave-linge (Gratuit) dans le logement', 'Produits de base', 'Cintres', 'Linge de lit', 'Oreillers et couvertures supplémentaires', 'Stores ou rideaux occultants', 'Fer à repasser', 'Étendoir à linge', 'Espace de rangement pour les vêtements\xa0: placard']}, {'Divertissement': ['Connexion Ethernet', 'TV HD 55\xa0pouces avec Disney+, Netflix', 'Livres et de quoi lire']}, {'Famille': ['Chaise haute de type siège de table']}, {'Chauffage et climatisation': ['Climatisation centrale', 'Cheminée ou poêle (intérieur)\xa0: électrique', 'Ventilateur au plafond', 'Chauffage central']}, {'Sécurité à la maison': ['Trousse de premiers secours']}, {'Internet et bureau': ['Wifi', 'Espace de travail dédié']}, {'Cuisine et salle à manger': ['Cuisine', 'Réfrigérateur', 'Tout le nécessaire pour cuisiner', 'Vaisselle et couverts', 'Congélateur', 'Cuisinière électrique Other', 'Four Double', 'Bouilloire électrique', 'Cafetière\xa0: Nespresso', 'Verres à vin', 'Grille-pain', 'Blender', 'Table à manger', 'Café']}, {'Extérieur': ['Privé\xa0: patio ou balcon', ""Mobilier d'extérieur""]}, {'Parking et installations': ['Stationnement gratuit dans un garage sur place\xa0: 1\xa0place', 'Stationnement gratuit dans la rue', 'Ascenseur']}, {'Services': ['Arrivée autonome', 'Serrure numérique', 'Service de ménage disponible de 16:00 à 18:00, tous les jours\xa0: disponible moyennant un supplément']}]"
id,url,title,description,overview,items,amenities
1739161878352345996,https://fr.airbnb.com/rooms/1739161878352345996,Appart El Mansouria village balnéaire Al Kawtar,Ce logement paisible offre un séjour détente pour toute la famille.,"Logement entier : appartement - Mohammédia, Maroc","['5 voyageurs', '2 chambres', '4 lits', '1\xa0salle de bain']","[{'Salle de bain': ['Sèche-cheveux', 'Produits de nettoyage', 'Douche extérieure', 'Eau chaude']}, {'Chambre et linge': ['Lave-linge\xa0: dans le logement', 'Cintres', 'Linge de lit', 'Fer à repasser', 'Étendoir à linge', 'Moustiquaire', 'Espace de rangement pour les vêtements\xa0: placard et armoire']}, {'Divertissement': ['TV HD 45\xa0pouces']}, {'Famille': ['Aire de jeux extérieure']}, {'Chauffage et climatisation': ['Climatisation centrale', 'Ventilateur au plafond', 'Chauffage\xa0: système split sans évacuation']}, {'Sécurité à la maison': ['Caméras de surveillance extérieures présentes sur place', 'Détecteur de fumée', 'Trousse de premiers secours']}, {'Internet et bureau': ['Wifi']}, {'Cuisine et salle à manger': ['Cuisine', 'Réfrigérateur', 'Four à micro-ondes', 'Tout le nécessaire pour cuisiner', 'Vaisselle et couverts', 'Congélateur', 'Lave-vaisselle', 'Cuisinière', 'Four', 'Bouilloire électrique', 'Cafetière', 'Plaques de cuisson', 'Blender', 'Table à manger']}, {""Caractéristiques de l'emplacement"": [""Au bord de l'eau"", 'Accès à la plage', 'Accès au complexe hôtelier']}, {'Extérieur': ['Privé\xa0: patio ou balcon', 'Arrière-cour partagée', 'Espace repas en plein air']}, {'Parking et installations': ['Stationnement gratuit sur place', 'Stationnement gratuit dans la rue', 'Piscine', 'Ascenseur', 'Résidence protégée']}, {'Services': ['Séjours longue durée autorisés']}]"
id,url,description,title,overview,items,amenities
1547353197052687005,https://fr.airbnb.com/rooms/1547353197052687005,"Appartement lumineux et moderne, parfait pour couples, familles ou petits groupes (jusqu’à 4 personnes). Profitez de 2 chambres, 2 salles de bain et d’un séjour spacieux ouvert sur une grande terrasse avec vue panoramique, idéale pour se détendre. Emplacement premium au cœur de Casablanca, à deux pas de la Marina, de la Médina et de la Mosquée Hassan II. Confort, calme et expérience unique garantis.",Terrasse élégante et vue – Casa Port,"Logement entier : appartement - Casablanca, Maroc","['4 voyageurs', '2 chambres', '2 lits', '2\xa0salles de bain']","[{'Vues panoramiques': ['Vue sur le jardin']}, {'Salle de bain': ['Sèche-cheveux', 'Shampoing', 'Savon pour le corps', 'Gel douche']}, {'Chambre et linge': ['Lave-linge (Gratuit) dans le bâtiment', ""Sèche-linge\xa0: dans l'immeuble"", 'Cintres', 'Linge de lit', 'Oreillers et couvertures supplémentaires', 'Stores ou rideaux occultants', 'Fer à repasser', 'Étendoir à linge', 'Espace de rangement pour les vêtements\xa0: placard']}, {'Divertissement': ['Télévision', 'Appareils de fitness']}, {'Chauffage et climatisation': ['Climatisation', 'Chauffage central']}, {'Sécurité à la maison': ['Caméras de surveillance extérieures présentes sur place', 'Trousse de premiers secours']}, {'Internet et bureau': ['Wifi', 'Espace de travail dédié']}, {'Cuisine et salle à manger': ['Cuisine', 'Réfrigérateur Teka', 'Tout le nécessaire pour cuisiner', 'Vaisselle et couverts', 'Congélateur', 'Cuisinière électrique Teka', 'Four Teka', 'Bouilloire électrique', 'Cafetière\xa0: Nespresso', 'Verres à vin', 'Grille-pain', 'Table à manger']}, {'Extérieur': [""Mobilier d'extérieur""]}, {'Parking et installations': ['Stationnement gratuit sur place', 'Ascenseur', 'Stationnement payant dans un garage non résidentiel']}, {'Services': ['Dépôt de bagages autorisé', 'Arrivée autonome', ""Personnel de l'immeuble""]}]"
id,url,title,description,overview,items,amenities
1739931995536978911,https://fr.airbnb.com/rooms/1739931995536978911,Vue Panoramique | Balcon | Fibre Optique | Parking,"Laissez-vous séduire par ce studio neuf et baigné de lumière naturelle. Aménagé avec goût dans des nuances élégantes et apaisantes, il offre un cadre de vie haut de gamme : balcon privatif avec vue dégagée sans vis-à-vis, climatisation centralisée et fibre optique ultra-rapide.<br />Situé dans un immeuble neuf et sécurisé, vous êtes au pied de toutes les commodités (supermarchés, restaurants) et à 5 min à pied de la Gare Oasis (accès direct Aéroport, Tramway, CFC et Maârif).","Logement entier : appartement - Casablanca, Maroc","['2 voyageurs', '1 chambre', '1 lit', '1,5\xa0salles de bain']","[{'Vues panoramiques': ['Vue panoramique sur la ville']}, {'Salle de bain': ['Sèche-cheveux', 'Produits de nettoyage', 'Shampoing', 'Savon pour le corps', 'Eau chaude', 'Gel douche']}, {'Chambre et linge': ['Lave-linge', 'Produits de base', 'Cintres', 'Linge de lit', 'Oreillers et couvertures supplémentaires', 'Stores ou rideaux occultants', 'Fer à repasser', 'Étendoir à linge', 'Espace de rangement pour les vêtements\xa0: placard']}, {'Divertissement': ['Télévision']}, {'Chauffage et climatisation': ['Climatisation', 'Chauffage central']}, {'Internet et bureau': ['Wifi', 'Espace de travail dédié']}, {'Cuisine et salle à manger': ['Cuisine', 'Réfrigérateur', 'Tout le nécessaire pour cuisiner', 'Vaisselle et couverts', 'Congélateur', 'Cuisinière', 'Four double en acier inoxydable', 'Bouilloire électrique', 'Cafetière', 'Verres à vin', 'Grille-pain', 'Plaques de cuisson', 'Blender', 'Table à manger', 'Café']}, {'Extérieur': [""Mobilier d'extérieur""]}, {'Parking et installations': ['Stationnement gratuit sur place', 'Ascenseur']}, {'Services': ['Animaux acceptés', 'Arrivée autonome', 'Serrure connectée']}]"
id,url,title,description,overview,items,amenities
1652384058622988649,https://fr.airbnb.com/rooms/1652384058622988649,1 chambre élégante • CFC • Parking + Wifi rapide + Salle de sport | MS STAYS,"Passez un excellent séjour à Casablanca dans ce studio élégant et lumineux avec vue dégagée, parking et Wi-Fi rapide dans le centre financier de Casablanca. Idéal pour les séjours d'affaires, les voyageurs en solo ou les couples. Profitez d'un espace bien conçu avec de la lumière naturelle, une literie haut de gamme, une kitchenette entièrement équipée et une télévision connectée avec Netflix. Accès à la salle de sport sur le toit inclus. Emplacement privilégié à proximité des centres d'affaires, des cafés et des routes principales. Géré par MS STAYS avec une arrivée sans souci, un nettoyage de qualité hôtelière, une connexion Wi-Fi rapide et un pack de bienvenue contenant de l'eau, du café, du thé et des friandises.","Logement entier : hébergement - Casablanca, Maroc","['3 voyageurs', '1 chambre', '1 lit', '1\xa0salle de bain']","[{'Salle de bain': ['Sèche-cheveux', 'Produits de nettoyage', 'Shampoing', 'Savon pour le corps', 'Eau chaude', 'Gel douche']}, {'Chambre et linge': ['Produits de base', 'Cintres', 'Linge de lit', 'Oreillers et couvertures supplémentaires', 'Fer à repasser', 'Étendoir à linge', 'Espace de rangement pour les vêtements']}, {'Divertissement': ['Connexion Ethernet', 'Télévision', 'Appareils de fitness']}, {'Famille': ['Grilles de fenêtre']}, {'Chauffage et climatisation': ['Climatisation', 'Chauffage central']}, {'Sécurité à la maison': ['Détecteur de fumée']}, {'Internet et bureau': ['Wifi', 'Espace de travail dédié']}, {'Cuisine et salle à manger': ['Cuisine', 'Réfrigérateur', 'Four à micro-ondes', 'Tout le nécessaire pour cuisiner', 'Vaisselle et couverts', 'Congélateur', 'Cuisinière Other', 'Bouilloire électrique', 'Cafetière', 'Verres à vin', 'Grille-pain', 'Table à manger', 'Café']}, {""Caractéristiques de l'emplacement"": ['Laverie automatique à proximité']}, {'Parking et installations': ['Stationnement gratuit sur place', 'Ascenseur', 'Salle de sport dans le bâtiment']}, {'Services': ['Dépôt de bagages autorisé', 'Séjours longue durée autorisés', 'Arrivée autonome', ""Personnel de l'immeuble"", 'Service de ménage\xa0: disponible moyennant un supplément']}]"
id,url,title,description,overview,items,amenities
1701133927259899184,https://fr.airbnb.com/rooms/1701133927259899184,"Casablanca|Vue Mer&Port 
Fibre/Netflix/Parking/PS5","Appartement meublé situé dans le quartier de Belvédère, à Casablanca, au 6e étage, dans une résidence sécurisée et calme , avec deux ascenseurs. Vue sur la mer, avec une splendide vue sur les bateaux et le port. L’appartement dispose de deux chambres, deux salles de bain, quatre placards, et une PlayStation 5.","Logement entier : appartement en résidence - Casablanca, Maroc","['6 voyageurs', '2 chambres', '3 lits', '2\xa0salles de bain']","[{'Salle de bain': ['Baignoire', 'Sèche-cheveux', 'Produits de nettoyage', 'Shampoing', 'Après-shampoing Elegance', 'Savon pour le corps', 'Bidet', 'Douche extérieure', 'Eau chaude', 'Gel douche']}, {'Chambre et linge': ['Lave-linge', 'Produits de base', 'Cintres', 'Linge de lit', 'Oreillers et couvertures supplémentaires', 'Stores ou rideaux occultants', 'Fer à repasser', 'Étendoir à linge', 'Espace de rangement pour les vêtements\xa0: dressing et placard']}, {'Divertissement': ['Connexion Ethernet', 'Télévision', 'Console de jeu\xa0: PS5']}, {'Famille': ['Babyphone\xa0: toujours dans le logement', 'Barrières de sécurité pour bébé']}, {'Chauffage et climatisation': ['Climatisation', 'Chauffage central']}, {'Sécurité à la maison': ['Caméras de surveillance extérieures présentes sur place', 'Extincteur']}, {'Internet et bureau': ['Wifi', 'Espace de travail dédié']}, {'Cuisine et salle à manger': ['Cuisine', 'Réfrigérateur', 'Four à micro-ondes', 'Tout le nécessaire pour cuisiner', 'Congélateur', 'Cuisinière à gaz Other en acier inoxydable', 'Four Double', 'Compacteur de déchets', 'Table à manger']}, {'Parking et installations': ['Stationnement gratuit sur place', 'Ascenseur', 'Résidence protégée']}, {'Services': ['Logement fumeur']}]"
id,url,title,description,overview,items,amenities
1431891468565464084,https://fr.airbnb.com/rooms/1431891468565464084,Appt Lumineux Quartier Hôpitaux,"Explorez Casablanca sans contraintes ! Face à Ibn Rochd<br />Proximité directe des commodités, café et restaurants de l'avenue 2 Mars.<br />Le Tramway T1 et T4 sont à 5 minutes à pieds (station Abdelmoumen ou Anoual)<br />Le studio est lumineux et entièrement équipé:<br />*Télévision Smart.. <br />*WiFi rapide + climatisation<br />*Lit queen cosy<br />*Kitchenette full équipée<br />*linge frais, et check-in simplifié<br />Quartier résidentiel sécurisé<br />Idéal pour voyageurs solo ou couples..","Logement entier : appartement - Casablanca, Maroc","['2 voyageurs', '1 chambre', '1 lit', '1\xa0salle de bain']","[{'Salle de bain': ['Bidet', 'Eau chaude']}, {'Chambre et linge': ['Lave-linge', 'Produits de base', 'Cintres', 'Linge de lit', 'Oreillers et couvertures supplémentaires', 'Stores ou rideaux occultants', 'Espace de rangement pour les vêtements']}, {'Divertissement': ['Télévision']}, {'Chauffage et climatisation': ['Climatisation']}, {'Internet et bureau': ['Wifi']}, {'Cuisine et salle à manger': ['Cuisine', 'Réfrigérateur', 'Tout le nécessaire pour cuisiner', 'Vaisselle et couverts', 'Congélateur', 'Lave-vaisselle', 'Cuisinière', 'Four', 'Bouilloire électrique', 'Verres à vin', 'Plaques de cuisson', 'Cuiseur à riz', 'Compacteur de déchets']}, {'Parking et installations': ['Stationnement gratuit sur place']}, {'Services': ['Animaux acceptés', 'Arrivée autonome', 'Boîte à clé sécurisée']}]"
id,url,description,title,overview,items,amenities
1547824057410361602,https://fr.airbnb.com/rooms/1547824057410361602,"Commencez la journée avec un café sur une terrasse végétalisée couverte, dans un appartement 1 chambre calme à Casa Anfa–Beauséjour.<br /><br />CFC et Anfa Park sont accessibles à pied. Parking privé, fibre Orange et bureau en chambre en font une base pratique pour un séjour à deux ou un déplacement professionnel.<br /><br />La résidence propose également un coworking accessible 24h/24, une salle de sport et une buanderie commune.","Casa Anfa/CFC • 1 ch., terrasse & parking","Logement entier : appartement - Casablanca, Maroc","['2 voyageurs', '1 chambre', '1 lit', '1\xa0salle de bain']","[{'Vues panoramiques': ['Vue sur le parc']}, {'Salle de bain': ['Sèche-cheveux', 'Produits de nettoyage', 'Shampoing', 'Eau chaude', 'Gel douche']}, {'Chambre et linge': ['Lave-linge (Gratuit) dans le logement', 'Sèche-linge (Gratuit) dans le bâtiment', 'Produits de base', 'Cintres', 'Linge de lit', 'Oreillers et couvertures supplémentaires', 'Stores ou rideaux occultants', 'Fer à repasser', 'Étendoir à linge', 'Espace de rangement pour les vêtements\xa0: placard']}, {'Divertissement': ['TV HD 55\xa0pouces avec Netflix, télévision par câble haut de gamme', 'Appareils de fitness']}, {'Famille': ['Chaise haute de type siège de table payante\xa0: disponible sur demande', 'Vaisselle pour enfants']}, {'Chauffage et climatisation': ['Climatisation centrale', 'Chauffage central']}, {'Sécurité à la maison': ['Caméras de surveillance extérieures présentes sur place', 'Détecteur de fumée', 'Extincteur', 'Trousse de premiers secours']}, {'Internet et bureau': ['Wifi rapide (99\xa0Mbit/s)', 'Espace de travail dédié']}, {'Cuisine et salle à manger': ['Cuisine', 'Réfrigérateur SAMSUNG', 'Tout le nécessaire pour cuisiner', 'Vaisselle et couverts', 'Cuisinière électrique Teka', 'Four Double', 'Bouilloire électrique', 'Cafetière\xa0: Nespresso', 'Verres à vin', 'Grille-pain', 'Blender', 'Table à manger']}, {""Caractéristiques de l'emplacement"": ['Entrée privée']}, {'Extérieur': ['Privé\xa0: patio ou balcon', ""Mobilier d'extérieur"", 'Espace repas en plein air']}, {'Parking et installations': ['Stationnement gratuit dans un garage sur place\xa0: 1\xa0place', 'Ascenseur', 'Salle de sport partagée dans le bâtiment']}, {'Services': ['Dépôt de bagages autorisé', 'Logement fumeur', 'Séjours longue durée autorisés', 'Arrivée autonome', 'Serrure connectée', 'Service de ménage disponible 10\xa0heures par jour, tous les jours\xa0: disponible moyennant un supplément']}]"
id,url,description,title,overview,items,amenities
1150839927560206459,https://fr.airbnb.com/rooms/1150839927560206459,"Ce n’est pas qu’un logement, c’est une expérience. Évadez-vous au cœur vibrant de Casablanca ! Découvrez votre havre urbain dans cet appartement moderne et central. Idéal pour couples, familles ou petits groupes (jusqu’à 5), vous êtes parfaitement placé pour explorer les sites emblématiques tout en profitant du confort moderne et d’équipements uniques.",Suite Cinéma | Vue Mosquée | Casa Port | Marina ML,"Logement entier : appartement - Casablanca, Maroc","['4 voyageurs', '2 chambres', '2 lits', '2\xa0salles de bain']","[{'Vues panoramiques': ['Vue sur le port', 'Vue sur le jardin', 'Vue panoramique sur la ville', 'Vue sur le parc']}, {'Salle de bain': ['Sèche-cheveux', 'Produits de nettoyage', 'Shampoing', 'Après-shampoing', 'Savon pour le corps', 'Bidet', 'Eau chaude', 'Gel douche']}, {'Chambre et linge': ['Lave-linge', 'Sèche-linge (Gratuit) dans le bâtiment', 'Cintres', 'Linge de lit', 'Oreillers et couvertures supplémentaires', 'Stores ou rideaux occultants', 'Fer à repasser', 'Étendoir à linge', 'Espace de rangement pour les vêtements\xa0: armoire']}, {'Divertissement': ['Connexion Ethernet', 'TV HD 43\xa0pouces avec Netflix, Chromecast', 'Système audio', ""Appareils de fitness\xa0: poids et haltères, vélo d'appartement, tapis de course, banc de musculation"", 'Cinéma', 'Jeux géants']}, {'Famille': ['Chaise haute pliable ou transformable\xa0: disponible sur demande', 'Grilles de fenêtre', 'Jeux de société']}, {'Chauffage et climatisation': ['Climatisation centrale', 'Chauffage central']}, {'Sécurité à la maison': ['Caméras de surveillance extérieures présentes sur place', 'Détecteur de fumée', 'Détecteur de monoxyde de carbone']}, {'Internet et bureau': ['Wifi', 'Espace de travail dédié']}, {'Cuisine et salle à manger': ['Cuisine', 'Réfrigérateur Zanussi', 'Four à micro-ondes', 'Tout le nécessaire pour cuisiner', 'Vaisselle et couverts', 'Congélateur', 'Cuisinière', 'Four double TEKA en acier inoxydable', 'Bouilloire électrique', 'Cafetière\xa0: Nespresso', 'Verres à vin', 'Plaques de cuisson', 'Blender', 'Compacteur de déchets', 'Table à manger', 'Café']}, {""Caractéristiques de l'emplacement"": ['Entrée privée', 'Laverie automatique à proximité']}, {'Extérieur': ['Privé\xa0: patio ou balcon', ""Mobilier d'extérieur"", 'Espace repas en plein air']}, {'Parking et installations': ['Stationnement gratuit dans la rue', 'Ascenseur', 'Salle de sport partagée dans le bâtiment', ""Stationnement payant à l'extérieur du logement""]}, {'Services': ['Animaux acceptés', 'Dépôt de bagages autorisé', 'Séjours longue durée autorisés', 'Arrivée autonome', 'Serrure numérique', 'Service de ménage disponible de 09:00 à 15:00, tous les jours\xa0: disponible moyennant un supplément']}]"
id,url,description,title,overview,items,amenities
1639163622578171667,https://fr.airbnb.com/rooms/1639163622578171667,"Situé dans le célèbre quartier Gauthier, cet appartement moderne et calme vous offre tout le confort nécessaire. Il comprend une chambre avec un matelas neuf, un salon lumineux et une cuisine entièrement équipée. <br />Grande salle de bain moderne . Profitez de la proximité immédiate de toutes les commodités de ce fameux quartier. Proximité immédiate des twins center. Parking souterrain disponible",Appartement Gauthier Cosy au Pied des Twins Center,"Logement entier : appartement - Casablanca, Maroc","['4 voyageurs', '1 chambre', '1 lit', '1\xa0salle de bain']","[{'Salle de bain': ['Sèche-cheveux', 'Produits de nettoyage', 'Eau chaude']}, {'Chambre et linge': ['Lave-linge', 'Cintres', 'Linge de lit', 'Oreillers et couvertures supplémentaires', 'Stores ou rideaux occultants', 'Fer à repasser', 'Étendoir à linge', 'Espace de rangement pour les vêtements\xa0: dressing']}, {'Divertissement': ['Télévision', 'Livres et de quoi lire']}, {'Famille': ['Lit pour bébé\xa0: disponible sur demande', 'Lit parapluie\xa0: disponible sur demande']}, {'Chauffage et climatisation': ['Climatisation', 'Chauffage']}, {'Sécurité à la maison': ['Détecteur de fumée', 'Détecteur de monoxyde de carbone', 'Extincteur', 'Trousse de premiers secours']}, {'Internet et bureau': ['Wifi']}, {'Cuisine et salle à manger': ['Cuisine', 'Réfrigérateur', 'Four à micro-ondes', 'Vaisselle et couverts', 'Congélateur', 'Cuisinière à gaz Other', 'Four simple en acier inoxydable', 'Bouilloire électrique', 'Cafetière\xa0: machine à expresso', 'Grille-pain', 'Blender', 'Table à manger', 'Café']}, {""Caractéristiques de l'emplacement"": ['Entrée privée']}, {'Extérieur': ['Privé\xa0: patio ou balcon', ""Mobilier d'extérieur"", 'Espace repas en plein air']}, {'Parking et installations': ['Stationnement gratuit sur place', 'Stationnement gratuit dans la rue', 'Ascenseur', 'Résidence protégée']}, {'Services': ['Animaux acceptés', 'Logement fumeur', 'Séjours longue durée autorisés', 'Arrivée autonome', 'Boîte à clé sécurisée', 'Service de ménage disponible de 12:00 à 14:00\xa0: disponible moyennant un supplément']}]"
id,url,description,title,overview,items,amenities
1396862960168473933,https://fr.airbnb.com/rooms/1396862960168473933,"Entrez dans le confort et le style avec cet appartement de 2 chambres joliment meublé, situé dans le quartier populaire de Maarif à Casablanca. Parfait pour les voyageurs d'affaires ou les familles, cet espace combine des équipements de qualité hôtelière avec la chaleur de la maison, le tout à distance de marche des boutiques, des cafés et des attractions les plus animées de Casablanca. Récemment rénové avec une décoration sophistiquée, des hauts plafonds, un éclairage élégant et des finitions soignées créent une atmosphère accueillante pour les séjours courte durée.",Luxueux appartement Maarif 2 chambres | Wi-Fi rapide + parking gratuit,"Logement entier : appartement - Casablanca, Maroc","['5 voyageurs', '2 chambres', '2 lits', '2\xa0salles de bain']","[{'Salle de bain': ['Sèche-cheveux', 'Produits de nettoyage', 'Shampoing', 'Après-shampoing', 'Savon pour le corps', 'Gel douche']}, {'Chambre et linge': ['Lave-linge (Gratuit) dans le logement', 'Sèche-linge', 'Produits de base', 'Cintres', 'Linge de lit', 'Oreillers et couvertures supplémentaires', 'Stores ou rideaux occultants', 'Fer à repasser', 'Étendoir à linge', 'Coffre-fort', 'Espace de rangement pour les vêtements']}, {'Divertissement': ['TV HD avec Netflix', 'Livres et de quoi lire']}, {'Famille': ['Lit pour bébé\xa0: disponible sur demande', 'Chaise haute\xa0: disponible sur demande']}, {'Chauffage et climatisation': ['Climatisation\xa0: système split sans évacuation', 'Chauffage']}, {'Internet et bureau': ['Wifi', 'Espace de travail dédié']}, {'Cuisine et salle à manger': ['Cuisine', 'Réfrigérateur', 'Four à micro-ondes', 'Tout le nécessaire pour cuisiner', 'Vaisselle et couverts', 'Mini réfrigérateur', 'Congélateur', 'Cuisinière', 'Four en acier inoxydable', 'Bouilloire électrique', 'Cafetière', 'Blender', 'Compacteur de déchets', 'Table à manger', 'Café']}, {""Caractéristiques de l'emplacement"": ['Entrée privée']}, {'Extérieur': ['Privé\xa0: patio ou balcon']}, {'Parking et installations': ['Stationnement gratuit dans un garage sur place', 'Stationnement gratuit dans la rue', 'Ascenseur']}, {'Services': ['Animaux acceptés', 'Séjours longue durée autorisés', 'Arrivée autonome', 'Serrure numérique', 'Service de ménage disponible de 11:00 à 06:00, tous les jours\xa0: disponible moyennant un supplément']}]"
id,url,title,description,overview,items,amenities
1615108185270441915,https://fr.airbnb.com/rooms/1615108185270441915,Appart-hôtel moderne et calme dans une oasis – Casablanca,"Bienvenue dans un appart-hôtel raffiné situé au cœur d'Oasis, Casablanca, conçu pour les voyageurs en quête de confort, de calme et d'élégance moderne.                                                                                                              Situé dans un quartier calme mais central, cet appart-hôtel permet un accès facile aux principaux quartiers de Casablanca tout en offrant un environnement serein pour le repos et la concentration.","Logement entier : hébergement - Casablanca, Maroc","['2 voyageurs', '1 chambre', '1 lit', '1\xa0salle de bain']","[{'Salle de bain': ['Shampoing', 'Eau chaude', 'Gel douche']}, {'Chambre et linge': ['Produits de base', 'Cintres', 'Linge de lit', 'Fer à repasser']}, {'Divertissement': ['Télévision']}, {'Chauffage et climatisation': ['Climatisation', 'Chauffage']}, {'Internet et bureau': ['Wifi']}, {'Cuisine et salle à manger': ['Cuisine']}]"
id,url,description,title,overview,items,amenities
1656451379824396603,https://fr.airbnb.com/rooms/1656451379824396603,"Studio de luxe moderne au Plateau, entièrement rénové, dans une résidence sécurisée avec gardiennage 24h/24 et 7j/7 et parking privatif. Lumineux, élégant et entièrement équipé : lit double, canapé-lit, Smart TV, cuisine et machine à café. Parfait pour les couples, les touristes et les séjours d'affaires. À 3 min à pied du tramway, à 5 min du centre-ville, à 15 min du CFC. Commerces et restaurants à proximité. Arrivée autonome facile.",Studio de luxe près du CFC | Tramway à 3 min + parking,"Logement entier : appartement - Casablanca, Maroc","['4 voyageurs', '1 chambre', '2 lits', '1\xa0salle de bain']","[{'Salle de bain': ['Sèche-cheveux', 'Produits de nettoyage', 'Eau chaude']}, {'Chambre et linge': ['Lave-linge', 'Cintres', 'Linge de lit', 'Oreillers et couvertures supplémentaires', 'Stores ou rideaux occultants', 'Fer à repasser', 'Espace de rangement pour les vêtements']}, {'Divertissement': ['Télévision', 'Cinéma']}, {'Famille': ['Lit pour bébé', 'Lit parapluie\xa0: toujours dans le logement']}, {'Chauffage et climatisation': ['Chauffage central']}, {'Internet et bureau': ['Wifi']}, {'Cuisine et salle à manger': ['Cuisine', 'Réfrigérateur', 'Four à micro-ondes', 'Tout le nécessaire pour cuisiner', 'Vaisselle et couverts', 'Congélateur', 'Cuisinière', 'Four', 'Bouilloire électrique', 'Cafetière\xa0: machine à expresso', 'Verres à vin', 'Grille-pain', 'Blender', 'Compacteur de déchets', 'Table à manger']}, {'Parking et installations': ['Stationnement gratuit sur place', 'Stationnement gratuit dans la rue', 'Ascenseur']}, {'Services': ['Animaux acceptés', 'Séjours longue durée autorisés', 'Arrivée autonome', 'Serrure numérique']}]"
id,url,title,description,overview,items,amenities
1252875089043394865,https://fr.airbnb.com/rooms/1252875089043394865,Moderne et confortable 1BR |Adam Bourgogne| Équipements+Parking,"Bienvenue chez Modern & Cosy Condos ✨<br />Appartement 1 chambre moderne situé au 2ème étage dans la résidence Adam 📍<br />Donnant sur l’intérieur de l’immeuble avec vue sur le jardin 🌿<br />Calme, agréable et lumineux<br />Lit queen size, salon confortable avec Smart TV 📺<br />Cuisine entièrement équipée 🍽️<br />Fibre optique ⚡️ et parking en sous-sol spacieux 🚗","Logement entier : appartement en résidence - Casablanca, Maroc","['3 voyageurs', '1 chambre', '1 lit', '1\xa0salle de bain']","[{'Salle de bain': ['Sèche-cheveux', 'Produits de nettoyage', 'Eau chaude', 'Gel douche']}, {'Chambre et linge': ['Lave-linge', 'Cintres', 'Linge de lit', 'Fer à repasser', 'Espace de rangement pour les vêtements']}, {'Divertissement': ['Télévision']}, {'Famille': ['Lit parapluie\xa0: disponible sur demande']}, {'Chauffage et climatisation': ['Climatisation', 'Chauffage central']}, {'Internet et bureau': ['Wifi rapide (95\xa0Mbit/s)', 'Espace de travail dédié']}, {'Cuisine et salle à manger': ['Cuisine', 'Réfrigérateur', 'Tout le nécessaire pour cuisiner', 'Vaisselle et couverts', 'Congélateur', 'Cuisinière Other', 'Four', 'Bouilloire électrique', 'Cafetière\xa0: Nespresso', 'Verres à vin', 'Grille-pain', 'Blender', 'Table à manger', 'Café']}, {'Parking et installations': ['Stationnement gratuit sur place', 'Ascenseur']}, {'Services': ['Séjours longue durée autorisés', 'Arrivée autonome', 'Serrure numérique']}]"
id,url,description,title,overview,items,amenities
1620891717833702232,https://fr.airbnb.com/rooms/1620891717833702232,"🏠 Studio moderne et élégant au quartier 2 Mars – Casablanca, calme et sécurisé avec Parking Sous-Sol.<br /><br />🛋️ Séjour confortable et lumineux<br />🍳 Cuisine américaine équipée<br />🚿 Salle de bain moderne<br />🛏️ Lit double confortable <br />🏢 Immeuble propre<br />🚗 PARKING SOUS-SOL<br /><br />📍 Emplacement idéal :<br />☕ Cafés & commerces<br />🛒 Marjane Market, Bd Abdelmoumen<br />🏥 Proche cliniques & hôpitaux<br />🌆 5 min Maarif, Marina, Corniche<br /><br />✨ Parfait pour séjours touristiques, professionnels ou médicaux.",New Élégant 1BR | Fibre + Workspace Autonome,"Logement entier : appartement - Casablanca, Maroc","['4 voyageurs', '1 chambre', '1 lit', '1\xa0salle de bain']","[{'Salle de bain': ['Sèche-cheveux', 'Shampoing', 'Après-shampoing', 'Savon pour le corps', 'Eau chaude', 'Gel douche']}, {'Chambre et linge': ['Lave-linge', 'Produits de base', 'Cintres', 'Linge de lit', 'Oreillers et couvertures supplémentaires', 'Stores ou rideaux occultants', 'Fer à repasser', 'Espace de rangement pour les vêtements']}, {'Divertissement': ['Télévision']}, {'Famille': ['Vaisselle pour enfants', 'Caches-prises']}, {'Chauffage et climatisation': ['Climatisation', 'Chauffage']}, {'Sécurité à la maison': ['Détecteur de monoxyde de carbone', 'Extincteur', 'Trousse de premiers secours']}, {'Internet et bureau': ['Wifi', 'Espace de travail dédié']}, {'Cuisine et salle à manger': ['Cuisine', 'Réfrigérateur', 'Tout le nécessaire pour cuisiner', 'Vaisselle et couverts', 'Congélateur', 'Cuisinière Other', 'Four', 'Bouilloire électrique', 'Cafetière', 'Verres à vin', 'Compacteur de déchets', 'Table à manger', 'Café']}, {""Caractéristiques de l'emplacement"": ['Entrée privée']}, {'Extérieur': ['Patio ou balcon']}, {'Parking et installations': ['Stationnement gratuit sur place', 'Stationnement gratuit dans la rue', 'Ascenseur']}, {'Services': ['Dépôt de bagages autorisé', 'Séjours longue durée autorisés', 'Arrivée autonome', 'Serrure connectée']}]"
id,url,description,title,overview,items,amenities
696171952836027012,https://fr.airbnb.com/rooms/696171952836027012,PISCINE EN TRAVAUX -  INDISPONIBLE<br /><br />Très bel appartement situé pas loin de la gare de l'Oasis dans un immeuble neuf.<br /><br />Ce logement est le parfait emplacement pour profiter de la ville dans les meilleurs conditions de confort.,Superbe Appartement avec Internet Fibre,"Logement entier : appartement en résidence - Casablanca, Maroc","['3 voyageurs', '1 chambre', '1 lit', '1\xa0salle de bain']","[{'Salle de bain': ['Sèche-cheveux', 'Produits de nettoyage', 'Shampoing', 'Après-shampoing', 'Savon pour le corps', 'Eau chaude', 'Gel douche']}, {'Chambre et linge': ['Lave-linge (Gratuit) dans le logement', 'Sèche-linge (Gratuit) dans le logement', 'Produits de base', 'Cintres', 'Linge de lit', 'Oreillers et couvertures supplémentaires', 'Stores ou rideaux occultants', 'Fer à repasser', 'Étendoir à linge', 'Moustiquaire', 'Espace de rangement pour les vêtements\xa0: dressing']}, {'Divertissement': ['Connexion Ethernet', 'TV HD']}, {'Famille': ['Lit pour bébé', 'Lit parapluie\xa0: disponible sur demande', 'Chaise haute de type siège de table\xa0: disponible sur demande', 'Baignoire pour bébé\xa0: disponible sur demande']}, {'Chauffage et climatisation': ['Climatisation', ""Chauffage d'appoint""]}, {'Sécurité à la maison': ['Caméras de surveillance extérieures présentes sur place', 'Détecteur de fumée', 'Détecteur de monoxyde de carbone', 'Extincteur']}, {'Internet et bureau': ['Wifi', 'Espace de travail dédié']}, {'Cuisine et salle à manger': ['Cuisine', 'Réfrigérateur', 'Four à micro-ondes', 'Tout le nécessaire pour cuisiner', 'Vaisselle et couverts', 'Congélateur', 'Cuisinière', 'Four', 'Bouilloire électrique', 'Cafetière\xa0: Nespresso, cafetière manuelle', 'Verres à vin', 'Grille-pain', 'Plaques de cuisson', 'Table à manger', 'Café', 'Machine à pain']}, {""Caractéristiques de l'emplacement"": ['Entrée privée']}, {'Parking et installations': ['Stationnement gratuit dans un garage sur place\xa0: 1\xa0place', ""Piscine intérieure commune\xa0: disponible à certaines périodes, heures d'ouverture spécifiques, en toit-terrasse"", 'Ascenseur']}, {'Services': ['Séjours longue durée autorisés', 'Arrivée autonome', 'Serrure connectée']}]"
id,url,description,title,overview,items,amenities
1691466152853602908,https://fr.airbnb.com/rooms/1691466152853602908,"Studio moderne haut standing au cœur de CFC Casablanca <br />Jacuzzi privé, Wifi rapide, Netflix, 2 Smart TV, climatisation et cuisine entièrement équipée. Résidence calme et sécurisée avec garage privé, espaces verts et jeux pour enfants. Idéal pour voyageurs business et longs séjours. Emplacement premium proche restaurants, cafés et centres d’affaires. Confort, détente et excellent emplacement pour un séjour parfait",Studio de luxe CFC Casablanca,"Logement entier : appartement - Casablanca, Maroc","['4 voyageurs', '1 chambre', '1 lit', '1\xa0salle de bain']","[{'Salle de bain': ['Baignoire', 'Sèche-cheveux', 'Produits de nettoyage', 'Eau chaude', 'Gel douche']}, {'Chambre et linge': ['Lave-linge', 'Sèche-linge (Gratuit) dans le logement', 'Cintres', 'Oreillers et couvertures supplémentaires', 'Fer à repasser', 'Espace de rangement pour les vêtements\xa0: placard']}, {'Divertissement': ['Connexion Ethernet', 'Télévision']}, {'Famille': ['Aire de jeux extérieure']}, {'Chauffage et climatisation': ['Climatisation', 'Chauffage central']}, {'Sécurité à la maison': ['Extincteur']}, {'Internet et bureau': ['Wifi', 'Espace de travail dédié']}, {'Cuisine et salle à manger': ['Cuisine', 'Réfrigérateur', 'Four à micro-ondes', 'Vaisselle et couverts', 'Congélateur', 'Cuisinière Other', 'Four', 'Bouilloire électrique', 'Cafetière\xa0: cafetière filtre', 'Verres à vin', 'Café']}, {'Extérieur': ['Arrière-cour privée – Clôture partielle']}, {'Parking et installations': ['Stationnement gratuit dans un garage sur place', 'Ascenseur']}, {'Services': ['Animaux acceptés', 'Arrivée autonome', 'Boîte à clé sécurisée']}]"
id,url,description,title,overview,items,amenities
1721956298738081345,https://fr.airbnb.com/rooms/1721956298738081345,"Bienvenue à WAM Living, un appartement moderne de 2 chambres avec vue sur la mer, balcon privé et Wifi haut débit par fibre optique, à seulement 5 minutes à pied de la mosquée Hassan II et de la promenade en bord de mer. Profitez d'un espace de vie élégant, d'une télévision connectée avec Netflix, d'une cuisine entièrement équipée, de chambres confortables et d'une salle de bain moderne. Proche de la marina de Casablanca, de la vieille médina, des cafés, des restaurants, des promenades en bord de mer et des principales attractions de la ville. Idéal pour les couples, les familles, les voyages d'affaires et les séjours en ville.","2 chambres avec vue sur la mer, près de la mosquée Hassan-II et de la marina","Logement entier : appartement - Casablanca, Maroc","['6 voyageurs', '2 chambres', '2 lits', '1\xa0salle de bain']","[{'Salle de bain': ['Produits de nettoyage', 'Après-shampoing', 'Eau chaude']}, {'Chambre et linge': ['Cintres', 'Linge de lit', 'Stores ou rideaux occultants', 'Fer à repasser', 'Étendoir à linge', 'Espace de rangement pour les vêtements']}, {'Divertissement': ['Télévision']}, {'Chauffage et climatisation': ['Ventilateurs portables']}, {'Internet et bureau': ['Wifi']}, {'Cuisine et salle à manger': ['Cuisine', 'Réfrigérateur', 'Tout le nécessaire pour cuisiner', 'Vaisselle et couverts', 'Congélateur', 'Cuisinière', 'Four', 'Bouilloire électrique', 'Cafetière\xa0: machine à expresso', 'Compacteur de déchets']}, {'Extérieur': ['Privé\xa0: patio ou balcon']}, {'Parking et installations': ['Stationnement gratuit dans la rue', 'Ascenseur', ""Stationnement payant à l'extérieur du logement""]}, {'Services': ['Animaux acceptés', 'Séjours longue durée autorisés']}]"
id,url,title,description,overview,items,amenities
1535533732636624482,https://fr.airbnb.com/rooms/1535533732636624482,Loft moderne avec terrasse à Gauthier,"Si vous cherchez un appartement haut de gamme en plein centre de Casablanca pour profiter de votre séjour, vous avez trouvé.<br /><br />Superbe loft moderne au cœur du quartier Gauthier, dans un immeuble neuf. <br /><br />Il comprend <br />•  Une chambre en mezzanine avec bureau<br />• Un salon avec canapé convertible<br />• Cuisine entièrement équipée (four, lave-vaisselle, lave-linge…)<br />• Grande terrasse<br /><br />Avec une hauteur sous plafond de 5 mètres, une terrasse avec salon et une décoration soignée. C'est un bien unique.","Logement entier : loft - Casablanca, Maroc","['3 voyageurs', '1 chambre', '3 lits', '1,5\xa0salles de bain']","[{'Salle de bain': ['Sèche-cheveux', 'Shampoing', 'Eau chaude', 'Gel douche']}, {'Chambre et linge': ['Lave-linge', 'Cintres', 'Linge de lit', 'Oreillers et couvertures supplémentaires', 'Stores ou rideaux occultants', 'Fer à repasser', 'Étendoir à linge', 'Espace de rangement pour les vêtements']}, {'Divertissement': ['Télévision', 'Système audio']}, {'Famille': ['Lit parapluie (payant)\xa0: disponible sur demande']}, {'Chauffage et climatisation': ['Climatisation']}, {'Sécurité à la maison': ['Trousse de premiers secours']}, {'Internet et bureau': ['Wifi', 'Espace de travail dédié']}, {'Cuisine et salle à manger': ['Cuisine', 'Réfrigérateur', 'Four à micro-ondes', 'Tout le nécessaire pour cuisiner', 'Vaisselle et couverts', 'Congélateur', 'Lave-vaisselle', 'Four', 'Bouilloire électrique', 'Cafetière', 'Verres à vin', 'Grille-pain', 'Plaques de cuisson', 'Blender', 'Ustensiles de barbecue', 'Table à manger', 'Café']}, {'Extérieur': ['Patio ou balcon', 'Jardin', 'Brasero', 'Espace repas en plein air', 'Barbecue']}, {'Parking et installations': ['Ascenseur']}, {'Services': ['Arrivée autonome', 'Serrure connectée']}]"
id,url,description,title,overview,items,amenities
1561616658380943324,https://fr.airbnb.com/rooms/1561616658380943324,"• Emplacement stratégique : 5 min de l’aéroport Mohammed V et 15 min de Casablanca.<br />• Espace moderne pour un séjour agréable.<br />• Studio entièrement équipé.<br />• Climatisation centralisée pour un confort optimal en toute saison.<br />• Accès à une piscine pour se détendre.<br />• Wi-Fi haut débit.<br />• Séjour calme et sécurisé, adapté aux voyageurs et professionnels.",M08 Studio contemporain au pied de l’aéroport,"Logement entier : appartement - Nouaceur, Maroc","['3 voyageurs', '1 chambre', '1 lit', '1\xa0salle de bain']","[{'Salle de bain': ['Sèche-cheveux', 'Douche extérieure', 'Eau chaude']}, {'Chambre et linge': ['Lave-linge', 'Produits de base', 'Cintres', 'Linge de lit', 'Fer à repasser', 'Étendoir à linge', 'Espace de rangement pour les vêtements\xa0: placard']}, {'Divertissement': ['Connexion Ethernet', 'Télévision']}, {'Chauffage et climatisation': ['Climatisation', 'Chauffage']}, {'Sécurité à la maison': ['Extincteur']}, {'Internet et bureau': ['Wifi', 'Espace de travail dédié']}, {'Cuisine et salle à manger': ['Cuisine', 'Réfrigérateur', 'Tout le nécessaire pour cuisiner', 'Congélateur', 'Four Bosh en acier inoxydable', 'Bouilloire électrique', 'Cafetière\xa0: machine à expresso, Nespresso']}, {""Caractéristiques de l'emplacement"": ['Entrée privée']}, {'Extérieur': ['Arrière-cour privée – Clôture intégrale', 'Espace repas en plein air']}, {'Parking et installations': ['Stationnement gratuit sur place', 'Piscine', 'Ascenseur']}, {'Services': ['Séjours longue durée autorisés', 'Arrivée autonome', 'Serrure connectée']}]"
id,url,description,title,overview,items,amenities
1352881496802007764,https://fr.airbnb.com/rooms/1352881496802007764,"🌿 Bienvenue chez LH Suites – Quartier Bourgogne<br />Installez-vous dans cette appartement spacieuse, située au dernier étage d’un immeuble neuf, sécurisé et élégant, sur le boulevard Bourgogne.<br />Baignée de lumière naturelle, soigneusement décorée et entièrement équipée, elle vous offre un cadre confortable pour un séjour relaxant ou professionnel.<br /><br />☀️ Profitez d’un grand balcon ensoleillé, parfait pour vos pauses café ou vos soirées détente.",LH Suites : Élégance urbaine & vue dégagée,"Logement entier : appartement - Casablanca, Maroc","['3 voyageurs', '1 chambre', '1 lit', '1\xa0salle de bain']","[{'Salle de bain': ['Sèche-cheveux', 'Produits de nettoyage', 'Shampoing', 'Après-shampoing', 'Savon pour le corps', 'Bidet', 'Gel douche']}, {'Chambre et linge': ['Lave-linge', 'Cintres', 'Linge de lit', 'Oreillers et couvertures supplémentaires', 'Stores ou rideaux occultants', 'Fer à repasser', 'Étendoir à linge', 'Coffre-fort', 'Espace de rangement pour les vêtements\xa0: placard']}, {'Divertissement': ['Connexion Ethernet', 'Télévision']}, {'Famille': ['Lit pour bébé', 'Lit parapluie\xa0: disponible sur demande']}, {'Chauffage et climatisation': ['Climatisation', 'Chauffage central']}, {'Internet et bureau': ['Wifi', 'Espace de travail dédié', 'Routeur wifi portable']}, {'Cuisine et salle à manger': ['Cuisine', 'Réfrigérateur', 'Four à micro-ondes', 'Tout le nécessaire pour cuisiner', 'Vaisselle et couverts', 'Congélateur', 'Four', 'Bouilloire électrique', 'Cafetière\xa0: machine à expresso', 'Verres à vin', 'Grille-pain', 'Plaques de cuisson', 'Blender', 'Compacteur de déchets', 'Café']}, {'Extérieur': [""Mobilier d'extérieur"", 'Espace repas en plein air', 'Barbecue privé']}, {'Parking et installations': ['Stationnement gratuit sur place', 'Stationnement gratuit dans la rue', 'Ascenseur', 'Stationnement payant dans la rue', 'Stationnement payant sur place']}, {'Services': ['Animaux acceptés', 'Dépôt de bagages autorisé', 'Logement fumeur', 'Séjours longue durée autorisés', 'Arrivée autonome', 'Serrure numérique', 'Service de ménage disponible de 12:00 à 15:00, tous les jours\xa0: disponible moyennant un supplément']}]"
id,url,description,title,overview,items,amenities
1580667155301300021,https://fr.airbnb.com/rooms/1580667155301300021,"Profitez d'un séjour élégant et confortable dans cet appartement moderne situé au cœur de Casablanca Finance City. Conçu avec élégance et souci du détail, l'espace offre une atmosphère paisible tout en étant proche des centres d'affaires, des centres commerciaux, des cafés et des restaurants. Idéal pour les voyageurs d'affaires et les touristes à la recherche de confort, de commodité et d'un emplacement haut de gamme.",Appartement moderne CFC avec terrasse – Salle de sport et vue sur la ville,"Logement entier : appartement - Casablanca, Maroc","['3 voyageurs', '1 chambre', '2 lits', '1\xa0salle de bain']","[{'Salle de bain': ['Sèche-cheveux', 'Shampoing', 'Savon pour le corps UNBRAND', 'Douche extérieure', 'Eau chaude']}, {'Chambre et linge': ['Lave-linge', 'Linge de lit', 'Oreillers et couvertures supplémentaires', 'Fer à repasser', 'Espace de rangement pour les vêtements\xa0: placard']}, {'Divertissement': ['Connexion Ethernet', 'Télévision', 'Appareils de fitness']}, {'Famille': ['Grilles de fenêtre']}, {'Chauffage et climatisation': ['Climatisation', 'Chauffage']}, {'Sécurité à la maison': ['Caméras de surveillance extérieures présentes sur place', 'Détecteur de fumée', 'Détecteur de monoxyde de carbone', 'Extincteur', 'Trousse de premiers secours']}, {'Internet et bureau': ['Wifi', 'Espace de travail dédié']}, {'Cuisine et salle à manger': ['Cuisine', 'Four à micro-ondes', 'Vaisselle et couverts', 'Bouilloire électrique', 'Cafetière\xa0: cafetière filtre', 'Verres à vin', 'Blender', 'Table à manger', 'Café']}, {'Extérieur': ['Espace repas en plein air']}, {'Parking et installations': ['Stationnement gratuit sur place', 'Stationnement gratuit dans la rue', 'Ascenseur', 'Stationnement payant sur place']}, {'Services': ['Animaux acceptés', 'Logement fumeur', 'Arrivée autonome', 'Boîte à clé sécurisée', 'Service de ménage\xa0: disponible moyennant un supplément']}]"
id,url,description,title,overview,items,amenities
1297836457770058746,https://fr.airbnb.com/rooms/1297836457770058746,"Bienvenue dans ce superbe appartement de deux chambres situé dans la prestigieuse ville de Casablanca. Cette résidence moderne et luxueuse offre un mélange parfait de confort et de style, ce qui en fait un choix idéal pour les professionnels, les couples mariés ou les petites familles.",Luxueuse escapade à Casablanca avec 2 lits et parking gratuit,"Logement entier : appartement - Casablanca, Maroc","['6 voyageurs', '2 chambres', '3 lits', '2\xa0salles de bain']","[{'Salle de bain': ['Sèche-cheveux', 'Produits de nettoyage', 'Shampoing', 'Après-shampoing', 'Savon pour le corps', 'Bidet', 'Eau chaude', 'Gel douche']}, {'Chambre et linge': ['Lave-linge (Gratuit) dans le logement', 'Produits de base', 'Cintres', 'Linge de lit', 'Oreillers et couvertures supplémentaires', 'Stores ou rideaux occultants', 'Fer à repasser', 'Étendoir à linge', 'Espace de rangement pour les vêtements\xa0: placard']}, {'Divertissement': ['Connexion Ethernet', 'TV HD 65\xa0pouces avec Netflix', 'Livres et de quoi lire', 'Pièce à thème']}, {'Famille': ['Lit pour bébé\xa0: disponible sur demande', 'Lit parapluie\xa0: disponible sur demande', 'Chaise haute', 'Caches-prises', 'Recommandations de baby-sitters', 'Aire de jeux extérieure']}, {'Chauffage et climatisation': ['Climatisation centrale', 'Chauffage']}, {'Sécurité à la maison': ['Sonomètres présents sur place', 'Caméras de surveillance extérieures présentes sur place', 'Détecteur de fumée', 'Détecteur de monoxyde de carbone', 'Extincteur', 'Trousse de premiers secours']}, {'Internet et bureau': ['Wifi', 'Espace de travail dédié']}, {'Cuisine et salle à manger': ['Cuisine', 'Réfrigérateur', 'Four à micro-ondes', 'Tout le nécessaire pour cuisiner', 'Vaisselle et couverts', 'Congélateur', 'Lave-vaisselle', 'Cuisinière à gaz en acier inoxydable', 'Four en acier inoxydable', 'Bouilloire électrique', 'Cafetière', 'Verres à vin', 'Grille-pain', 'Plaques de cuisson', 'Blender', 'Table à manger', 'Café']}, {""Caractéristiques de l'emplacement"": ['Entrée privée', 'Laverie automatique à proximité']}, {'Extérieur': ['Patio ou balcon', 'Arrière-cour partagée – Clôture partielle', ""Mobilier d'extérieur""]}, {'Parking et installations': ['Stationnement gratuit dans un garage sur place\xa0: 1\xa0place', 'Stationnement gratuit dans la rue', 'Ascenseur', 'Logement de plain-pied', 'Patinoire de hockey']}, {'Services': ['Animaux acceptés', 'Dépôt de bagages autorisé', 'Séjours longue durée autorisés', 'Arrivée autonome', 'Serrure connectée']}]"
id,url,title,description,overview,items,amenities
1562531944533346838,https://fr.airbnb.com/rooms/1562531944533346838,Bord de mer • Vue sur mer • Résidence cosy & luxe,"🌟 Vivez la parfaite escapade côtière dans ce superbe appartement idéalement situé à Casablanca, à seulement 10 minutes à pied de la plage.<br /><br />Profitez d’un espace lumineux, décoré avec goût, d’une cuisine entièrement équipée et d’un emplacement à la fois paisible et central dans un quartier chic. Détendez-vous dans le jardin de palmiers de la résidence et bénéficiez d’un parking privé sécurisé.<br /><br />Parfait aussi bien pour une retraite au bord de la mer que pour un séjour confortable en ville.","Logement entier : appartement - Casablanca, Maroc","['3 voyageurs', '1 chambre', '1 lit', '1\xa0salle de bain']","[{'Vues panoramiques': ['Vue sur la plage', 'Vue sur le jardin', 'Vue sur la mer']}, {'Salle de bain': ['Sèche-cheveux', 'Produits de nettoyage', 'Eau chaude']}, {'Chambre et linge': ['Lave-linge', 'Produits de base', 'Cintres', 'Linge de lit', 'Oreillers et couvertures supplémentaires', 'Stores ou rideaux occultants', 'Fer à repasser', 'Espace de rangement pour les vêtements']}, {'Divertissement': ['Connexion Ethernet', 'Télévision', 'Livres et de quoi lire']}, {'Famille': ['Lit pour bébé (payant)\xa0: disponible sur demande', 'Livres et jouets pour enfants', 'Grilles de fenêtre', 'Caches-prises', 'Jeux de société']}, {'Chauffage et climatisation': ['Climatisation', 'Chauffage']}, {'Sécurité à la maison': ['Caméras de surveillance extérieures présentes sur place', 'Détecteur de fumée', 'Détecteur de monoxyde de carbone']}, {'Internet et bureau': ['Wifi', 'Espace de travail dédié', 'Routeur wifi portable']}, {'Cuisine et salle à manger': ['Cuisine', 'Réfrigérateur', 'Four à micro-ondes', 'Vaisselle et couverts', 'Mini réfrigérateur', 'Congélateur', 'Cuisinière', 'Bouilloire électrique', 'Cafetière\xa0: Nespresso', 'Plaques de cuisson', 'Compacteur de déchets', 'Table à manger', 'Café']}, {""Caractéristiques de l'emplacement"": ['Accès à la plage', 'Entrée privée']}, {'Extérieur': [""Mobilier d'extérieur""]}, {'Parking et installations': ['Stationnement gratuit sur place', 'Stationnement gratuit dans la rue', 'Ascenseur']}, {'Services': ['Séjours longue durée autorisés', 'Arrivée autonome', 'Boîte à clé sécurisée', 'Service de ménage disponible 24\xa0heures, tous les jours\xa0: disponible moyennant un supplément']}]"
id,url,description,title,overview,items,amenities
1659284858552389510,https://fr.airbnb.com/rooms/1659284858552389510,"Prenez de la hauteur au 7e étage et vivez une expérience rare au cœur du centre historique de Casablanca ! <br /><br />Ce penthouse Art Déco signé par une lauréate des Moroccan Interior Design Awards incarne un design audacieux. <br />Sa terrasse iconique, pensée comme une piscine bleue flottante, offre un cadre spectaculaire entre soleil, transats et douche extérieur. <br /><br />Prestations haut de gamme - literie hôtelière - cuisine full équipée -  bureau - wifi haut-débit - jeux de société - entrée autonome.",Le 7ème Ciel • 2BR Penthouse • Art Déco • A/C,"Logement entier : appartement - Casablanca, Maroc","['4 voyageurs', '2 chambres', '2 lits', '2\xa0salles de bain']","[{'Salle de bain': ['Sèche-cheveux', 'Produits de nettoyage', 'Shampoing', 'Douche extérieure', 'Eau chaude', 'Gel douche']}, {'Chambre et linge': ['Lave-linge', 'Cintres', 'Linge de lit', 'Oreillers et couvertures supplémentaires', 'Stores ou rideaux occultants', 'Fer à repasser', 'Étendoir à linge', 'Espace de rangement pour les vêtements']}, {'Divertissement': ['Télévision', 'Système audio', 'Livres et de quoi lire']}, {'Famille': ['Lit pour bébé', 'Lit parapluie (payant)\xa0: disponible sur demande', 'Livres et jouets pour enfants  (Entre 5 et 10\xa0ans et Plus de 10\xa0ans)', 'Jeux de société']}, {'Chauffage et climatisation': ['Climatisation', 'Chauffage']}, {'Sécurité à la maison': ['Caméras de surveillance extérieures présentes sur place', 'Extincteur']}, {'Internet et bureau': ['Wifi', 'Espace de travail dédié']}, {'Cuisine et salle à manger': ['Cuisine', 'Réfrigérateur', 'Four à micro-ondes', 'Tout le nécessaire pour cuisiner', 'Vaisselle et couverts', 'Congélateur', 'Lave-vaisselle', 'Four', 'Bouilloire électrique', 'Cafetière', 'Verres à vin', 'Grille-pain', 'Plaques de cuisson', 'Blender', 'Table à manger']}, {'Extérieur': ['Patio ou balcon', ""Mobilier d'extérieur"", 'Espace repas en plein air', 'Chaises longues']}, {'Parking et installations': ['Stationnement gratuit dans la rue']}, {'Services': ['Animaux acceptés', 'Séjours longue durée autorisés', 'Arrivée autonome', 'Serrure connectée']}]"
id,url,title,description,overview,items,amenities
1545873817013209126,https://fr.airbnb.com/rooms/1545873817013209126,Cocon à 5 min de la mer et de la mosquée,"Profitez d’une suite apaisante avec wifi et terrasse.<br />Espace chambre, salon et kitchenette équipée.<br />À 5 min de la Corniche et de la Mosquée Hassan II.<br />Tout est proche : Corniche, Mosquée, cafés et restaurants.","Logement entier : appartement - Casablanca, Maroc","['3 voyageurs', '1 chambre', '2 lits', '1\xa0salle de bain']","[{'Salle de bain': ['Sèche-cheveux', 'Produits de nettoyage', 'Savon pour le corps', 'Eau chaude', 'Gel douche']}, {'Chambre et linge': ['Cintres', 'Linge de lit', 'Oreillers et couvertures supplémentaires', 'Fer à repasser', 'Espace de rangement pour les vêtements\xa0: placard']}, {'Divertissement': ['Connexion Ethernet', 'TV 40\xa0pouces']}, {'Chauffage et climatisation': ['Climatisation', 'Chauffage central']}, {'Internet et bureau': ['Wifi']}, {'Cuisine et salle à manger': ['Cuisine', 'Réfrigérateur Schneider', 'Four à micro-ondes', 'Tout le nécessaire pour cuisiner', 'Vaisselle et couverts', 'Congélateur', 'Cuisinière à induction Other', 'Four', 'Bouilloire électrique', 'Cafetière\xa0: cafetière filtre', 'Verres à vin', 'Table à manger', 'Café']}, {'Extérieur': [""Mobilier d'extérieur"", 'Espace repas en plein air']}, {'Parking et installations': ['Ascenseur']}, {'Services': ['Logement fumeur']}]"
id,url,title,description,overview,items,amenities
1735691275227602253,https://fr.airbnb.com/rooms/1735691275227602253,1 chambre confortable — Emplacement privilégié à Maarif,"Bright, modern 1‑bed apartment in the heart of Maarif, Casablanca. This comfortable unit features a queen bed, living area with smart TV, fully equipped kitchen, fast Wi‑Fi, air conditioning, and a clean bathroom with hot shower. Located on a safe, quiet street just steps from shops, cafés, restaurants, and public transport  ideal for sightseeing, shopping, or business. Perfect for couples or solo travelers seeking a central.","Logement entier : appartement - Casablanca, Maroc","['2 voyageurs', '1 chambre', '1 lit', '1\xa0salle de bain']","[{'Salle de bain': ['Sèche-cheveux', 'Produits de nettoyage', 'Shampoing', 'Savon pour le corps', 'Eau chaude', 'Gel douche']}, {'Chambre et linge': ['Lave-linge', 'Produits de base']}, {'Divertissement': ['Télévision']}, {'Chauffage et climatisation': ['Climatisation', 'Chauffage']}, {'Internet et bureau': ['Wifi']}, {'Cuisine et salle à manger': ['Cuisine', 'Réfrigérateur', 'Tout le nécessaire pour cuisiner', 'Vaisselle et couverts', 'Verres à vin', 'Compacteur de déchets']}, {'Parking et installations': ['Ascenseur']}, {'Services': ['Animaux acceptés']}]"
id,url,description,title,overview,items,amenities
1405171405152964294,https://fr.airbnb.com/rooms/1405171405152964294,"🌿 Bienvenue chez LH Suites – Les Princesses<br />Dans le quartier prisé et résidentiel des Princesses, découvrez ce logement neuf, moderne et soigneusement aménagé, idéal pour un séjour tout confort à Casablanca.<br />Situé dans un immeuble calme et sécurisé, il vous offre un espace de vie lumineux, bien pensé, avec une décoration élégante et des équipements de qualité.<br /><br />🌆 Grâce à sa localisation idéale, vous êtes à quelques minutes à pied des restaurants, commerces, cafés et transports.",LH Suites : Neuf & moderne au cœur des Princesses,"Logement entier : appartement - Casablanca, Maroc","['3 voyageurs', '1 chambre', '1 lit', '1\xa0salle de bain']","[{'Salle de bain': ['Sèche-cheveux', 'Produits de nettoyage', 'Shampoing', 'Après-shampoing', 'Savon pour le corps', 'Bidet', 'Eau chaude', 'Gel douche']}, {'Chambre et linge': ['Lave-linge', 'Cintres', 'Linge de lit', 'Oreillers et couvertures supplémentaires', 'Fer à repasser', 'Étendoir à linge', 'Espace de rangement pour les vêtements\xa0: placard']}, {'Divertissement': ['Connexion Ethernet', 'Télévision']}, {'Famille': ['Lit pour bébé', 'Lit parapluie\xa0: disponible sur demande']}, {'Chauffage et climatisation': ['Climatisation', 'Chauffage central']}, {'Sécurité à la maison': ['Extincteur']}, {'Internet et bureau': ['Wifi', 'Routeur wifi portable']}, {'Cuisine et salle à manger': ['Cuisine', 'Réfrigérateur', 'Tout le nécessaire pour cuisiner', 'Vaisselle et couverts', 'Congélateur', 'Cuisinière à gaz Other', 'Four', 'Bouilloire électrique', 'Cafetière\xa0: Nespresso', 'Verres à vin', 'Plaques de cuisson', 'Blender', 'Cuiseur à riz', 'Compacteur de déchets', 'Table à manger', 'Café']}, {""Caractéristiques de l'emplacement"": ['Entrée privée']}, {'Extérieur': [""Mobilier d'extérieur"", 'Espace repas en plein air']}, {'Parking et installations': ['Stationnement gratuit sur place', 'Stationnement gratuit dans la rue', 'Ascenseur', 'Stationnement payant dans la rue']}, {'Services': ['Animaux acceptés', 'Dépôt de bagages autorisé', 'Logement fumeur', 'Séjours longue durée autorisés', 'Arrivée autonome', 'Serrure numérique', 'Service de ménage\xa0: disponible moyennant un supplément']}]"
id,url,description,title,overview,items,amenities
940724226132498995,https://fr.airbnb.com/rooms/940724226132498995,"Situé dans le quartier animé de Gauthier, cet appartement élégant se trouve à seulement 3,7 km du centre-ville de Casablanca. Profitez d'une grande variété de restaurants, cafés, marchés locaux et avenues commerçantes à proximité.<br /><br />L'appartement est dans une résidence haut de gamme avec des équipements haut de gamme, y compris une connexion Wi-Fi haut débit, Netflix et une télévision connectée.<br /><br />Nous assurons un séjour impeccable avec un nettoyage à sec professionnel de tous les draps après chaque voyageur. Parfait pour les voyageurs d'affaires et de loisirs à la recherche de confort et de commodité.",Appartement de luxe Gauthier et proche du centre jumeaux,"Logement entier : appartement - Casablanca, Maroc","['2 voyageurs', '1 chambre', '1 lit', '1\xa0salle de bain']","[{'Salle de bain': ['Produits de nettoyage', 'Shampoing', 'Savon pour le corps', 'Eau chaude', 'Gel douche']}, {'Chambre et linge': ['Lave-linge', 'Produits de base', 'Cintres', 'Oreillers et couvertures supplémentaires', 'Stores ou rideaux occultants', 'Fer à repasser', 'Étendoir à linge', 'Espace de rangement pour les vêtements\xa0: placard et commode']}, {'Divertissement': ['Télévision']}, {'Chauffage et climatisation': ['Climatisation', 'Chauffage central']}, {'Internet et bureau': ['Wifi']}, {'Cuisine et salle à manger': ['Cuisine', 'Réfrigérateur', 'Tout le nécessaire pour cuisiner', 'Vaisselle et couverts', 'Congélateur', 'Four', 'Bouilloire électrique', 'Cafetière', 'Grille-pain', 'Plaques de cuisson', 'Table à manger']}, {""Caractéristiques de l'emplacement"": ['Entrée privée', 'Laverie automatique à proximité']}, {'Extérieur': ['Patio ou balcon']}, {'Parking et installations': ['Stationnement payant dans la rue']}, {'Services': ['Séjours longue durée autorisés', 'Arrivée autonome', 'Serrure connectée']}]"
id,url,title,description,overview,items,amenities
1640873102309958543,https://fr.airbnb.com/rooms/1640873102309958543,Nouveau : Lumineux 1 chambre • Fibre • Arrivée autonome • Stationnement,"🏠 Studio moderne et élégant au quartier 2 Mars – Casablanca, calme et sécurisé avec Parking prive Sous-Sol<br /><br />🛋️ Séjour confortable et lumineux<br />🍳 Cuisine américaine équipée<br />🚿 Salle de bain moderne<br />🛏️ Lit double confortable <br />🏢 Immeuble propre<br />🚗 PARKING SOUS-SOL<br /><br />📍 Emplacement idéal :<br />☕ Cafés & commerces<br />🛒 Marjane Market, Bd Abdelmoumen<br />🏥 Proche cliniques & hôpitaux<br />🌆 5 min Maarif, Marina, Corniche<br /><br />✨ Parfait pour séjours touristiques, professionnels ou médicaux.","Logement entier : appartement - Casablanca, Maroc","['4 voyageurs', '1 chambre', '1 lit', '1\xa0salle de bain']","[{'Salle de bain': ['Sèche-cheveux', 'Produits de nettoyage', 'Shampoing', 'Savon pour le corps', 'Eau chaude', 'Gel douche']}, {'Chambre et linge': ['Lave-linge', 'Cintres', 'Linge de lit', 'Oreillers et couvertures supplémentaires', 'Stores ou rideaux occultants', 'Fer à repasser', 'Espace de rangement pour les vêtements']}, {'Famille': ['Vaisselle pour enfants', 'Caches-prises', 'Barrières de sécurité pour bébé', 'Protections sur les coins de tables']}, {'Chauffage et climatisation': ['Climatisation', 'Chauffage']}, {'Sécurité à la maison': ['Détecteur de monoxyde de carbone', 'Extincteur']}, {'Internet et bureau': ['Wifi']}, {'Cuisine et salle à manger': ['Cuisine', 'Réfrigérateur', 'Tout le nécessaire pour cuisiner', 'Vaisselle et couverts', 'Congélateur', 'Cuisinière Other', 'Four', 'Bouilloire électrique', 'Cafetière', 'Verres à vin', 'Compacteur de déchets', 'Table à manger', 'Café']}, {""Caractéristiques de l'emplacement"": ['Entrée privée']}, {'Parking et installations': ['Stationnement gratuit sur place', 'Stationnement gratuit dans la rue']}, {'Services': ['Dépôt de bagages autorisé', 'Séjours longue durée autorisés']}]"
id,url,title,description,overview,items,amenities
1620439790878167257,https://fr.airbnb.com/rooms/1620439790878167257,BD Ghandi / Studio Moderne / Centre Ville,"Studio moderne, propre et parfaitement situé à Casablanca.<br /><br />• Emplacement central avec un accès facile aux restaurants, cafés, boutiques et principales zones de la ville<br />• Propre et soigneusement entretenu pour un séjour confortable<br />• WiFi rapide : idéal pour le travail ou le streaming<br />• Air climatisé<br />• Kitchenette entièrement équipée pour des repas simples<br />• Arrivée autonome simple et pratique<br /><br />Le numéro de carte d'identité de tous les voyageurs est obligatoire (nous notons simplement le numéro de la carte d'identité, nous ne conservons pas les cartes). Merci de votre compréhension 🙏","Logement entier : appartement - Casablanca, Maroc","['2 voyageurs', '1 chambre', '1 lit', '1\xa0salle de bain']","[{'Salle de bain': ['Sèche-cheveux', 'Produits de nettoyage', 'Eau chaude']}, {'Chambre et linge': ['Lave-linge', 'Cintres', 'Linge de lit', 'Oreillers et couvertures supplémentaires', 'Stores ou rideaux occultants', 'Fer à repasser', 'Étendoir à linge', 'Espace de rangement pour les vêtements\xa0: placard']}, {'Divertissement': ['Connexion Ethernet', 'Télévision']}, {'Famille': [""Livres et jouets pour enfants  (Jusqu'à 2\xa0ans, Entre 2 et 5\xa0ans, Entre 5 et 10\xa0ans et Plus de 10\xa0ans)"", 'Grilles de fenêtre']}, {'Chauffage et climatisation': ['Climatisation', 'Chauffage']}, {'Sécurité à la maison': ['Extincteur', 'Trousse de premiers secours']}, {'Internet et bureau': ['Wifi']}, {'Cuisine et salle à manger': ['Cuisine', 'Réfrigérateur', 'Four à micro-ondes', 'Tout le nécessaire pour cuisiner', 'Vaisselle et couverts', 'Congélateur', 'Lave-vaisselle', 'Cuisinière', 'Four', 'Bouilloire électrique', 'Cafetière', 'Grille-pain', 'Compacteur de déchets', 'Table à manger']}, {'Extérieur': ['Privé\xa0: patio ou balcon']}, {'Parking et installations': ['Stationnement gratuit sur place', 'Stationnement gratuit dans la rue', 'Ascenseur']}, {'Services': ['Séjours longue durée autorisés', 'Arrivée autonome', 'Serrure numérique']}]"
id,url,description,title,overview,items,amenities
1557279751149585485,https://fr.airbnb.com/rooms/1557279751149585485,"Séjournez dans un appartement élégant idéalement situé au cœur de Casablanca Finance Citv (CFC), En Face d'AERIA Mall.<br />Pensé pour le confort et la productivité. l'appartement offre un espace lumineux et soigneusement aménagé, une cuisine entièrement équipée et un balcon avec vue dégagée, parfait pour se détendre après une Journée de travail. Vous bénéficiez d'un environnement calme. moderne et sécurisé, à proximité immédiate des sièges d'entreprises, restaurants et commodités.<br />salle de sport",Penthouses vue panoramique Jacuzzi 10ème étage.,"Logement entier : résidence de tourisme - Casablanca, Maroc","['4 voyageurs', '1 chambre', '1 lit', '1\xa0salle de bain']","[{'Vues panoramiques': ['Vue panoramique sur la ville']}, {'Salle de bain': ['Sèche-cheveux', 'Produits de nettoyage', 'Shampoing', 'Eau chaude', 'Gel douche']}, {'Chambre et linge': ['Lave-linge', 'Sèche-linge', 'Produits de base', 'Cintres', 'Linge de lit', 'Oreillers et couvertures supplémentaires', 'Fer à repasser', 'Étendoir à linge', 'Espace de rangement pour les vêtements']}, {'Divertissement': ['Télévision', 'Système audio', 'Appareils de fitness']}, {'Famille': ['Lit pour bébé', 'Vaisselle pour enfants']}, {'Chauffage et climatisation': ['Climatisation', 'Chauffage']}, {'Sécurité à la maison': ['Détecteur de fumée', 'Extincteur', 'Trousse de premiers secours']}, {'Internet et bureau': ['Wifi', 'Espace de travail dédié']}, {'Cuisine et salle à manger': ['Cuisine', 'Réfrigérateur', 'Four à micro-ondes', 'Tout le nécessaire pour cuisiner', 'Vaisselle et couverts', 'Cuisinière', 'Four', 'Bouilloire électrique', 'Cafetière', 'Verres à vin', 'Grille-pain', 'Plaques de cuisson', 'Blender', 'Compacteur de déchets', 'Ustensiles de barbecue', 'Table à manger', 'Café', 'Machine à pain']}, {""Caractéristiques de l'emplacement"": ['Entrée privée']}, {'Extérieur': [""Mobilier d'extérieur"", 'Espace repas en plein air', 'Barbecue']}, {'Parking et installations': ['Stationnement gratuit sur place', 'Jacuzzi', 'Ascenseur', 'Salle de sport partagée']}, {'Services': ['Animaux acceptés', 'Dépôt de bagages autorisé', 'Séjours longue durée autorisés', 'Arrivée autonome', 'Serrure numérique', 'Service de ménage disponible 3\xa0jours par semaine']}]"
id,url,title,description,overview,items,amenities
1582141276894049405,https://fr.airbnb.com/rooms/1582141276894049405,Appartement ensoleillé 1 chambre • Balcon • Parking • Wi-Fi fibre,"Studio moderne situé à la Résidence Luxoria neuve, chic et sécurisée dans le quartier prisé de l’Oasis à Casablanca, dans le même immeuble que le Théâtre Diwane Arts.<br /><br />Emplacement idéal entre Gare Oasis et Casablanca Finance City, avec accès rapide à l’autoroute et grands axes.<br /><br />Salon cosy avec Smart TV 70 pouces, Wi-Fi haut débit , cuisine équipée, chambre avec lit queen size confortable, linge de lit premium, salle de bain avec douche italienne.<br /><br />3 voyageurs max. <br />Parking sécurisé disponible.","Logement entier : appartement - Casablanca, Maroc","['3 voyageurs', '1 chambre', '1 lit', '1\xa0salle de bain']","[{'Salle de bain': ['Sèche-cheveux', 'Produits de nettoyage', 'Shampoing', 'Après-shampoing', 'Savon pour le corps', 'Bidet', 'Eau chaude', 'Gel douche']}, {'Chambre et linge': ['Lave-linge', 'Sèche-linge (Gratuit) dans le logement', 'Produits de base', 'Cintres', 'Linge de lit', 'Oreillers et couvertures supplémentaires', 'Stores ou rideaux occultants', 'Fer à repasser', 'Étendoir à linge', 'Espace de rangement pour les vêtements\xa0: placard']}, {'Divertissement': ['Connexion Ethernet', 'Télévision', 'Pièce à thème']}, {'Famille': ['Livres et jouets pour enfants', 'Jeux de société']}, {'Chauffage et climatisation': ['Climatisation', 'Chauffage\xa0: système split sans évacuation']}, {'Sécurité à la maison': ['Détecteur de fumée', 'Extincteur', 'Trousse de premiers secours']}, {'Internet et bureau': ['Wifi']}, {'Cuisine et salle à manger': ['Réfrigérateur', 'Four à micro-ondes', 'Tout le nécessaire pour cuisiner', 'Vaisselle et couverts', 'Congélateur', 'Cuisinière électrique Other', 'Bouilloire électrique', 'Cafetière\xa0: Nespresso', 'Grille-pain', 'Plaques de cuisson', 'Compacteur de déchets', 'Ustensiles de barbecue', 'Kitchenette', 'Table à manger', 'Café']}, {""Caractéristiques de l'emplacement"": ['Entrée privée']}, {'Extérieur': ['Privé\xa0: patio ou balcon', ""Mobilier d'extérieur"", 'Espace repas en plein air', 'Barbecue privé\xa0: au charbon de bois, à bois']}, {'Parking et installations': ['Stationnement gratuit sur place', 'Stationnement gratuit dans la rue', 'Ascenseur', 'Stationnement payant sur place', 'Portier', 'Résidence protégée']}, {'Services': ['Animaux acceptés', 'Dépôt de bagages autorisé', 'Petit-déjeuner', 'Logement fumeur', 'Séjours longue durée autorisés', 'Arrivée autonome', 'Serrure connectée', 'Ménage disponible pendant le séjour']}]"
id,url,title,description,overview,items,amenities
1155175399598181480,https://fr.airbnb.com/rooms/1155175399598181480,Trouvez le meilleur hébergement près de l'aéroport,"Ce logement paisible offre un séjour détente pour toute la famille, Situé à proximité  de l'aéroport Mohamed 5 a 2km, l'appartement se trouve dans une résidence calme entouré de forêt et ayant un micro climat qui favorise le repos et la relaxation. il dispose de tout ce qu'il faut pour un séjour en famille ou en couple avec une capacité d'accueillir 4 personnes, cet appartement moderne dispose de tous les équipements pour se relaxer suite a un vol, Plusieurs commerces a proximité.","Logement entier : appartement - Nouaceur, Maroc","['4 voyageurs', '1 chambre', '1 lit', '2\xa0salles de bain']","[{'Salle de bain': ['Sèche-cheveux', 'Produits de nettoyage', 'Shampoing', 'Après-shampoing', 'Savon pour le corps', 'Eau chaude', 'Gel douche']}, {'Chambre et linge': ['Produits de base', 'Cintres', 'Linge de lit', 'Oreillers et couvertures supplémentaires', 'Stores ou rideaux occultants', 'Fer à repasser', 'Espace de rangement pour les vêtements']}, {'Divertissement': ['TV HD 50\xa0pouces']}, {'Chauffage et climatisation': [""Chauffage d'appoint""]}, {'Sécurité à la maison': ['Détecteur de fumée']}, {'Internet et bureau': ['Wifi']}, {'Cuisine et salle à manger': ['Cuisine', 'Réfrigérateur', 'Tout le nécessaire pour cuisiner', 'Vaisselle et couverts', 'Congélateur', 'Cuisinière', 'Four Double', 'Bouilloire électrique', 'Cafetière', 'Verres à vin', 'Grille-pain', 'Compacteur de déchets', 'Table à manger', 'Café']}, {'Parking et installations': ['Stationnement gratuit sur place', 'Stationnement gratuit dans la rue', 'Ascenseur', 'Logement de plain-pied']}, {'Services': ['Animaux acceptés', 'Arrivée autonome', 'Boîte à clé sécurisée']}]"
id,url,description,title,overview,items,amenities
1435409296651082768,https://fr.airbnb.com/rooms/1435409296651082768,"Bienvenue dans votre élégante escapade au cœur de la Bourgogne, Casablanca, conçue pour le confort, le calme et la connexion.<br />Ce studio bien aménagé est idéal pour les voyageurs en solo ou les couples mariés qui cherchent à explorer la ville en toute simplicité.<br /><br />✔ Lit Queen Size confortable<br />✔ Télévision connectée + Wi-Fi haut débit<br />✔ Kitchenette entièrement équipée<br />✔ Coin repas pour deux<br />Accès par✔ ascenseur<br />Assistance ✔ 24h/24 et 7j/7 de l'équipe GoodMove",GoodMove | Studio urbain élégant en Bourgogne,"Logement entier : appartement - Casablanca, Maroc","['3 voyageurs', '1 chambre', '1 lit', '1\xa0salle de bain']","[{'Salle de bain': ['Sèche-cheveux', 'Produits de nettoyage', 'Shampoing', 'Savon pour le corps', 'Gel douche']}, {'Chambre et linge': ['Lave-linge', 'Sèche-linge', 'Cintres', 'Linge de lit', 'Oreillers et couvertures supplémentaires', 'Stores ou rideaux occultants', 'Fer à repasser', 'Étendoir à linge', 'Moustiquaire', 'Espace de rangement pour les vêtements']}, {'Divertissement': ['Télévision']}, {'Famille': ['Lit pour bébé', 'Chaise haute']}, {'Chauffage et climatisation': ['Climatisation', 'Chauffage']}, {'Internet et bureau': ['Wifi', 'Espace de travail dédié']}, {'Cuisine et salle à manger': ['Cuisine', 'Réfrigérateur', 'Four à micro-ondes', 'Tout le nécessaire pour cuisiner', 'Vaisselle et couverts', 'Congélateur', 'Cuisinière', 'Four', 'Bouilloire électrique', 'Cafetière', 'Blender', 'Compacteur de déchets', 'Table à manger', 'Café']}, {""Caractéristiques de l'emplacement"": ['Entrée privée']}, {'Parking et installations': ['Stationnement gratuit sur place', 'Ascenseur']}, {'Services': ['Animaux acceptés', 'Dépôt de bagages autorisé', 'Séjours longue durée autorisés', 'Arrivée autonome', ""Personnel de l'immeuble"", 'Ménage disponible pendant le séjour']}]"
id,url,description,title,overview,items,amenities
1210828535789910555,https://fr.airbnb.com/rooms/1210828535789910555,"Tout nouveau studio entièrement équipé à Palmier. <br />Situé au 3e étage d'un immeuble neuf de 4 étages orienté plein sud, le studio dispose d'un parking, d'un ascenseur et de la climatisation.",Appartement ensoleillé au cœur de Palmier,"Logement entier : appartement - Casablanca, Maroc","['2 voyageurs', '1 chambre', '1 lit', '1\xa0salle de bain']","[{'Salle de bain': ['Eau chaude']}, {'Chambre et linge': ['Lave-linge']}, {'Divertissement': ['Télévision']}, {'Chauffage et climatisation': ['Climatisation']}, {'Sécurité à la maison': ['Détecteur de fumée']}, {'Internet et bureau': ['Wifi', 'Espace de travail dédié']}, {'Cuisine et salle à manger': ['Cuisine']}, {'Extérieur': ['Espace repas en plein air']}, {'Parking et installations': ['Stationnement gratuit sur place']}]"
id,url,title,description,overview,items,amenities
1518325466839417219,https://fr.airbnb.com/rooms/1518325466839417219,élégant studio près de la gare tgv albert luxe 1,"✨ Studio moderne & cosy au cœur de Casablanca – Boulevard Émile Zola<br />🚆 À 1 min du TGV Casa Voyageurs | 🚋 Tramway juste en face<br />🌇 Proche du quartier Centre-Ville & Maarif<br />🚗 Parking inclus | 🌿 Calme & lumineux | ☀️ Balcon privé<br />📺 Netflix/IPTV | 📶 Wifi rapide fibre | ❄️ Clim centrale<br />💼 Espace de travail | 🎁 Pack de bienvenue offert<br />Idéal pour 1 à 3 voyageurs – séjour professionnel, escapade en couple ou télétravail.<br />Réservez votre parenthèse urbaine à Casablanca ! 🌟","Logement entier : appartement - Casablanca, Maroc","['3 voyageurs', '1 chambre', '2 lits', '1\xa0salle de bain']","[{'Salle de bain': ['Produits de nettoyage', 'Shampoing', 'Après-shampoing', 'Savon pour le corps', 'Eau chaude', 'Gel douche']}, {'Chambre et linge': ['Lave-linge', 'Produits de base', 'Cintres', 'Linge de lit', 'Oreillers et couvertures supplémentaires', 'Stores ou rideaux occultants', 'Fer à repasser', 'Étendoir à linge', 'Coffre-fort', 'Espace de rangement pour les vêtements\xa0: placard et commode']}, {'Divertissement': ['Télévision']}, {'Famille': ['Chaise haute\xa0: toujours dans le logement']}, {'Chauffage et climatisation': ['Climatisation', 'Ventilateur au plafond', 'Chauffage central']}, {'Sécurité à la maison': ['Caméras de surveillance extérieures présentes sur place', 'Trousse de premiers secours']}, {'Internet et bureau': ['Wifi']}, {'Cuisine et salle à manger': ['Cuisine', 'Réfrigérateur', 'Four à micro-ondes', 'Tout le nécessaire pour cuisiner', 'Vaisselle et couverts', 'Congélateur', 'Cuisinière Other', 'Four', 'Bouilloire électrique', 'Cafetière\xa0: machine à expresso', 'Verres à vin', 'Plaques de cuisson', 'Blender', 'Table à manger', 'Café']}, {""Caractéristiques de l'emplacement"": ['Entrée privée']}, {'Extérieur': ['Privé\xa0: patio ou balcon', ""Mobilier d'extérieur"", 'Espace repas en plein air']}, {'Parking et installations': ['Stationnement gratuit sur place', 'Ascenseur', ""Stationnement payant à l'extérieur de la propriété""]}, {'Services': ['Dépôt de bagages autorisé', 'Séjours longue durée autorisés', 'Arrivée autonome', 'Boîte à clé sécurisée', 'Service de ménage\xa0: disponible moyennant un supplément']}]"
id,url,title,description,overview,items,amenities
1557909701934160568,https://fr.airbnb.com/rooms/1557909701934160568,"Premium CFC Anfa Park | Balcon, toit-terrasse et salle de sport","Bienvenue chez Daily Living ! 🌟<br />Séjournez dans ce magnifique appartement premium (45 m²) situé au 1er étage, au cœur de Casablanca Finance City (CFC) et d'Anfa Park.<br /><br />Idéal pour les voyages d'affaires ou les couples, ce havre de paix absolu offre le confort d'un hôtel haut de gamme. Profitez de votre balcon calme avec vue sur le jardin de la résidence, du Wi-Fi 100 Mb/s, et d'un accès exclusif au Coworking, Rooftop et Salle de sport. Parking privé inclus. Votre séjour parfait à Casa !","Logement entier : appartement - Casablanca, Maroc","['4 voyageurs', '1 chambre', '2 lits', '1\xa0salle de bain']","[{'Salle de bain': ['Produits de nettoyage', 'Savon pour le corps', 'Bidet', 'Eau chaude']}, {'Chambre et linge': ['Lave-linge', 'Sèche-linge (Gratuit) dans le bâtiment', 'Cintres', 'Linge de lit', 'Oreillers et couvertures supplémentaires', 'Étendoir à linge', 'Espace de rangement pour les vêtements\xa0: placard']}, {'Divertissement': ['Connexion Ethernet', 'Télévision', 'Appareils de fitness']}, {'Chauffage et climatisation': ['Climatisation', 'Chauffage central']}, {'Sécurité à la maison': ['Caméras de surveillance extérieures présentes sur place']}, {'Internet et bureau': ['Wifi', 'Espace de travail dédié']}, {'Cuisine et salle à manger': ['Cuisine', 'Réfrigérateur', 'Tout le nécessaire pour cuisiner', 'Congélateur', 'Cuisinière', 'Four', 'Bouilloire électrique', 'Cafetière', 'Compacteur de déchets', 'Table à manger']}, {""Caractéristiques de l'emplacement"": ['Entrée privée']}, {'Extérieur': ['Privé\xa0: patio ou balcon', 'Jardin']}, {'Parking et installations': ['Stationnement gratuit sur place', 'Ascenseur', 'Salle de sport partagée dans le bâtiment']}, {'Services': ['Séjours longue durée autorisés', 'Arrivée autonome', 'Serrure numérique', 'Ménage disponible pendant le séjour']}]"
id,url,title,description,overview,items,amenities
1314538578558565606,https://fr.airbnb.com/rooms/1314538578558565606,Moderne et confortable 3 chambres | avec terrasse | Joyau du centre-ville,"Stylish & Sophisticated 3BR in Central Ziraoui<br /><br />Bienvenue chez Modern & Cosy Condos ✨<br />Magnifique appartement 3 chambres situé au 5ème étage avec ascenseur, résidence Plaisance, rue Lahcen Al Basri 📍<br />Spacieux, moderne et très stylé 🤍<br />Suite parentale avec douche + baignoire 🛁<br />Deuxième suite + 3ème chambre 🛏️<br />Salle de bain invités 🚿<br />Salon ouvert, salle à manger et cuisine américaine équipée 🍽️<br />Salle de sport 🏋️‍♂️<br />Grande terrasse ensoleillée et aménagée ☀️🌿","Logement entier : appartement - Casablanca, Maroc","['6 voyageurs', '3 chambres', '3 lits', '3\xa0salles de bain']","[{'Salle de bain': ['Baignoire', 'Sèche-cheveux', 'Produits de nettoyage', 'Savon pour le corps', 'Bidet', 'Eau chaude', 'Gel douche']}, {'Chambre et linge': ['Lave-linge', 'Linge de lit', 'Stores ou rideaux occultants', 'Fer à repasser', 'Étendoir à linge']}, {'Divertissement': ['Connexion Ethernet', 'Télévision', 'Appareils de fitness', 'Livres et de quoi lire']}, {'Famille': ['Lit parapluie']}, {'Chauffage et climatisation': ['Climatisation', 'Chauffage']}, {'Internet et bureau': ['Wifi', 'Espace de travail dédié']}, {'Cuisine et salle à manger': ['Cuisine', 'Réfrigérateur', 'Four à micro-ondes', 'Tout le nécessaire pour cuisiner', 'Vaisselle et couverts', 'Congélateur', 'Lave-vaisselle', 'Cuisinière', 'Four', 'Bouilloire électrique', 'Cafetière', 'Verres à vin', 'Grille-pain', 'Blender', 'Table à manger', 'Café']}, {'Extérieur': [""Mobilier d'extérieur"", 'Espace repas en plein air', 'Chaises longues']}, {'Parking et installations': ['Stationnement gratuit sur place', 'Ascenseur', 'Salle de sport privée']}, {'Services': ['Séjours longue durée autorisés', 'Arrivée autonome', 'Serrure connectée', 'Service de ménage disponible de 10:00 à 15:00, Lundi, Mercredi, Vendredi\xa0: disponible moyennant un supplément']}]"
id,url,description,title,overview,items,amenities
1231382815913934482,https://fr.airbnb.com/rooms/1231382815913934482,"Découvrez le summum du luxe moderne dans cet appartement sophistiqué de Casa Finance City. Avec son design élégant, sa cuisine complète, ses deux salles de bain modernes, et sa terrasse privée, chaque détail est pensé pour un confort exceptionnel. Offrez vous une expérience urbaine inégalée avec                                                                       « Luxe Urbaine à Casa Finance city ».",Élégance Urbaine Casa Finance,"Logement entier : appartement - Casablanca, Maroc","['6 voyageurs', '2 chambres', '3 lits', '2\xa0salles de bain']","[{'Salle de bain': ['Produits de nettoyage', 'Shampoing', 'Savon pour le corps', 'Eau chaude', 'Gel douche']}, {'Chambre et linge': ['Lave-linge', 'Cintres', 'Linge de lit', 'Oreillers et couvertures supplémentaires', 'Fer à repasser', 'Espace de rangement pour les vêtements\xa0: dressing, placard, armoire et commode']}, {'Divertissement': ['Télévision', 'Appareils de fitness']}, {'Famille': ['Lit pour bébé\xa0: toujours dans le logement']}, {'Chauffage et climatisation': ['Climatisation', 'Chauffage']}, {'Sécurité à la maison': ['Détecteur de fumée', 'Extincteur', 'Trousse de premiers secours']}, {'Internet et bureau': ['Wifi', 'Espace de travail dédié']}, {'Cuisine et salle à manger': ['Cuisine', 'Réfrigérateur Bosh', 'Four à micro-ondes', 'Tout le nécessaire pour cuisiner', 'Vaisselle et couverts', 'Congélateur', 'Lave-vaisselle', 'Cuisinière à gaz Other', 'Four en acier inoxydable', 'Bouilloire électrique', 'Cafetière\xa0: machine à expresso', 'Verres à vin', 'Plaques de cuisson', 'Table à manger', 'Café']}, {'Parking et installations': ['Stationnement gratuit sur place', 'Stationnement gratuit dans la rue', 'Ascenseur', 'Salle de sport dans le bâtiment']}, {'Services': ['Animaux acceptés', 'Séjours longue durée autorisés', 'Arrivée autonome', 'Serrure numérique', 'Ménage disponible pendant le séjour']}]"
id,url,title,description,overview,items,amenities
1710810419756850892,https://fr.airbnb.com/rooms/1710810419756850892,Princesses 1 chambre| Jacuzzi+Terrasses+Parking |MS STAYS,"Profitez d'un séjour haut de gamme à Casablanca dans cet élégant studio design avec deux terrasses spacieuses, un jacuzzi privé, une connexion Wi-Fi haut débit, une télévision connectée avec Netflix et une serrure connectée pour une arrivée autonome sans souci, situé dans le quartier des Princesses.<br /><br />Parfait pour les voyageurs d'affaires, les voyageurs en solo ou les couples. <br /><br />Profitez d'un espace de vie élégant, de linge de maison haut de gamme et d'une kitchenette entièrement équipée. <br /><br />Géré par MS STAYS, avec un nettoyage de qualité hôtelière et de l'eau, du café, du thé et des friandises gratuits.","Logement entier : appartement - Casablanca, Maroc","['3 voyageurs', '1 chambre', '1 lit', '1\xa0salle de bain']","[{'Salle de bain': ['Baignoire', 'Sèche-cheveux', 'Produits de nettoyage', 'Shampoing', 'Savon pour le corps', 'Douche extérieure', 'Eau chaude', 'Gel douche']}, {'Chambre et linge': ['Lave-linge', 'Sèche-linge', 'Produits de base', 'Cintres', 'Linge de lit', 'Oreillers et couvertures supplémentaires', 'Stores ou rideaux occultants', 'Fer à repasser', 'Étendoir à linge', 'Espace de rangement pour les vêtements']}, {'Divertissement': ['Connexion Ethernet', 'Télévision']}, {'Famille': ['Grilles de fenêtre']}, {'Chauffage et climatisation': ['Climatisation', 'Ventilateur au plafond', 'Chauffage']}, {'Sécurité à la maison': ['Détecteur de fumée']}, {'Internet et bureau': ['Wifi']}, {'Cuisine et salle à manger': ['Cuisine', 'Réfrigérateur', 'Tout le nécessaire pour cuisiner', 'Vaisselle et couverts', 'Congélateur', 'Cuisinière', 'Four', 'Bouilloire électrique', 'Cafetière', 'Verres à vin', 'Grille-pain', 'Blender', 'Table à manger', 'Café']}, {""Caractéristiques de l'emplacement"": ['Laverie automatique à proximité']}, {'Extérieur': ['Patio ou balcon', ""Mobilier d'extérieur"", 'Espace repas en plein air']}, {'Parking et installations': ['Stationnement gratuit sur place', 'Stationnement gratuit dans la rue', 'Jacuzzi', 'Ascenseur']}, {'Services': ['Dépôt de bagages autorisé', 'Séjours longue durée autorisés', 'Ménage disponible pendant le séjour']}]"
id,url,description,title,overview,items,amenities
1646172756095943941,https://fr.airbnb.com/rooms/1646172756095943941,"Studio cosy et moderne entièrement équipé avec tout le confort nécessaire, situé dans une résidence propre, sécurisée et calme au cœur de Maarif. L'appartement dispose d'une cuisine entièrement équipée, d'un salon confortable, du Wi-Fi haut débit, d'une télévision connectée, de la climatisation centralisée, d'un accès à l'ascenseur et d'un accès au garage privé avec télécommande.<br />Idéalement situé à proximité de tout, il est parfait pour les séjours d'affaires comme pour les séjours de loisirs.<br />Vous êtes les bienvenus et nous nous ferons un plaisir de vous accueillir pendant votre séjour.",Studio moderne et cosy à Maarif,"Logement entier : appartement - Casablanca, Maroc","['3 voyageurs', '1 chambre', '1 lit', '1\xa0salle de bain']","[{'Salle de bain': ['Eau chaude']}, {'Chambre et linge': ['Lave-linge', 'Produits de base', 'Cintres', 'Linge de lit', 'Oreillers et couvertures supplémentaires', 'Stores ou rideaux occultants', 'Fer à repasser', 'Espace de rangement pour les vêtements\xa0: placard']}, {'Divertissement': ['Télévision']}, {'Chauffage et climatisation': ['Climatisation', 'Chauffage central']}, {'Sécurité à la maison': ['Caméras de surveillance extérieures présentes sur place', 'Extincteur']}, {'Internet et bureau': ['Wifi', 'Espace de travail dédié']}, {'Cuisine et salle à manger': ['Cuisine', 'Réfrigérateur arthur martin ', 'Tout le nécessaire pour cuisiner', 'Vaisselle et couverts', 'Congélateur', 'Bouilloire électrique', 'Cafetière\xa0: machine à expresso', 'Verres à vin', 'Blender', 'Compacteur de déchets', 'Table à manger', 'Café']}, {""Caractéristiques de l'emplacement"": ['Laverie automatique à proximité']}, {'Extérieur': [""Mobilier d'extérieur"", 'Espace repas en plein air']}, {'Parking et installations': ['Stationnement gratuit sur place', 'Stationnement gratuit dans la rue', 'Ascenseur']}, {'Services': ['Arrivée autonome', 'Serrure numérique', 'Service de ménage disponible tous les jours\xa0: disponible moyennant un supplément']}]"
id,url,title,description,overview,items,amenities
1688772078265818003,https://fr.airbnb.com/rooms/1688772078265818003,Cocon Urbain Design (balcon et confort),"✨ Envie d’un séjour confortable au cœur de Casablanca ?<br />Bienvenue dans cet appartement moderne et lumineux situé à Racine Extension, l’un des quartiers les plus prisés de la ville.<br />Idéal pour un séjour en solo ou en couple, il allie design, confort et fonctionnalité.<br />Profitez d’un salon cosy, d’une chambre confortable et d’un agréable balcon, parfait pour prendre l’air et profiter d’un moment de calme.<br />Un cadre pratique, apaisant et entièrement équipé. 🏙️🌿","Logement entier : appartement - Casablanca, Maroc","['3 voyageurs', '1 chambre', '1 lit', '1\xa0salle de bain']","[{'Salle de bain': ['Sèche-cheveux', 'Produits de nettoyage', 'Eau chaude']}, {'Chambre et linge': ['Lave-linge', 'Produits de base', 'Cintres', 'Linge de lit', 'Oreillers et couvertures supplémentaires', 'Stores ou rideaux occultants', 'Fer à repasser', 'Étendoir à linge', 'Espace de rangement pour les vêtements\xa0: placard']}, {'Divertissement': ['Télévision']}, {'Chauffage et climatisation': ['Climatisation', 'Chauffage']}, {'Sécurité à la maison': ['Caméras de surveillance extérieures présentes sur place']}, {'Internet et bureau': ['Wifi', 'Espace de travail dédié']}, {'Cuisine et salle à manger': ['Cuisine', 'Réfrigérateur', 'Tout le nécessaire pour cuisiner', 'Vaisselle et couverts', 'Congélateur', 'Cuisinière électrique Other', 'Four', 'Bouilloire électrique', 'Cafetière', 'Table à manger', 'Café']}, {'Extérieur': ['Privé\xa0: patio ou balcon']}, {'Parking et installations': ['Stationnement gratuit sur place', 'Stationnement gratuit dans la rue', 'Salle de sport partagée dans le bâtiment', 'Portier', 'Résidence protégée']}, {'Services': ['Animaux acceptés', 'Logement fumeur', 'Séjours longue durée autorisés', 'Arrivée autonome', 'Serrure numérique', 'Service de ménage disponible de 10:00 à 16:00, tous les jours\xa0: disponible moyennant un supplément']}]"
id,url,title,description,overview,items,amenities
1702283759050371938,https://fr.airbnb.com/rooms/1702283759050371938,Élégant 2 Chambres CFC | Piscine & Salle de Sport,"À la Recherche d'un Appartement de luxe  avec le confort d'un Hôtel Étoilé  en plein CFC ?<br /><br />Découvrez un appartement de luxe 2 chambres situé au cœur du quartier prisé CFC, au 9ᵉ étage. Lumineux et élégamment meublé, il offre une vue dégagée exceptionnelle, un salon raffiné, une cuisine entièrement équipée et des chambres confortables avec literie haut de gamme. avec accès piscine et salle de sport, à proximité des bureaux, restaurants et commodités. Confort, calme et standing au rendez-vous.","Logement entier : appartement - Casablanca, Maroc","['5 voyageurs', '2 chambres', '2 lits', '2\xa0salles de bain']","[{'Vues panoramiques': ['Vue panoramique sur la ville', 'Vue sur le parc']}, {'Salle de bain': ['Baignoire', 'Sèche-cheveux', 'Produits de nettoyage', 'Shampoing', 'Après-shampoing', 'Savon pour le corps', 'Eau chaude', 'Gel douche']}, {'Chambre et linge': ['Lave-linge', 'Produits de base', 'Cintres', 'Linge de lit', 'Oreillers et couvertures supplémentaires', 'Stores ou rideaux occultants', 'Fer à repasser', 'Étendoir à linge', 'Coffre-fort', 'Espace de rangement pour les vêtements\xa0: dressing, placard et armoire']}, {'Divertissement': ['Télévision', 'Appareils de fitness\xa0: vélo elliptique, poids et haltères, tapis de course, banc de musculation', 'Livres et de quoi lire']}, {'Famille': ['Lit pour bébé', 'Lit parapluie\xa0: disponible sur demande', 'Livres et jouets pour enfants', 'Salle de jeux pour enfants', 'Aire de jeux extérieure']}, {'Chauffage et climatisation': ['Climatisation', 'Chauffage']}, {'Sécurité à la maison': ['Caméras de surveillance extérieures présentes sur place', 'Détecteur de fumée', 'Détecteur de monoxyde de carbone', 'Extincteur']}, {'Internet et bureau': ['Wifi']}, {'Cuisine et salle à manger': ['Cuisine', 'Réfrigérateur', 'Tout le nécessaire pour cuisiner', 'Vaisselle et couverts', 'Congélateur', 'Lave-vaisselle', 'Cuisinière Other', 'Four', 'Bouilloire électrique', 'Cafetière\xa0: Nespresso', 'Grille-pain', 'Plaques de cuisson', 'Blender', 'Table à manger', 'Café']}, {'Extérieur': ['Privé\xa0: patio ou balcon', ""Mobilier d'extérieur"", 'Espace repas en plein air']}, {'Parking et installations': ['Stationnement gratuit sur place', 'Stationnement gratuit dans la rue', ""Piscine extérieure commune\xa0: disponible toute l'année, heures d'ouverture spécifiques"", 'Ascenseur', 'Salle de sport partagée dans le bâtiment', 'Logement de plain-pied', 'Résidence protégée', 'Compost', 'Recyclage']}, {'Services': ['Séjours longue durée autorisés']}]"
id,url,title,description,overview,items,amenities
1432074028798850937,https://fr.airbnb.com/rooms/1432074028798850937,Studio Terrasse Gauthier,Ce logement parfaitement situé offre un accès facile à tous les sites et commodités. 1 chambre 1 lit double et 1 lit terasse 1 salle de bain Salon au centre de Casablanca a Quartier Gauthier,"Logement entier : appartement - Casablanca, Maroc","['3 voyageurs', '1 chambre', '2 lits', '1\xa0salle de bain']","[{'Salle de bain': ['Sèche-cheveux', 'Produits de nettoyage', 'Shampoing', 'Savon pour le corps', 'Bidet', 'Douche extérieure', 'Eau chaude', 'Gel douche']}, {'Chambre et linge': ['Lave-linge', 'Cintres', 'Linge de lit', 'Stores ou rideaux occultants', 'Fer à repasser', 'Espace de rangement pour les vêtements']}, {'Divertissement': ['Télévision']}, {'Chauffage et climatisation': ['Climatisation', 'Chauffage']}, {'Internet et bureau': ['Wifi', 'Espace de travail dédié']}, {'Cuisine et salle à manger': ['Cuisine', 'Tout le nécessaire pour cuisiner', 'Congélateur', 'Lave-vaisselle', 'Cuisinière', 'Four', 'Cafetière', 'Verres à vin', 'Grille-pain', 'Plaques de cuisson', 'Blender', 'Cuiseur à riz', 'Compacteur de déchets']}, {'Extérieur': ['Espace repas en plein air']}, {'Parking et installations': ['Stationnement gratuit sur place']}, {'Services': ['Animaux acceptés', 'Arrivée autonome', 'Serrure numérique']}]"
id,url,title,description,overview,items,amenities
1610362088349592211,https://fr.airbnb.com/rooms/1610362088349592211,NEW 1BR Lux | Terrasse •Netflix• Wifi-Fibre•Calme,"🏠 Studio moderne et élégant au quartier 2 Mars – Casablanca, calme et sécurisé avec Parking privé Sous-Sol.<br /><br />🛋️ Séjour confortable et lumineux<br />🍳 Cuisine américaine équipée<br />🚿 Salle de bain moderne<br />🛏️ Lit double confortable <br />🏢 Immeuble propre<br />🚗 PARKING SOUS-SOL<br /><br />📍 Emplacement idéal :<br />☕ Cafés & commerces<br />🛒 Marjane Market, Bd Abdelmoumen<br />🏥 Proche cliniques & hôpitaux<br />🌆 5 min Maarif, Marina, Corniche<br /><br />✨ Parfait pour séjours touristiques, professionnels ou médicaux.","Logement entier : appartement en résidence - Casablanca, Maroc","['4 voyageurs', '1 chambre', '1 lit', '1\xa0salle de bain']","[{'Salle de bain': ['Sèche-cheveux', 'Produits de nettoyage', 'Shampoing', 'Après-shampoing', 'Savon pour le corps', 'Eau chaude', 'Gel douche']}, {'Chambre et linge': ['Lave-linge', 'Sèche-linge', 'Produits de base', 'Cintres', 'Linge de lit', 'Oreillers et couvertures supplémentaires', 'Stores ou rideaux occultants', 'Fer à repasser', 'Étendoir à linge', 'Espace de rangement pour les vêtements']}, {'Divertissement': ['Connexion Ethernet', 'Télévision']}, {'Famille': ['Vaisselle pour enfants', 'Caches-prises', 'Jeux de société']}, {'Chauffage et climatisation': ['Climatisation', 'Chauffage']}, {'Sécurité à la maison': ['Détecteur de monoxyde de carbone', 'Extincteur', 'Trousse de premiers secours']}, {'Internet et bureau': ['Wifi']}, {'Cuisine et salle à manger': ['Cuisine', 'Réfrigérateur', 'Tout le nécessaire pour cuisiner', 'Vaisselle et couverts', 'Congélateur', 'Cuisinière', 'Four', 'Bouilloire électrique', 'Cafetière', 'Verres à vin', 'Compacteur de déchets', 'Table à manger', 'Café']}, {""Caractéristiques de l'emplacement"": ['Entrée privée']}, {'Extérieur': ['Espace repas en plein air']}, {'Parking et installations': ['Stationnement gratuit sur place', 'Stationnement gratuit dans la rue', 'Ascenseur']}, {'Services': ['Séjours longue durée autorisés', 'Arrivée autonome', 'Serrure connectée']}]"
